<?xml version="1.0" encoding="utf-8"?>
<COLLADA xmlns="http://www.collada.org/2005/11/COLLADASchema" version="1.4.1" xmlns:xsi="http://www.w3.org/2001/XMLSchema-instance">
  <asset>
    <contributor>
      <author>Blender User</author>
      <authoring_tool>Blender 4.4.3 commit date:2025-04-29, commit time:14:09, hash:802179c51ccc</authoring_tool>
    </contributor>
    <created>2025-07-14T23:38:47</created>
    <modified>2025-07-14T23:38:47</modified>
    <unit name="meter" meter="1"/>
    <up_axis>Z_UP</up_axis>
  </asset>
  <library_effects>
    <effect id="portal_player_sheet-effect">
      <profile_COMMON>
        <newparam sid="portal_player_sheet-surface">
          <surface type="2D">
            <init_from>portal_player_sheet</init_from>
          </surface>
        </newparam>
        <newparam sid="portal_player_sheet-sampler">
          <sampler2D>
            <source>portal_player_sheet-surface</source>
          </sampler2D>
        </newparam>
        <technique sid="common">
          <lambert>
            <emission>
              <color sid="emission">0 0 0 1</color>
            </emission>
            <diffuse>
              <texture texture="portal_player_sheet-sampler" texcoord="UVMap"/>
            </diffuse>
            <index_of_refraction>
              <float sid="ior">1.5</float>
            </index_of_refraction>
          </lambert>
        </technique>
      </profile_COMMON>
    </effect>
  </library_effects>
  <library_images>
    <image id="portal_player_sheet" name="portal_player_sheet">
      <init_from>portal_player_sheet.png</init_from>
    </image>
  </library_images>
  <library_materials>
    <material id="portal_player_sheet-material" name="portal_player_sheet">
      <instance_effect url="#portal_player_sheet-effect"/>
    </material>
  </library_materials>
  <library_geometries>
    <geometry id="player_male_portal_player_mdl_Body_portal_player_reference_smd_-mesh" name="player\male_portal_player.mdl_Body_portal_player_reference.smd_">
      <mesh>
        <source id="player_male_portal_player_mdl_Body_portal_player_reference_smd_-mesh-positions">
          <float_array id="player_male_portal_player_mdl_Body_portal_player_reference_smd_-mesh-positions-array" count="8640">2.43084e-5 0.05606752 1.353765 0 0.04418218 1.364485 -0.009686291 0.04420208 1.364467 -0.04890125 -0.02930796 1.351004 -0.0533452 -0.02867352 1.336531 -0.05667614 -0.01403164 1.336058 -0.05138486 -0.0129835 1.350715 -0.05127149 0.002164185 1.350577 -0.04140484 -0.01296597 1.366265 -0.04123455 0.003477334 1.365865 -0.02843403 0.001415789 1.375646 -0.04107499 0.02228158 1.36288 -0.02395111 0.02039211 1.37463 -0.03567457 0.03465324 1.360409 -0.01908123 0.03149509 1.36964 -0.02806037 0.04535442 1.357036 -0.01532018 0.0391913 1.366527 -0.01557689 0.05449086 1.354363 0 0.06286454 1.343908 -0.01999813 0.06065762 1.345029 -0.02345573 0.06547492 1.330037 -0.05667614 0.001309692 1.335578 -0.05957746 -8.57875e-4 1.323437 -0.04658836 0.03962665 1.346454 -0.03572791 0.05152422 1.345356 -0.05154925 0.02371078 1.348026 -0.05667614 0.02392053 1.333397 -0.05909675 0.02249181 1.321445 -0.05964076 0.01816391 1.30319 -0.05233728 0.03967273 1.303408 -0.05286288 0.04141449 1.321349 -0.05099266 0.04272949 1.331774 -0.03965884 0.05580824 1.330737 -0.0595979 -0.006638765 1.302501 -0.04106283 0.05748194 1.320372 -0.04137372 0.05703282 1.303892 -0.04752993 0.03444391 1.282793 -0.05276292 0.01252955 1.283059 -0.04244363 0.02548086 1.265157 -0.04847657 0.01163977 1.270211 -0.04409849 0.01037842 1.23574 -0.03712439 0.02217531 1.237605 -0.03559231 0.02424496 1.210757 -0.02772468 0.03471261 1.238242 -0.02756637 0.03615075 1.213422 -0.01462554 0.04233533 1.236891 -0.01587408 0.04289019 1.214265 0 0.04295903 1.2157 -0.03790783 0.05224579 1.284887 -0.03174883 0.04243403 1.26539 -0.02868694 0.04078948 1.189542 -0.0166226 0.04675179 1.190031 0 0.04409646 1.234657 0 0.05645793 1.265946 -0.01618474 0.05403435 1.26517 -0.02184867 0.06408733 1.284537 -0.02366799 0.06826186 1.303799 -0.02439349 0.06748062 1.319851 0 0.06941086 1.32015 0 0.06703263 1.330401 0 0.0704773 1.304625 0 0.06623131 1.284419 0 0.0478965 1.18992 -0.01827752 0.05309659 1.176866 -0.03002303 0.04681265 1.17553 -0.03640991 0.0304917 1.187385 -0.04219198 0.0131784 1.207824 -0.04341888 0.001469314 1.205171 -0.04518562 -0.002934098 1.233194 -0.04146426 -0.007941484 1.201003 -0.04181724 -0.01484358 1.218433 -0.03231984 -0.02217501 1.207817 -0.03343445 -0.01671791 1.196767 -0.0273171 -0.02268278 1.194791 -0.03512442 -0.0124998 1.184861 -0.0345869 -0.0398187 1.208881 -0.02735215 -0.02787262 1.203961 -0.0389744 0.03928667 1.172667 -0.04361265 0.02812653 1.16913 -0.04205679 0.02109426 1.184313 -0.04489755 0.01205509 1.180637 -0.04285508 6.57318e-4 1.177208 -0.03605258 -0.009687066 1.172939 -0.0303421 -0.01660448 1.170897 -0.03197687 -0.01289963 1.152802 -0.02644801 -0.02282226 1.149654 -0.02570974 -0.02508848 1.161501 -0.01425075 -0.02906006 1.146328 -0.02457064 -0.02329725 1.168956 -0.0373404 -0.006554722 1.156296 -0.04354619 0.005634009 1.159721 -0.04627811 0.01676166 1.165326 -0.02946919 -0.01969289 1.183261 -0.02327382 -0.02403426 1.182446 -0.01227438 -0.03305476 1.166008 -0.01354026 -0.03251355 1.156564 -0.007248997 -0.03133755 1.145821 -0.006675243 -0.03491169 1.155209 -0.00554043 -0.0361526 1.165099 -0.01117771 -0.03635543 1.178961 -0.00541222 -0.03856742 1.17064 -0.005466818 -0.04059708 1.177378 -0.006688475 -0.04053896 1.184634 -0.007896065 -0.04127615 1.191905 0 -0.04228579 1.184987 0 -0.04324299 1.175232 0 -0.0397585 1.168751 0 -0.0374608 1.164522 0 -0.03679937 1.15618 0 -0.03309136 1.145551 0.006675243 -0.03491169 1.155209 0.007248997 -0.03133755 1.145821 0.0142737 -0.02906006 1.146328 0.01354026 -0.03251349 1.156564 0.02714663 -0.02282226 1.149654 0.02632004 -0.02508848 1.161501 0.02538967 -0.02329725 1.168956 0.01227694 -0.03305476 1.166008 0.00554043 -0.0361526 1.165099 0.00541222 -0.03856742 1.17064 0.005466818 -0.04059702 1.177378 0.006791114 -0.04053765 1.18464 0 -0.04225194 1.191403 0 -0.04817169 1.194404 -0.008886635 -0.04725021 1.195079 0 -0.07550203 1.195901 0.01120501 -0.03635543 1.178961 0.02023351 -0.08455222 1.230994 0.02089375 -0.08417999 1.224577 0.0161674 -0.08645963 1.223359 0.02140849 -0.0860266 1.2181 0.01149851 -0.09127503 1.217115 0.01185786 -0.09333032 1.211051 0 -0.09527117 1.210186 0 -0.09461355 1.204681 -0.0121293 -0.09268021 1.204564 0 -0.08950328 1.1991 0.01148182 -0.08787536 1.199768 0.009894669 -0.07353341 1.196525 0.008835971 -0.04725158 1.195079 0.008287131 -0.04127067 1.191915 0.01399582 -0.03760027 1.192286 0.03069138 -0.01969289 1.183261 0.03152304 -0.01660448 1.170897 0.02416616 -0.02403426 1.182446 0.02175962 -0.02786511 1.194306 0.01493084 -0.04471224 1.196727 0.0173608 -0.06913429 1.197131 0.0249626 -0.03407359 1.200888 0.02024447 -0.03951728 1.198755 0.02279692 -0.06260234 1.199123 0.01848471 -0.08110004 1.200911 0.01208609 -0.09268021 1.204564 0.02102142 -0.08779728 1.211984 0.0205776 -0.08648151 1.205397 0.02442759 -0.07185113 1.203322 0.0253995 -0.05383563 1.200577 0.02811306 -0.04485338 1.202467 0.02745205 -0.02787953 1.203995 0.02833938 -0.02271997 1.194796 0.03413748 -0.01674389 1.196769 0.03161138 -0.02213364 1.207813 0.04177188 -0.01484429 1.218436 0.02652812 -0.08130139 1.236085 0.02349376 -0.08310103 1.233108 0.01959627 -0.08592909 1.2356 0.02702879 -0.08034533 1.231273 0.02764356 -0.07936573 1.22676 0.02828496 -0.07974326 1.219787 0.02708816 -0.08006948 1.21343 0.0260353 -0.07792025 1.207304 0.02884817 -0.06504374 1.204823 0.03176152 -0.05616056 1.20646 0.03451269 -0.03981715 1.2089 0.03930354 -0.03331542 1.212103 0.03230887 -0.07549148 1.220873 0.03030544 -0.07193088 1.209708 0.03442233 -0.06351101 1.212771 0.0403369 -0.04997646 1.216248 0.04332667 -0.0403918 1.220039 0.0468772 -0.02875381 1.226464 0.04514861 -0.04206293 1.231683 0.04988211 -0.02905446 1.23795 0.04705381 -0.04387235 1.241162 0.05144375 -0.03067338 1.246119 0.04876905 -0.04697978 1.250917 0.05234634 -0.03162765 1.253335 0.050462 -0.04936403 1.260331 0.05251109 -0.03170061 1.261809 0.04572224 -0.02059948 1.230254 0.04171025 -0.02584612 1.216137 0.04121041 -0.05226892 1.227778 0.03657257 -0.06835114 1.223731 0.03606927 -0.07064545 1.23522 0.03157746 -0.07661247 1.235814 0.03703451 -0.07321846 1.247293 0.04253792 -0.05833959 1.248432 0.04648023 -0.06188553 1.259574 0.05082905 -0.05183601 1.270446 0.05365914 -0.03181213 1.27119 0.0499137 -0.05440264 1.278442 0.0459547 -0.06472873 1.278309 0.04329812 -0.06509596 1.289626 0.03987413 -0.0691595 1.285482 0.0407983 -0.05587095 1.238272 0.04770594 -0.05518829 1.290465 0.03870445 -0.0740121 1.256611 0.04224365 -0.06949239 1.257907 0.03072607 -0.07799577 1.246249 0.02442955 -0.08177012 1.245123 0.02559208 -0.08189398 1.24004 0.01990109 -0.08416503 1.255759 0.03033387 -0.07959252 1.256049 0.01780122 -0.08528113 1.252165 0.02997303 -0.0804547 1.266937 0.01958316 -0.08438163 1.26474 0.01393109 -0.0850569 1.258823 0.01193743 -0.08721441 1.25703 0.0171014 -0.08719992 1.248115 0.01986283 -0.08724546 1.241458 0.01691544 -0.08960604 1.242597 0.02156877 -0.08472567 1.236987 0.01973015 -0.08690947 1.238338 0.01657539 -0.09035408 1.239499 0.01313543 -0.09319478 1.240958 0.01315462 -0.09231197 1.244573 0.01017987 -0.09053236 1.252526 0.008315443 -0.08946007 1.256673 0.006799221 -0.1022716 1.262197 0.007859349 -0.09861725 1.261155 0.004346132 -0.0994814 1.259965 0.006830036 -0.09267485 1.260174 0.004517495 -0.09074831 1.258169 0.006040275 -0.09380513 1.252432 0.009949386 -0.09436595 1.245478 0.01027512 -0.09552145 1.241868 0.01222705 -0.09198117 1.238659 0.01547175 -0.08949714 1.238008 0.01878792 -0.08537524 1.23687 0.01458984 -0.08763962 1.236938 0.008865535 -0.09887957 1.263055 0.01098972 -0.09313857 1.260145 -0.002778649 -0.0937919 1.256923 6.53446e-6 -0.09460836 1.257109 1.55641e-5 -0.09426593 1.252936 0.003364622 -0.09449577 1.252713 0.002575874 -0.09377092 1.257189 0.002465426 -0.1000268 1.259354 0.003518998 -0.1047382 1.262247 0.007467448 -0.1037471 1.267237 0.00428915 -0.1069313 1.267025 -7.4261e-7 -0.1004802 1.259076 -0.01299256 -0.0949018 1.261997 -0.008858799 -0.09850013 1.26072 -0.01172232 -0.09320759 1.259597 -0.007066965 -0.09273838 1.259476 -0.004824221 -0.09079366 1.257632 -0.004679143 -0.09952437 1.259419 -0.002672791 -0.100046 1.25911 0 -0.1057575 1.262192 0 -0.1080662 1.266925 0.003043055 -0.1055185 1.274491 0.005309045 -0.1029097 1.274349 0.009686648 -0.09912246 1.267079 -0.009830355 -0.09891951 1.262448 -0.006977617 -0.1023154 1.261641 -0.003667712 -0.1047484 1.262118 -0.00418359 -0.1069346 1.266984 0 -0.1064004 1.274759 -0.003489553 -0.1055235 1.274428 0.0123676 -0.09524208 1.266622 0.0121712 -0.09483098 1.262664 0.007011532 -0.09795963 1.272867 0.003595769 -0.09749275 1.284097 0 -0.09917706 1.284532 -0.003595769 -0.09748268 1.284096 -0.005797445 -0.1029312 1.274076 -0.007694005 -0.1037837 1.266773 -0.009512424 -0.09917902 1.266237 -0.01329493 -0.0953325 1.265819 0.0150088 -0.0884183 1.264323 0.0138511 -0.08953142 1.259479 0.01115161 -0.08954584 1.256828 0 -0.0954532 1.290803 0.003710687 -0.09411084 1.290752 0.007147789 -0.09187191 1.282609 0.008927702 -0.09413474 1.269379 0.01144939 -0.08617806 1.270143 0.01455694 -0.08373498 1.263419 0.01393109 -0.0850569 1.258823 0.01193743 -0.08721441 1.25703 0.008315443 -0.08946007 1.256673 0.006389439 -0.08931708 1.289378 0.01579296 -0.08463001 1.270784 0 -0.08857917 1.300625 -0.004161596 -0.08956861 1.297702 -0.003710687 -0.09406918 1.290749 -0.008334159 -0.08680754 1.297802 -0.01015925 -0.08742082 1.30115 -0.005194008 -0.08863961 1.301006 0 -0.08902847 1.308196 0 -0.08260619 1.340094 0.01065862 -0.08539253 1.329152 0 -0.08573353 1.329401 0 -0.08843487 1.316171 0.005553007 -0.09035992 1.316651 -0.005734682 -0.08999174 1.308621 -0.01297175 -0.08923012 1.309092 -0.01751887 -0.08684122 1.303294 -0.01348614 -0.08318448 1.298825 -0.01030778 -0.08393746 1.296155 -0.00678265 -0.08665829 1.294019 -0.006409049 -0.08927208 1.289369 0 -0.07773047 1.351764 0.006508111 -0.07728183 1.351563 0.009440302 -0.08264744 1.339782 0.01185351 -0.08980798 1.316961 0.01942187 -0.08322346 1.328873 0.01751226 -0.08069175 1.339316 0.01565724 -0.07569503 1.351382 0.01315897 -0.06569403 1.362808 0 -0.06919789 1.362275 0.02092331 -0.05962622 1.36354 0.02131766 -0.08752518 1.316696 0.02616852 -0.0803976 1.327706 0.02465033 -0.07631659 1.33885 0.02331161 -0.07198041 1.350901 0.02758777 -0.05282562 1.364044 0.01109516 -0.05112898 1.371237 0 -0.05243653 1.371233 -0.01315897 -0.06569403 1.362808 -0.01109516 -0.05112898 1.371237 -0.02020472 -0.0453394 1.37127 -0.02758777 -0.05284363 1.364045 -0.03324836 -0.04307633 1.36474 -0.03150683 -0.0644803 1.350884 -0.03933906 -0.05181556 1.35204 0.03404051 -0.07024919 1.338336 -0.01991784 -0.06053137 1.363455 0.02020472 -0.04531878 1.371268 0.0327444 -0.04299759 1.364734 0.02563291 -0.03387147 1.372854 -0.03348457 -0.07023692 1.338317 -0.04061496 -0.05939972 1.338295 0.03858989 -0.03281879 1.364927 0.04890125 -0.02941626 1.351012 0.04045099 -0.05181884 1.35204 0.04836976 -0.04194819 1.33771 0.04061496 -0.05940443 1.338285 0.03150683 -0.06448018 1.350884 0.02810251 -0.01465994 1.374962 0.04140484 -0.01296985 1.366265 0.05138486 -0.01298403 1.350716 0.0533452 -0.0287187 1.336535 0.04951602 -0.04418444 1.327299 0.04210704 -0.0626437 1.329588 0.03596925 -0.07331156 1.32598 0.03668481 -0.07794606 1.314393 0.03172564 -0.08219611 1.315301 0.03704011 -0.07879769 1.305946 0.0317952 -0.08310776 1.307744 0.03056973 -0.08115506 1.302748 0.02651435 -0.08602547 1.30887 0.02495276 -0.08459317 1.303814 0.05667614 -0.01403164 1.336058 0.04123455 0.003477334 1.365865 0.04247903 -0.06414562 1.323306 0.04379606 -0.06629377 1.308309 0.04439365 -0.0664311 1.299901 0.0438314 -0.06605964 1.294489 0.04994589 -0.04840695 1.315963 0.0483011 -0.05345523 1.300797 0.03591316 -0.0776081 1.300929 0.05438637 -0.0318827 1.277132 0.05234646 -0.03972291 1.277692 0.05038237 -0.04449623 1.291218 0.05214923 -0.03526043 1.305335 0.05443972 -0.0306307 1.326228 0.05725294 -0.01575207 1.325376 0.05667614 0.001309692 1.335578 0.05127149 0.002164185 1.350577 0.05957746 -8.57875e-4 1.323437 0.05667614 0.02392053 1.333397 0.05909675 0.02249181 1.321445 0.05154925 0.02371078 1.348026 0.05099266 0.04272949 1.331774 0.04658836 0.03962665 1.346454 0.0595979 -0.006638765 1.302501 0.05964076 0.01816391 1.30319 0.05286288 0.04141449 1.321349 0.05634409 -0.01384913 1.277188 0.05813604 -0.01760494 1.288216 0.05794364 -0.01088255 1.287202 0.05705344 -0.003792643 1.289614 0.05655241 0.003719031 1.286644 0.0552206 0.008196711 1.277742 0.05276292 0.01252955 1.283059 0.05233728 0.03967273 1.303408 0.04106283 0.05748194 1.320372 0.05800962 -0.02105081 1.304521 0.04137372 0.05703282 1.303892 0.04107499 0.02228158 1.36288 0.03567457 0.03465324 1.360409 0.03572791 0.05152422 1.345356 0.03965884 0.05580824 1.330737 0.02439349 0.06748056 1.319851 0.02366799 0.06826186 1.303799 0.02100443 0.06410628 1.284777 0.03670185 0.05224597 1.284766 0.04752993 0.03444391 1.282793 0.04842978 0.01163977 1.270211 0.05394029 0.008165836 1.269308 0.05148911 0.003472268 1.260441 0.02806037 0.04535442 1.357036 0.04244363 0.02547752 1.265156 0.02345573 0.06547492 1.330037 0 0.0704773 1.304625 0 0.06941086 1.32015 0 0.06703263 1.330401 0.01999813 0.06065768 1.345029 0.01557689 0.05449086 1.354363 0.01532018 0.03919124 1.366527 0.01908123 0.03149509 1.36964 0.02395111 0.02039211 1.37463 0.02843403 0.001415789 1.375646 0.009686291 0.04420208 1.364467 0 0.04418218 1.364485 2.43084e-5 0.05606752 1.353765 0 0.06286454 1.343908 -0.4914497 0.04323601 0.6642425 -0.4874382 0.04917013 0.670616 -0.4928693 0.04302388 0.6708127 -0.4910253 0.03640657 0.6637181 -0.492192 0.03643137 0.6685198 -0.4841361 0.0578643 0.6716406 -0.486187 0.05750322 0.6772095 -0.4768776 0.06353598 0.6771733 -0.4829838 0.06438988 0.6926204 -0.4881337 0.05770206 0.6898012 -0.4893797 0.05034053 0.6888323 -0.494306 0.04256665 0.6868732 -0.4950236 0.03598845 0.6851533 -0.4950867 0.0424565 0.6933857 -0.4678112 0.02155935 0.7601291 -0.4659496 0.009951055 0.7406928 -0.4822966 0.01468908 0.7384993 -0.4839303 0.02645647 0.7413285 -0.4914615 0.01628291 0.7206741 -0.4927836 0.0267452 0.7236459 -0.4937408 0.01609963 0.7101767 -0.4939747 0.02665787 0.7121111 -0.4924463 0.04020136 0.7239803 -0.4925121 0.03607517 0.7137266 -0.4921179 0.0425443 0.713738 -0.4953801 0.03559964 0.6916998 -0.4891976 0.03419339 0.6825078 -0.4864478 0.03475052 0.6660835 -0.4820781 0.03543317 0.652147 -0.486551 0.03636837 0.6502707 -0.4886935 0.03266716 0.6900107 -0.4878427 0.03140532 0.7040687 -0.4973074 0.02495998 0.6950899 -0.4969941 0.01689666 0.6947071 -0.4908544 0.02854788 0.691852 -0.4947422 0.01756441 0.6719755 -0.4893351 0.01508295 0.6696979 -0.4944106 0.01797437 0.6673228 -0.4870526 0.01723152 0.6551703 -0.493202 0.01918083 0.654423 -0.48494 0.0202977 0.6508721 -0.4904536 0.02025753 0.6485661 -0.4930256 0.02605003 0.6556075 -0.4939545 0.02550208 0.6690303 -0.4893211 0.02817189 0.672117 -0.4944084 0.02532631 0.6732261 -0.4958005 0.02516669 0.6898012 -0.4960069 0.01652616 0.6886827 -0.4908192 0.01354193 0.690889 -0.4876068 0.01302987 0.7063038 -0.48494 0.0202977 0.6508721 -0.4842372 0.02528047 0.6518056 -0.4898445 0.02604389 0.6495403 -0.4885144 0.02933108 0.6577669 -0.4846603 0.01346176 0.7162289 -0.4747999 0.0126993 0.7293046 -0.4652047 0.01227551 0.7357715 -0.4600225 0.01203268 0.733312 -0.4547317 0.003204643 0.7385938 -0.4497492 0.008997023 0.7294029 -0.4506824 -8.77255e-4 0.7255312 -0.4480569 0.00278604 0.7203945 -0.4519414 -0.003442287 0.7150905 -0.4490643 4.26502e-4 0.7138008 -0.4534248 -0.004986941 0.7062782 -0.4513099 -1.37486e-4 0.7048248 -0.4551632 -0.006793856 0.6952653 -0.452854 -0.01242446 0.696134 -0.4509314 -0.01544952 0.6881539 -0.4495799 -0.01450991 0.695451 -0.4533828 -0.01108449 0.6881473 -0.4515181 -0.009894907 0.7067968 -0.449603 -0.008981168 0.7157493 -0.4486539 -0.00666511 0.7266623 -0.4509314 -0.01544952 0.6881539 -0.4464119 -0.01485407 0.6863451 -0.4492469 -0.008351504 0.6864904 -0.4501073 -0.002661764 0.6924319 -0.4524824 0.02593022 0.7805382 -0.4551171 0.0405904 0.7805874 -0.4438502 0.03949958 0.7934526 -0.4433293 0.02712041 0.7918267 -0.4460479 0.01549291 0.7771892 -0.4597985 0.01013696 0.7556673 -0.449158 0.003825426 0.7543476 -0.4484272 -0.002589583 0.7406018 -0.4418981 -0.009135842 0.7329081 -0.4438453 -0.01056981 0.7239681 -0.4449018 -0.01262187 0.715346 -0.4476376 -0.01283508 0.7060447 -0.4407747 -0.006944894 0.7406241 -0.4397262 0.003006398 0.7582266 -0.4464119 -0.01485407 0.6863451 -0.4450132 -0.0139048 0.6938809 -0.4419144 -0.01232796 0.7045364 -0.438737 -0.01262617 0.7134619 -0.4366605 -0.01061218 0.7214491 -0.433372 -0.008173882 0.73113 -0.432698 -0.006164729 0.7389107 -0.4312269 0.003250241 0.75537 -0.4340434 0.01411509 0.7719759 -0.4370587 0.01541191 0.7876173 -0.4445058 -0.006604552 0.6858034 -0.4492469 -0.008351504 0.6864904 -0.4427208 -0.01139205 0.6860232 -0.4408971 -0.009590029 0.6920804 -0.4372198 -0.008432447 0.7024229 -0.4347359 -0.00733751 0.7109432 -0.4322218 -0.004578173 0.7188053 -0.4286752 -0.001025915 0.7278681 -0.4264355 0.001386404 0.7345291 -0.4235488 0.01046544 0.7507319 -0.4242173 0.01659661 0.7664961 -0.4226888 0.01879805 0.7405821 -0.4445058 -0.006604552 0.6858034 -0.4420289 -0.002200126 0.6917672 -0.4391705 0.001402199 0.7009635 -0.4371646 -7.41639e-5 0.7106158 -0.4333727 0.002336859 0.7182124 -0.4288234 0.006926834 0.7254487 -0.4257428 0.01235753 0.7330393 -0.4276391 0.02202409 0.7335984 -0.4349088 0.01132822 0.7254865 -0.4388505 0.004266142 0.7183593 -0.4480569 0.00278604 0.7203945 -0.4446622 0.002140045 0.7028454 -0.4419155 0.003100156 0.7111948 -0.4497492 0.008997023 0.7294029 -0.4513953 0.02477502 0.7298708 -0.4490643 4.26502e-4 0.7138008 -0.4513099 -1.37486e-4 0.7048248 -0.4501073 -0.002661764 0.6924319 -0.4492469 -0.008351504 0.6864904 -0.4801858 0.03970307 0.6499999 -0.4772537 0.03731787 0.6528309 -0.4764219 0.04763084 0.6535143 -0.4865499 0.04192757 0.6511473 -0.4820781 0.03543317 0.652147 -0.4695202 0.05292081 0.6595997 -0.4666579 0.06243687 0.6655452 -0.4763458 0.05681318 0.6594794 -0.4776163 0.07042592 0.6776483 -0.4695923 0.06843173 0.6673103 -0.4727416 0.0743857 0.679274 -0.4649389 0.07146131 0.6692056 -0.4626697 0.07322591 0.6716344 -0.4636185 0.06812304 0.6665294 -0.4614542 0.06657695 0.6709577 -0.4666579 0.06243687 0.6655452 -0.4837629 0.03649568 0.689545 -0.4878427 0.03140532 0.7040687 -0.4808654 0.03438413 0.7035763 -0.4813436 0.04665988 0.6912946 -0.4803432 0.04576861 0.6813513 -0.475629 0.05421298 0.6826921 -0.4722797 0.05278134 0.6718111 -0.4696014 0.06184214 0.6750265 -0.4666579 0.06243687 0.6655452 -0.4614542 0.06657695 0.6709577 -0.4675475 0.06802141 0.6786744 -0.4686597 0.07440239 0.6812167 -0.4745622 0.07500261 0.6818733 -0.4800667 0.07108712 0.6816163 -0.482308 0.07172644 0.691686 -0.4795554 0.07605659 0.6928089 -0.4804638 0.07657581 0.6989384 -0.484673 0.07207423 0.6982908 -0.4859259 0.06545537 0.6988078 -0.4720422 0.07490289 0.6875899 -0.4701374 0.0692684 0.6870104 -0.4732683 0.06204187 0.6849652 -0.4777051 0.05505353 0.6930774 -0.4797297 0.04703491 0.7051647 -0.4755492 0.02907049 0.7123955 -0.4801785 0.02623623 0.7037878 -0.4723172 0.04629629 0.7139255 -0.4752612 0.0600208 0.706458 -0.4762839 0.06247293 0.6951903 -0.4728122 0.070692 0.6953242 -0.474775 0.07562011 0.6970143 -0.4695424 0.05976557 0.7160415 -0.4733148 0.07248121 0.7077008 -0.469182 0.07336556 0.7184111 -0.4773204 0.07731932 0.7103955 -0.476135 0.07709932 0.7207109 -0.4834886 0.07319384 0.7118028 -0.481741 0.07296001 0.7222116 -0.4859348 0.06757611 0.7136362 -0.4882727 0.06327313 0.7240781 -0.48893 0.06130242 0.7146339 -0.4686775 0.07677298 0.7364622 -0.4771412 0.06836265 0.7386719 -0.4916015 0.05325931 0.7245826 -0.4904294 0.0521599 0.7141188 -0.4909648 0.05093753 0.6955073 -0.4895265 0.05830103 0.695665 -0.4821938 0.05483072 0.7416802 -0.4841287 0.0409618 0.7421236 -0.4688124 0.05530309 0.7593379 -0.4703571 0.04030942 0.7608493 -0.4540511 0.056095 0.7785615 -0.444184 0.05725437 0.7913863 -0.4276391 0.02202409 0.7335984 -0.4467754 0.04052376 0.733309 -0.4513953 0.02477502 0.7298708 -0.4284453 0.03625291 0.7378144 -0.4226888 0.01879805 0.7405821 -0.4207129 0.03551131 0.7542802 -0.4351921 0.05306041 0.7406021 -0.424151 0.05423438 0.7584266 -0.4475829 0.0741322 0.7453812 -0.4359486 0.0708301 0.7619793 -0.4561851 0.0758959 0.7512431 -0.4438788 0.07287687 0.7682512 -0.4320142 0.06992083 0.7811852 -0.4481276 0.067945 0.7730058 -0.4637407 0.06828361 0.7545335 -0.4185487 0.05465108 0.7695751 -0.4158412 0.03675705 0.7713671 -0.4235488 0.01046544 0.7507319 -0.4242173 0.01659661 0.7664961 -0.4330335 0.03021901 0.8049132 -0.4358996 0.03994172 0.8059787 -0.4347314 0.05764323 0.8052596 -0.4212127 0.06723707 0.7956272 -0.4122688 0.06048935 0.7853109 -0.4099282 0.03557401 0.779917 -0.3929255 0.05296975 0.79764 -0.3918643 0.03974103 0.796383 -0.326125 0.03506672 0.8415078 -0.327825 0.06033605 0.8446317 -0.2883589 0.03065598 0.8705699 -0.288743 0.066374 0.8705059 -0.2615443 0.03058904 0.8950073 -0.3930544 0.07139915 0.8051673 -0.4024844 0.06894737 0.8184798 -0.4159512 0.05869096 0.8273183 -0.4195093 0.04253989 0.827987 -0.4142713 0.02388471 0.8232646 -0.4289571 0.02087825 0.8023319 -0.3659549 0.01553606 0.882986 -0.2507354 0.03059327 0.9088236 -0.2517251 0.06915134 0.9082829 -0.2747992 0.004027307 0.905658 -0.283915 -5.17425e-4 0.9370748 -0.2636537 0.00409317 0.9191309 -0.2466192 0.002213239 0.9367584 -0.2658973 -0.004553318 0.9543702 -0.3029903 0.01362311 0.9524827 -0.2970269 1.98843e-4 0.9242665 -0.3150773 0.01392841 0.9380575 -0.3434236 0.01256489 0.9071439 -0.3549842 0.03926068 0.916334 -0.3754411 0.03910106 0.8903251 -0.3730384 0.06322133 0.8823564 -0.3529869 0.07992666 0.8659597 -0.3345075 0.08291578 0.8483291 -0.3502732 0.06764274 0.9128341 -0.330198 0.08500939 0.8972855 -0.285809 0.01331698 0.9707466 -0.3097512 0.0385946 0.9608337 -0.3230412 0.03912627 0.9465171 -0.318538 0.06890553 0.9431399 -0.3039112 0.08366239 0.9334671 -0.3056195 0.08898502 0.8809159 -0.2602505 0.06770658 0.8952571 -0.275622 0.08808463 0.9097706 -0.2660554 0.0878427 0.9240625 -0.2920494 0.08531409 0.9481211 -0.3061466 0.06816226 0.9580343 -0.2932741 0.03881806 0.9811667 -0.2674776 0.01168119 0.9941831 -0.2462053 -0.007488012 0.9735463 -0.2257658 -0.001779556 0.9548557 -0.2153156 0.02968448 0.9458168 -0.234193 0.03044188 0.926783 -0.2760158 0.03787487 1.002446 -0.2730225 0.06769758 1.000244 -0.2308409 0.0908488 0.9611264 -0.2363244 0.0697202 0.9258471 -0.2160976 0.07101118 0.9473095 -0.2496843 0.0868721 0.942752 -0.2582513 0.0897091 0.9870814 -0.2750278 0.08683335 0.9662234 -0.2901186 0.06827986 0.978656 -0.234193 0.03044188 0.926783 -0.2153156 0.02968448 0.9458168 -0.2507354 0.03059327 0.9088236 -0.2615443 0.03058904 0.8950073 -0.304536 4.65905e-5 0.8796973 -0.3255935 -0.0047338 0.8924769 -0.3516459 0.001014649 0.8679594 -0.4018232 0.01286441 0.8146524 -0.4174499 0.0160526 0.7944183 -0.4219497 0.01659476 0.7773441 -0.4141529 0.01862943 0.7855616 -0.3341498 0.007127463 0.8518614 -0.4158412 0.03675705 0.7713671 -0.4099282 0.03557401 0.779917 -0.2883589 0.03065598 0.8705699 -0.326125 0.03506672 0.8415078 -0.3967555 0.02058786 0.8030739 -0.4141529 0.01862943 0.7855616 -0.3918643 0.03974103 0.796383 0.03887009 5.62952e-4 1.170446 0.0338965 -0.02578604 1.153044 0.02100539 -0.02197313 1.157221 0.00950855 -0.07264435 1.09441 0 -0.08459299 1.042312 0 -0.07280445 1.094292 0.00291866 -0.08451271 1.042371 0 -0.09270727 0.9900174 -0.00291866 -0.08451271 1.042371 -0.00950855 -0.07264435 1.09441 -0.0161724 -0.05620938 1.128938 0 -0.05652707 1.128482 0 -0.04929733 1.13851 0.02057975 -0.04702109 1.141078 0 -0.03800529 1.148004 0 -0.02904117 1.15389 -0.0338965 -0.02578604 1.153044 -0.02309143 -0.01998949 1.158375 -0.03929239 5.62952e-4 1.170446 0.0161724 -0.05620938 1.128938 -0.02057975 -0.04702109 1.141078 0 0.05439555 1.177931 0.1208764 -0.02848803 2.98874e-7 0.1135723 -0.01022624 0.01301199 0.03945142 -0.02187508 0.01434957 0.03455066 -0.03846305 2.73082e-7 -0.1083735 0.01450747 0.01331984 -0.1135744 -0.01022666 0.01301211 -0.03945356 -0.02187544 0.01434969 -0.03569018 0.008104681 0.01331824 -0.1135744 -0.01022666 0.01301211 -0.1208785 -0.02848845 4.00655e-7 -0.03455275 -0.03846341 4.00005e-7 -0.03945356 -0.02187544 0.01434969 -2.08034e-7 0.08751159 0.6062981 0.01076763 0.08751678 0.6055083 0.01731169 0.1065318 0.6337509 -1.5257e-7 0.1063095 0.6338443 -1.22294e-7 0.1127715 0.6621888 0.01697969 0.1123703 0.6621309 0 0.1158434 0.696502 0.05378574 0.1096354 0.6639454 0.05461972 0.112262 0.6962531 0.05606168 0.1051411 0.6353025 0.05639398 0.1009691 0.5996998 0.01751416 0.06484949 0.5115206 0.05951273 0.09104132 0.513471 0.02498686 0.04813313 0.4442029 0.05812424 0.07823222 0.447514 0.05623692 0.08015394 0.3992382 0.09862095 0.05857729 0.3931304 0.05672264 0.08217835 0.3629182 0.09479355 0.05881279 0.3580168 0.05746316 0.09063303 0.2719713 0.1012955 0.07776725 0.2690821 0.1055811 0.08947694 0.2308542 0.1247345 0.02977514 0.2006703 0.143053 0.02950209 0.1285761 0.04207986 -0.03061103 0.09818941 0.08314824 -0.03660345 0.09519606 0.08454608 -0.05635261 0.07335042 0.1251826 -0.02352905 0.07247084 0.1340581 -0.01085191 0.09017151 0.1344892 0.02868294 0.07897734 0.1212317 -0.009590744 0.1083112 0.124654 0.02922904 0.1001958 0.1164309 0.08968007 0.1392941 0.05774253 0.09999167 0.2054231 0.01804023 0.07763153 0.2032711 0.02040994 0.06827479 0.277276 0.02721828 0.05384665 0.3591944 0.1150637 0.09028947 0.07381319 0.1030887 0.0898832 0.1056198 0.01585614 0.0759018 0.1617228 0.05779802 0.09873318 0.1356156 0.05785357 0.1086048 0.1035658 0.05796456 0.1017292 0.05838078 0.06143754 0.09041887 0.04168725 0.1115597 0.07839292 0.04182833 0.1329038 0.02052682 0.05163317 0.01367211 0.07417207 0.1201745 0.02208715 0.07071262 0.1012937 0.02727448 0.067528 0.06577092 0.0642957 0.08708262 0.008294045 0.09965074 0.07761526 0.01237601 0.1134971 0.007946074 0.02344673 0.1124478 -0.03580546 0.04343926 0.0858919 -0.05861616 0.06321698 0.04043716 -0.04498541 0.06085824 0.04053092 -0.05063647 0.07010382 0.02560096 0.06850367 0.02317363 0.09786707 -0.01736044 0.06250494 0.1048269 0.01650476 0.05836123 0.09268063 0.07080215 0.05823546 0.06076169 0.07593828 0.05754661 0.03264617 0.05852746 0.05584603 0.03542965 0.01980227 0.05694037 0.03151774 0.02084922 0.03005218 0.01701521 0.02042353 0.05134069 0.02102982 0.02568197 0.1039615 0.0149632 0.02120286 0.1178939 0.01892513 0.01896327 0.1569681 0.1375346 -0.008960187 0.1351522 0.08001756 -0.04854023 0.1210397 0.04044699 -0.04545801 0.1200167 0.0149632 0.02120286 0.1178939 0.02102982 0.02568197 0.1039615 0.01701521 0.02042353 0.05134069 0.03151774 0.02084922 0.03005218 0.03542965 0.01980227 0.05694037 0.04188692 -0.02808034 0.06808626 0.0743429 -0.04583275 0.0644741 0.07926827 -0.03321534 0.1583071 0.1186102 -0.00832957 0.205707 0.07851904 -0.03125244 0.2010483 0.04044663 -0.03158813 0.1552758 0.09953415 0.05446094 0.4420366 0.1015762 0.06743651 0.5115536 0.1257363 0.0157265 0.3927206 0.1224142 0.01989465 0.3493087 0.1254649 0.02875924 0.2682823 0.1165544 -0.01263403 0.2620725 0.07202243 -0.03449088 0.260643 0.04044634 -0.0310803 0.1960089 0.01892513 0.01896327 0.1569681 0.1138547 -0.0214377 0.3459191 0.04095572 -0.0325331 0.2624304 0.07152283 -0.04151606 0.3430032 0.04182392 -0.0364933 0.34368 0.1142814 -0.03112858 0.3862036 0.1139544 -0.03825795 0.4364094 0.07206636 -0.05345618 0.3831581 0.03578484 -0.04729515 0.3862545 0.02348375 0.006799638 0.3872681 0.02286046 0.01135355 0.3523952 0.01830828 0.01478415 0.2646077 0.02288699 0.01672369 0.1960421 0.06993675 -0.06138372 0.434763 0.07257711 -0.06640285 0.5072578 0.1134114 -0.04389971 0.5075501 0.07424134 -0.07031095 0.6011534 0.1179696 -0.04021263 0.5968702 0.06087112 -0.07534837 0.631309 0.01389038 -0.07017904 0.5721786 0.02169215 -0.06289875 0.505128 0.03186655 -0.05444556 0.4362651 0.01796144 0.001778066 0.436696 0.01037806 0.003311812 0.5053634 0.002996325 -3.85142e-4 0.5698112 0.008392274 -0.07301187 0.6044291 0.0163865 -0.07981616 0.6279297 0.05156606 -0.07965886 0.6600506 0.001038432 -0.002067625 0.6024568 0.03248804 -0.08970665 0.6997954 -1.21245e-7 -0.08523601 0.6610353 -1.2152e-7 -0.09212332 0.7003897 -0.02252751 -0.08432853 0.6612907 -0.03248834 -0.08970665 0.6997953 -0.05156642 -0.07965862 0.6600504 -0.01638698 -0.0798158 0.6279295 -0.00839281 -0.07301139 0.6044288 -1.59892e-7 -0.07333183 0.604077 -1.76151e-7 -0.001727283 0.6020445 0.001038432 -0.002067625 0.6024568 -1.47973e-7 -0.0796796 0.6269562 0.02252715 -0.08432871 0.6612911 0.07190573 -0.0739879 0.6996369 0.09170651 -0.06228882 0.6752604 -0.06087166 -0.07534795 0.6313087 -0.001038908 -0.002067446 0.6024569 -0.01796251 0.001779675 0.436696 -0.02169305 -0.06289756 0.5051277 -0.01037889 0.003313004 0.5053635 -0.0138911 -0.07017827 0.5721783 -0.0029971 -3.84395e-4 0.5698112 -0.001038908 -0.002067446 0.6024569 -0.07424193 -0.07031035 0.6011532 -0.1093134 -0.04676437 0.6575224 -0.09149062 -0.06181383 0.6752603 -0.07190603 -0.0739879 0.6996368 -0.04383331 -0.08905392 0.7494016 0 -0.09681516 0.749516 0.04383313 -0.0890538 0.7494013 -0.02286177 0.0113551 0.3523953 -0.03578609 -0.04729336 0.3862547 -0.023485 0.006801486 0.3872683 -0.03186762 -0.05444395 0.4362649 -0.07257801 -0.06640166 0.5072576 -0.1179702 -0.04021203 0.5968703 -0.1253043 -0.03212189 0.6466667 -0.128941 -0.01951092 0.6927279 -0.1007843 -0.05439072 0.6972783 -0.09857916 -0.06176149 0.7480489 -0.09239691 -0.0611729 0.7787399 -0.04226267 -0.08765411 0.7780097 -0.1176424 -0.01349914 0.7801286 -0.09551304 0.07961297 0.7828933 -0.1214241 0.03663051 0.7811415 -0.1299938 0.03574371 0.7493612 -0.1258718 -0.01447111 0.7494688 -0.1328736 0.02279889 0.6753174 -0.133878 0.02628141 0.6984413 -0.05529981 0.1135905 0.74413 -0.05386245 0.1084583 0.7819802 -0.1006329 0.08147144 0.7463974 -0.09847891 0.07564461 0.6974458 -0.1009192 0.07349175 0.6715587 -0.1321769 0.01636725 0.6411334 -0.1316646 0.01173782 0.5960487 -0.1134123 -0.04389852 0.5075501 -0.06993782 -0.06138211 0.4347628 -0.07206761 -0.05345433 0.3831584 -0.04182529 -0.03649181 0.3436805 -0.1142826 -0.03112673 0.3862041 -0.1139554 -0.03825634 0.4364095 -0.1307694 0.008493065 0.5089318 -0.1021834 0.07259106 0.5963788 -0.1027753 0.07426005 0.6386333 -0.05378609 0.1096355 0.6639458 -0.0546199 0.112262 0.696253 0 0.1156944 0.7448015 0 0.1088583 0.7820307 -0.0560621 0.1051414 0.6353031 -0.1257375 0.01572835 0.392721 -0.1283934 0.01105165 0.4372839 -0.101577 0.06743764 0.5115543 -0.05639457 0.1009697 0.5997005 -0.01731204 0.106532 0.6337512 -0.01697999 0.1123704 0.662131 -0.1224156 0.0198962 0.3493092 -0.113856 -0.02143621 0.3459197 -0.09862214 0.05857914 0.3931307 -0.09953522 0.05446255 0.4420372 -0.05951356 0.09104251 0.5134717 -0.01076823 0.08751714 0.6055086 -1.5257e-7 0.1063095 0.6338443 -1.22294e-7 0.1127715 0.6621888 0 0.1158434 0.696502 -2.08034e-7 0.08751159 0.6062981 -0.05796676 0.1017288 0.0583806 -0.02777332 0.06722277 0.0623697 -0.02208924 0.07071238 0.1012934 -0.05785566 0.1086046 0.1035655 -0.1030908 0.08988296 0.1056196 -0.1164329 0.08968001 0.139294 -0.143055 0.02950203 0.1285763 -0.1247363 0.02977561 0.2006705 -0.1186119 -0.008329093 0.2057076 -0.1254665 0.02876019 0.2682825 -0.1165561 -0.01263308 0.262073 -0.09479486 0.0588144 0.3580168 -0.05623811 0.08015584 0.3992384 -0.05812525 0.07823377 0.4475146 -0.017515 0.06485062 0.5115211 -0.02498793 0.04813468 0.4442032 -0.02480238 0.04652905 0.3928595 -0.05672395 0.08218002 0.362918 -0.1012971 0.0777682 0.269082 -0.1055828 0.08947765 0.230854 -0.05780005 0.09873312 0.1356153 -0.01367413 0.07417196 0.1201743 -0.02041149 0.0682758 0.2772757 -0.02721959 0.05384826 0.3591942 -0.05774432 0.09999221 0.2054226 -0.01585805 0.07590198 0.1617224 -0.01804202 0.07763206 0.2032707 -0.05746477 0.09063404 0.2719709 -1.76151e-7 -0.001727283 0.6020445 -2.08034e-7 0.08751159 0.6062981 -0.001038908 -0.002067446 0.6024569 -0.0029971 -3.84395e-4 0.5698112 -0.01037889 0.003313004 0.5053635 -0.01796251 0.001779675 0.436696 -0.023485 0.006801486 0.3872683 -0.02286177 0.0113551 0.3523953 -0.01830983 0.01478505 0.2646077 -0.02288877 0.01672416 0.1960421 -0.01892703 0.01896345 0.1569681 -0.01496523 0.02120274 0.117894 -0.02103191 0.02568179 0.1039615 -0.01701736 0.02042317 0.05134075 -0.03151994 0.02084881 0.03005224 -0.02560317 0.06850332 0.02317368 -0.03264838 0.05852711 0.05584609 -0.06429785 0.08708226 0.008294105 -0.06076383 0.07593786 0.05754661 -0.09965294 0.07761484 0.01237607 -0.09268277 0.07080173 0.05823546 -0.1128843 0.007945656 0.02344685 -0.104829 0.01650434 0.05836135 -0.11245 -0.03580588 0.04343944 -0.09786927 -0.01736086 0.06250518 -0.08589392 -0.05861651 0.06321716 -0.07434499 -0.04583311 0.0644744 -0.0354318 0.01980191 0.05694049 -0.07852083 -0.03125196 0.2010489 -0.08008629 -0.03321516 0.1583077 -0.1375366 -0.008960187 0.1351526 -0.1212337 -0.009590983 0.1083117 -0.1246561 0.0292288 0.1001961 -0.1340602 -0.01085227 0.09017175 -0.08165174 -0.04854035 0.1210404 -0.08315032 -0.03660368 0.09519654 -0.04208195 -0.03061133 0.09818959 -0.04053294 -0.05063682 0.07010394 -0.08454811 -0.05635297 0.07335054 -0.1252018 -0.02352946 0.07247108 -0.1337563 0.02065414 0.05238461 -0.1124053 0.07885777 0.04347729 -0.06147605 0.09035164 0.04130631 -0.1344914 0.02868258 0.07897764 -0.1150659 0.09028911 0.07381308 -0.07202404 -0.03448998 0.2606436 -0.0715242 -0.04151457 0.3430038 -0.04043918 -0.04498577 0.06085836 -0.01701736 0.02042317 0.05134075 -0.02103191 0.02568179 0.1039615 -0.04208117 -0.04545825 0.1200168 -0.04126465 -0.03158807 0.1552762 -0.04044818 -0.03108 0.1960092 -0.04095733 -0.03253221 0.2624309 -0.01830983 0.01478505 0.2646077 -0.02288877 0.01672416 0.1960421 -0.01892703 0.01896345 0.1569681 -0.01496523 0.02120274 0.117894 0.1283923 0.01105004 0.4372836 0.1307685 0.008491933 0.5089314 0.1316639 0.01173716 0.5960482 0.1021828 0.07259041 0.596378 0.1027748 0.07425969 0.6386326 0.1103721 -0.04792129 0.6575223 0.1238685 -0.0306167 0.6456274 0.1320999 0.01629686 0.6385599 0.1268824 -0.02025568 0.6935292 0.1328732 0.02279877 0.675317 0.132855 0.02586531 0.6982995 0.09847873 0.07564461 0.6974456 0.1009189 0.07349157 0.6715582 0.100784 -0.05439072 0.6972784 0.09857898 -0.06176143 0.7480489 0.1258716 -0.01447111 0.7494689 0.1299936 0.03574371 0.7493612 0.1006328 0.08147144 0.7463974 0.05529963 0.1135906 0.74413 -1.21815e-7 -0.09439301 0.7770476 0.04226243 -0.08765405 0.7780092 0.09239667 -0.0611729 0.7787399 0.1176422 -0.01349914 0.7801286 0.1214239 0.03663051 0.7811415 0.09551286 0.07961297 0.7828933 0.05386221 0.1084584 0.7819805 0 0.1088583 0.7820307 0 0.1156944 0.7448015 -0.09101736 -0.06171351 0.8105314 -0.09239691 -0.0611729 0.7787399 -0.1176424 -0.01349914 0.7801286 -0.1150651 -0.01380771 0.8138623 -0.1214241 0.03663051 0.7811415 -0.1188036 0.03484785 0.8171786 -0.09551304 0.07961297 0.7828933 -0.09529858 0.07660132 0.8141013 -0.05386245 0.1084583 0.7819802 -0.05282747 0.1015065 0.8144597 0 0.1088583 0.7820307 4.18102e-5 0.1021158 0.8140845 0.05291068 0.1015552 0.8144773 4.18102e-5 0.1021158 0.8140845 0 0.1088583 0.7820307 0.05386221 0.1084584 0.7819805 0.09551286 0.07961297 0.7828933 0.09535944 0.07668912 0.8141331 0.1214239 0.03663051 0.7811415 0.1188239 0.03495728 0.8172183 0.1176422 -0.01349914 0.7801286 0.1150408 -0.01370173 0.8139005 0.09239667 -0.0611729 0.7787399 0.09094923 -0.06162971 0.8105618 0.04185688 -0.0876277 0.8091188 0.04226243 -0.08765405 0.7780092 -1.21815e-7 -0.09439301 0.7770476 -5.1287e-5 -0.09509313 0.8086321 -0.04226267 -0.08765411 0.7780097 -0.04195261 -0.08766627 0.8091049 -0.09504514 0.09355002 0.9664978 -0.1143361 0.05340558 0.8747012 -0.09644192 0.08006328 0.8765026 -0.05363923 0.1021586 0.8787364 -0.05674731 0.1048905 0.8225035 -0.1026983 0.08310115 0.8292278 -0.1251428 0.03129905 0.8325514 -0.04760652 0.1231669 1.066409 -0.08981293 0.1116745 1.010916 -0.05256241 0.1143307 1.009662 -0.05529874 0.1073349 0.9658299 0 0.1071267 0.9619002 -2.33172e-5 0.1045902 0.8785707 4.32009e-5 0.106356 0.8204043 4.18102e-5 0.1021158 0.8140845 -0.05282747 0.1015065 0.8144597 -0.09529858 0.07660132 0.8141013 -0.1188036 0.03484785 0.8171786 -0.1150651 -0.01380771 0.8138623 0 0.1101929 1.12644 0 0.1254248 1.067477 0 0.116003 1.010981 -0.04666954 0.1045053 1.129272 0 0.07822883 1.1756 -0.08322203 0.116548 1.066781 -0.1233776 0.08764553 1.011507 -0.1283885 0.04573994 0.9695791 -0.1220825 0.02686995 0.872964 -0.1226708 -0.01801937 0.8319441 -0.09747928 -0.06781023 0.8280112 -0.09101736 -0.06171351 0.8105314 -0.04302144 -0.09587818 0.8282966 -0.04107999 -0.09086418 0.8562119 -2.3317e-5 -0.09845995 0.8551234 -0.04187899 -0.08958262 0.936064 -0.1319208 0.04125523 0.9916383 0 -0.09270727 0.9900174 0.04187899 -0.08958262 0.936064 0 -0.09727925 0.9321134 0.04103332 -0.09086418 0.8562119 -1.06914e-5 -0.1025011 0.827974 -5.1287e-5 -0.09509313 0.8086321 -0.04195261 -0.08766627 0.8091049 0.0430504 -0.09555023 0.8282714 0.04185688 -0.0876277 0.8091188 0.09326386 -0.06439733 0.9466965 0.09304255 -0.06395649 0.8603853 0.09774583 -0.06706643 0.8279541 0.09094923 -0.06162971 0.8105618 0.1233065 -0.01708221 0.831872 0.1150408 -0.01370173 0.8139005 0.1188239 0.03495728 0.8172183 0.126143 0.03225648 0.8324777 0.09535944 0.07668912 0.8141331 0.1189972 -0.02062988 0.868029 0.1212456 -0.0272656 0.9554626 0.04760652 0.1231669 1.066409 0 0.116003 1.010981 0.05256241 0.1143307 1.009662 0 0.1071267 0.9619002 0.05529874 0.1073349 0.9658299 -2.33172e-5 0.1045902 0.8785707 0.05359256 0.1021586 0.8787364 4.32009e-5 0.106356 0.8204043 0.05683809 0.104942 0.8225232 0.05291068 0.1015552 0.8144773 0.1014605 0.08341872 0.8292318 0.1220359 0.02686995 0.872964 0.130454 0.008901 0.9630106 0.1349017 -0.009676635 0.9990697 0.1220982 -0.03612321 0.9995762 4.18102e-5 0.1021158 0.8140845 0.08981293 0.1116745 1.010916 0.08322203 0.116548 1.066781 0.1123208 0.1095904 1.067097 0.1135352 0.09726661 1.118314 0.09639531 0.08006328 0.8765026 0.09504514 0.09355002 0.9664978 0.1233848 0.08808839 1.011773 0.1335879 0.1029899 1.067559 0.1364442 0.09265464 1.113388 0.1380121 0.06465959 1.146698 0.1537463 0.08781212 1.104136 0.1578735 0.06315356 1.135951 0.1471109 0.0963152 1.06148 0.136295 0.08483958 1.016171 0.131922 0.04169869 0.9919013 0.1283885 0.04573994 0.9695792 0.1142894 0.05340558 0.8747012 0.1372904 0.04170382 0.9953433 0.1454947 0.08162051 1.014542 0.1564396 0.09263187 1.05551 0.16296 0.08387327 1.097206 0.1669297 0.06254667 1.124562 0.1678124 0.03043556 1.126016 0.15939 0.02875024 1.137721 0.1390296 0.02695369 1.149222 0.1142572 0.06559938 1.157607 0.0845676 0.103277 1.122501 0.1140242 0.02628964 1.156811 0.1444207 0.04206526 0.9969903 0.1408047 -0.00571084 1.001919 0.154424 -0.001823961 1.005039 0.1548557 0.04092144 0.9975153 0.1540383 0.08070325 1.011382 0.08412939 0.02429282 1.164032 0.08308225 0.06529158 1.172043 0.0452193 0.1093113 1.125645 0.03456515 0.07385891 1.173744 0 0.1254248 1.067477 0 0.1101929 1.12644 0 0.07822883 1.1756 0.02428513 0.05438572 1.194009 0.04926133 0.04777491 1.192154 0.06121891 0.02990055 1.183863 0 0.05898499 1.195384 0.16503 -0.01950776 1.090952 0.1593596 -0.02727925 1.045233 0.1514676 -0.03100043 1.04481 0.148538 -0.002916038 1.003234 0.1599558 -0.003847658 1.122698 0.1669403 0.001837372 1.113715 0.1575675 -0.02563667 1.093365 0.140515 -0.03328979 1.093648 0.1385447 -0.009261429 1.128904 0.15939 0.02875024 1.137721 0.1678124 0.03043556 1.126016 0.1140242 0.02628964 1.156811 0.1390296 0.02695369 1.149222 0.04926133 0.04777491 1.192154 0.06121891 0.02990055 1.183863 0.05112439 0.01624798 1.202827 0.05315828 -0.008034288 1.188772 0.06114059 0.0055238 1.169389 0.04551857 -0.034913 1.171956 0.05661475 -0.02136778 1.147903 0.08412939 0.02429282 1.164032 0.08521038 -0.02252191 1.137315 0.1164338 -0.01319092 1.132274 0.1229485 -0.04032635 1.093731 0.1429651 -0.03702878 1.044702 0.09312391 -0.05119377 1.093216 0.1277732 -0.04561704 1.043596 0.03887009 5.62952e-4 1.170446 0.03885304 -0.03354692 1.173913 0.0338965 -0.02578604 1.153044 0.02057975 -0.04702109 1.141078 0.02187556 -0.05431079 1.158598 0.02761107 -0.0560804 1.156852 0.04297584 -0.03974497 1.135934 0.05479723 -0.06200802 1.093035 0.09610366 -0.06356734 1.043664 0.02474731 -0.07042175 1.093149 0.02924764 -0.05722421 1.122803 0.0408855 -0.08615815 0.989243 0.01237362 -0.08343923 1.041893 0.02920448 -0.08118212 1.042716 0.0620824 -0.07469731 1.044916 0.09279817 -0.0659486 0.9935206 0.005525171 -0.08824098 1.042041 0.01359206 -0.07819163 1.093727 0.02073311 -0.0670005 1.129255 0.01518964 -0.06521755 1.129859 0.02057975 -0.04702109 1.141078 0.0161724 -0.05620938 1.128938 0.00950855 -0.07264435 1.09441 0.009341657 -0.07730191 1.094887 0.00291866 -0.08451271 1.042371 0.003797352 -0.08779388 1.042619 -0.02187556 -0.05431079 1.158598 -0.02057975 -0.04702109 1.141078 -0.0161724 -0.05620938 1.128938 -0.01518964 -0.06521755 1.129859 -0.009341657 -0.07730191 1.094887 -0.00950855 -0.07264435 1.09441 -0.003797352 -0.08779388 1.042619 -0.00291866 -0.08451271 1.042371 -0.005525171 -0.08824098 1.04204 -0.0338965 -0.02578604 1.153044 -0.02057975 -0.04702109 1.141078 -0.0408855 -0.08615815 0.989243 -0.01237362 -0.08343923 1.041893 -0.01359206 -0.07819163 1.093727 -0.02073311 -0.0670005 1.129255 -0.02761107 -0.0560804 1.156852 -0.03885304 -0.03354692 1.173913 -0.04711019 -0.007983982 1.188976 -0.03929239 5.62952e-4 1.170446 -0.03873229 0.02130043 1.18345 -0.04679399 0.01515883 1.202805 -0.02905178 0.03554689 1.188739 -0.06121891 0.02990055 1.183863 -0.04926133 0.04777491 1.192154 -0.04218143 0.03475546 1.212943 -0.05112439 0.01624798 1.202827 -0.05315828 -0.008034288 1.188772 -0.04551857 -0.034913 1.171956 -0.04297584 -0.03974497 1.135934 -0.02924764 -0.05722421 1.122803 -0.02474731 -0.07049375 1.093462 -0.02920448 -0.08118212 1.042716 -0.06208246 -0.07469731 1.044916 -0.09610366 -0.06356734 1.043664 -0.05479723 -0.06200802 1.093035 -0.09301906 -0.0514844 1.092903 -0.02190136 0.0471186 1.218784 -0.02428513 0.05438572 1.194009 0 0.05228525 1.221073 0 0.05898499 1.195384 0 0.04742413 1.191214 -0.1228972 -0.04050672 1.093557 -0.1276854 -0.04561418 1.043092 -0.09279817 -0.0659486 0.9935205 -0.1220935 -0.03604871 0.9996641 -0.1212456 -0.0272656 0.9554626 -0.130454 0.008901 0.9630106 -0.1349071 -0.01011919 0.9988108 -0.1372861 0.04122275 0.9951823 -0.1362646 0.08439719 1.015929 -0.1124057 0.1094774 1.067189 -0.133613 0.1030272 1.067628 -0.1364432 0.09265422 1.113388 -0.1537448 0.08781129 1.104134 -0.1471391 0.09654623 1.061662 -0.1454275 0.08109581 1.014307 -0.1444106 0.0414524 0.9969512 -0.08466124 0.1029449 1.122051 -0.1135663 0.09712731 1.118149 -0.157848 0.06323546 1.135865 -0.1379852 0.06475794 1.146608 -0.1142562 0.06559908 1.157608 -0.08308124 0.0652914 1.172043 -0.03456503 0.07385891 1.173744 -0.1539701 0.08029359 1.011228 -0.1564701 0.09286743 1.055687 -0.1629586 0.08387219 1.097204 -0.1669285 0.06254714 1.124561 -0.1593976 0.02883988 1.137749 -0.1390393 0.02706289 1.149257 -0.1140232 0.02628934 1.156812 -0.08412832 0.02429258 1.164033 -0.04926133 0.04777491 1.192154 -0.02428513 0.05438572 1.194009 0 0.05898499 1.195384 -0.06121891 0.02990055 1.183863 -0.1678116 0.03043609 1.126017 -0.05661475 -0.02136772 1.147903 -0.08520931 -0.02252215 1.137315 -0.1164328 -0.01319122 1.132275 -0.1405499 -0.03349906 1.093758 -0.1429241 -0.03730165 1.044271 -0.1408292 -0.006177544 1.001847 -0.1485933 -0.00349158 1.003418 -0.1548467 0.04044097 0.9975696 -0.138589 -0.0092206 1.129059 -0.06114059 0.0055238 1.169389 -0.08412832 0.02429258 1.164033 -0.1140232 0.02628934 1.156812 -0.1390393 0.02706289 1.149257 -0.1599947 -0.003806769 1.122834 -0.1576271 -0.02569502 1.093574 -0.1514934 -0.03115457 1.044859 -0.1593515 -0.02727448 1.045169 -0.1544792 -0.002265274 1.005317 -0.1593976 0.02883988 1.137749 -0.1678116 0.03043609 1.126017 -0.1669439 0.001837193 1.113718 -0.16503 -0.01950913 1.090955 0.4898406 0.02604627 0.6495389 0.4930215 0.02605265 0.6556062 0.4885094 0.02933251 0.6577655 0.49395 0.02550405 0.6690289 0.4893157 0.02817249 0.6721155 0.4944078 0.01797658 0.6673212 0.4931995 0.01918357 0.6544213 0.4904511 0.02026009 0.6485643 0.4849374 0.02029883 0.6508702 0.4842334 0.02528142 0.6518039 0.4849374 0.02029883 0.6508702 0.4870505 0.01723283 0.6551682 0.4893329 0.01508373 0.669696 0.4947394 0.01756638 0.6719739 0.4944038 0.02532827 0.6732247 0.4957954 0.02516865 0.6897997 0.4908489 0.02854871 0.6918504 0.4973024 0.0249626 0.6950883 0.4939703 0.02666079 0.7121095 0.493738 0.01610231 0.7101755 0.4914587 0.01628571 0.7206732 0.4846582 0.01346266 0.716228 0.4747974 0.0126996 0.7293042 0.490817 0.01354271 0.6908876 0.4878385 0.03140604 0.7040671 0.4876047 0.0130307 0.7063028 0.4969911 0.0168991 0.6947058 0.4960039 0.01652818 0.6886811 0.4822937 0.01469075 0.7384987 0.4927791 0.02674829 0.7236444 0.492508 0.03607785 0.7137252 0.4953776 0.03560203 0.6916984 0.488692 0.03266745 0.6900092 0.495021 0.03599083 0.6851517 0.4891956 0.03419411 0.682506 0.4921897 0.03643393 0.6685181 0.486446 0.03475159 0.6660814 0.4910231 0.03640925 0.6637162 0.4820764 0.0354346 0.6521447 0.4865491 0.03637123 0.6502687 0.4865463 0.04193037 0.6511459 0.4914454 0.04323875 0.6642413 0.4764167 0.04763036 0.6535133 0.487432 0.04917109 0.6706153 0.4763379 0.05681216 0.6594794 0.4695133 0.05291783 0.659599 0.4666477 0.06243157 0.6655442 0.4928649 0.04302638 0.6708114 0.4943014 0.04256874 0.686872 0.4893726 0.05034095 0.6888312 0.480183 0.03970414 0.6499981 0.4820764 0.0354346 0.6521447 0.4772515 0.03731781 0.6528287 0.4861782 0.05750328 0.6772093 0.4841273 0.05786418 0.6716404 0.4768668 0.06353336 0.6771726 0.4881242 0.05770218 0.6897999 0.4909573 0.05093854 0.6955057 0.495082 0.04245883 0.6933844 0.4921127 0.04254686 0.7137365 0.4695911 0.06183737 0.6750255 0.4701246 0.06926327 0.6870098 0.4732577 0.06203776 0.6849643 0.4675351 0.06801581 0.6786737 0.4720275 0.07489824 0.6875896 0.4686453 0.07439702 0.6812162 0.4745477 0.07499909 0.6818731 0.4727273 0.0743817 0.6792737 0.4800534 0.07108527 0.681616 0.4776032 0.07042348 0.6776479 0.4829723 0.06438827 0.69262 0.4895168 0.0583015 0.6956644 0.4904211 0.05216223 0.7141165 0.4924409 0.04020452 0.7239787 0.485915 0.06545466 0.6988068 0.4889213 0.06130278 0.7146321 0.485925 0.06757569 0.7136346 0.4846605 0.07207316 0.6982902 0.4822942 0.07172477 0.6916859 0.4795409 0.07605415 0.6928087 0.4747612 0.0756163 0.6970138 0.4728 0.07068777 0.6953234 0.476274 0.06246966 0.6951891 0.4756208 0.0542097 0.6826909 0.4776969 0.05505061 0.6930759 0.4803377 0.04576683 0.6813499 0.4804499 0.07657361 0.6989379 0.4773078 0.07731658 0.7103944 0.4733036 0.07247781 0.7076993 0.4752525 0.06001794 0.7064562 0.4813376 0.04665786 0.691293 0.4823463 0.0365554 0.6806541 0.4811825 0.03761172 0.6667663 0.4769598 0.04571568 0.6679353 0.4722723 0.05277758 0.6718098 0.4691734 0.0733636 0.718409 0.4761248 0.07709765 0.7207091 0.468672 0.07677406 0.7364595 0.4772515 0.03731781 0.6528287 0.4820764 0.0354346 0.6521447 0.486446 0.03475159 0.6660814 0.4891956 0.03419411 0.682506 0.4837601 0.03649443 0.6895434 0.4797236 0.04703283 0.705163 0.4695358 0.0597639 0.7160393 0.4604635 0.07445633 0.7315683 0.4561797 0.07589703 0.7512405 0.4637356 0.06828522 0.7545312 0.4481228 0.06794661 0.7730037 0.4540467 0.05609697 0.7785598 0.4320097 0.06992208 0.7811835 0.4284405 0.03625255 0.7378135 0.4467709 0.04052412 0.7333078 0.4351876 0.05306041 0.7406004 0.4241465 0.0542348 0.758425 0.4359437 0.070831 0.7619772 0.4438738 0.07287824 0.768249 0.4475775 0.0741328 0.7453786 0.4598689 0.05930113 0.7268221 0.472312 0.04629433 0.7139236 0.4808616 0.03438258 0.7035747 0.488692 0.03266745 0.6900092 0.4207084 0.03551119 0.7542794 0.4878385 0.03140604 0.7040671 0.4828194 0.02544385 0.6563728 0.4885094 0.02933251 0.6577655 0.4893157 0.02817249 0.6721155 0.4838395 0.02477103 0.6701939 0.4908489 0.02854871 0.6918504 0.4838578 0.02556306 0.6896175 0.4801744 0.02623492 0.7037863 0.4755449 0.02906918 0.7123941 0.462748 0.04562956 0.7243998 0.4675781 0.02716302 0.7231431 0.4786279 0.01623904 0.7124691 0.4816881 0.01679021 0.7039905 0.4850997 0.0170629 0.6902003 0.4841329 0.01856386 0.6699537 0.4830265 0.01928889 0.6559166 0.4842334 0.02528142 0.6518039 0.4898406 0.02604627 0.6495389 0.4849374 0.02029883 0.6508702 0.4870505 0.01723283 0.6551682 0.4893329 0.01508373 0.669696 0.490817 0.01354271 0.6908876 0.4876047 0.0130307 0.7063028 0.4846582 0.01346266 0.716228 0.471959 0.01378667 0.7246083 0.4513902 0.02477616 0.7298694 0.4497446 0.008998632 0.7294017 0.4600185 0.01203447 0.7333108 0.4747974 0.0126996 0.7293042 0.4652016 0.01227658 0.7357708 0.4276335 0.02202355 0.7335981 0.4226839 0.01879715 0.7405821 0.4235455 0.01046496 0.750732 0.4242138 0.01659739 0.7664955 0.4158372 0.03675794 0.771366 0.4185445 0.05465203 0.7695738 0.4124145 0.06051623 0.7856371 0.4217744 0.06733012 0.7958472 0.3930503 0.07140028 0.8051662 0.4024804 0.0689485 0.8184788 0.3529829 0.07992768 0.8659588 0.3730345 0.06322234 0.8823554 0.3502694 0.0676437 0.9128332 0.3549804 0.03926163 0.916333 0.3230375 0.03912711 0.9465162 0.4099873 0.0355885 0.7805193 0.4159471 0.05869209 0.8273171 0.3754373 0.03910207 0.890324 0.3434199 0.01256579 0.9071429 0.3659511 0.01553702 0.8829849 0.3255897 -0.004732906 0.8924759 0.4441798 0.05725598 0.7913848 0.4355425 0.05777448 0.8051234 0.4195053 0.04254102 0.8279858 0.4142673 0.02388584 0.8232634 0.3516421 0.001015663 0.8679584 0.3045322 4.74853e-5 0.8796965 0.2747955 0.004028141 0.9056572 0.2883551 0.03065687 0.8705691 0.2615405 0.03058987 0.8950065 0.2507315 0.03059405 0.9088229 0.26365 0.004093945 0.91913 0.2466154 0.002213954 0.9367576 0.2658937 -0.004552543 0.9543693 0.2341892 0.03044259 0.9267823 0.2153119 0.02968519 0.9458161 0.2257621 -0.0017789 0.954855 0.2462016 -0.007487356 0.9735456 0.429587 0.02098202 0.8025107 0.4018192 0.01286554 0.8146513 0.4178802 0.01612603 0.7949127 0.4143554 0.01866668 0.7861282 0.3967514 0.02058899 0.8030728 0.4099873 0.0355885 0.7805193 0.3918601 0.03974217 0.7963818 0.3341459 0.007128417 0.8518605 0.3261211 0.03506767 0.8415068 0.4143554 0.01866668 0.7861282 0.4219461 0.01659578 0.7773433 0.4158372 0.03675794 0.771366 0.4242138 0.01659739 0.7664955 0.4370551 0.01541328 0.7876165 0.4433255 0.02712202 0.7918257 0.4338294 0.03034871 0.8049535 0.436438 0.04002964 0.8059269 0.4524788 0.02593213 0.7805373 0.4438463 0.03950107 0.7934514 0.4551131 0.04059243 0.7805861 0.4703531 0.04031151 0.760848 0.4678078 0.02156162 0.7601283 0.4841244 0.04096364 0.7421221 0.4839264 0.02645844 0.7413274 0.4915949 0.05326151 0.7245805 0.4882646 0.06327384 0.7240761 0.4821893 0.05483251 0.7416784 0.4834773 0.07319271 0.7118015 0.4817312 0.07295924 0.7222098 0.4771361 0.0683642 0.7386695 0.4688078 0.055305 0.759336 -0.4811851 0.03761225 0.6667682 -0.4864478 0.03475052 0.6660835 -0.4891976 0.03419339 0.6825078 -0.4772537 0.03731787 0.6528309 -0.4820781 0.03543317 0.652147 -0.4764219 0.04763084 0.6535143 -0.4769648 0.04571765 0.6679366 -0.4823489 0.0365566 0.680656 -0.4886935 0.03266716 0.6900107 -0.4695202 0.05292081 0.6595997 -0.4851029 0.01706367 0.6902018 -0.4876068 0.01302987 0.7063038 -0.4816911 0.01679092 0.7039917 -0.4908192 0.01354193 0.690889 -0.484136 0.01856446 0.6699556 -0.4893351 0.01508295 0.6696979 -0.4830291 0.01928853 0.6559188 -0.4870526 0.01723152 0.6551703 -0.48494 0.0202977 0.6508721 -0.4842372 0.02528047 0.6518056 -0.4828235 0.02544355 0.6563746 -0.4898445 0.02604389 0.6495403 -0.4885144 0.02933108 0.6577669 -0.483844 0.02477169 0.6701956 -0.4893211 0.02817189 0.672117 -0.4838631 0.02556419 0.6896192 -0.4908544 0.02854788 0.691852 -0.4786307 0.0162397 0.7124699 -0.4719617 0.01378679 0.7246088 -0.4675824 0.02716279 0.7231442 -0.4627522 0.04562914 0.7244013 -0.4598736 0.05930072 0.7268241 -0.4604688 0.07445573 0.7315708 -0.4600225 0.01203268 0.733312 -0.4652047 0.01227551 0.7357715 -0.4747999 0.0126993 0.7293046 -0.4846603 0.01346176 0.7162289 -0.4497492 0.008997023 0.7294029 0.03455066 -0.03846305 2.73082e-7 0.1302782 -0.1119647 -2.61936e-4 0.1208764 -0.02848803 2.98874e-7 0.03722804 -0.1123641 -2.61963e-4 0.1243584 -0.130382 0.004871308 0.0444743 -0.1325406 0.004731059 0.09777384 -0.1477033 0.01054865 0.06885045 -0.1497901 0.01053881 -0.09326386 -0.06439733 0.9466965 -0.09308922 -0.06395649 0.8603853 -0.1190439 -0.02062988 0.868029 0.03455066 -0.03846305 2.73082e-7 0.03945142 -0.02187508 0.01434957 0.03519648 -0.037804 0.01505619 0.03648048 -0.09432828 0.01076376 0.03722804 -0.1123641 -2.61963e-4 0.0444743 -0.1325406 0.004731059 0.04520404 -0.1276717 0.01923662 0.06968367 -0.1443413 0.0242452 0.06885045 -0.1497901 0.01053881 0.09777384 -0.1477033 0.01054865 0.0963183 -0.1426041 0.02368026 0.1243584 -0.130382 0.004871308 0.1211124 -0.1260125 0.01814973 0.1302782 -0.1119647 -2.61936e-4 0.1290274 -0.0949772 0.009129703 0.1220784 -0.0483542 0.007299482 0.1208764 -0.02848803 2.98874e-7 0.08751016 0.07948482 0.02080237 0.06396323 0.08356797 0.02060109 0.06361466 0.08323532 3.27015e-7 0.08743184 0.07927316 3.27015e-7 0.1021085 0.06637692 0.02037352 0.1021128 0.06465297 3.36099e-7 0.1083716 0.01450854 3.17931e-7 0.1083713 0.01450788 0.01331979 0.1083807 0.01450854 0.0189023 0.1135723 -0.01022624 0.01301199 0.1149085 -0.02887791 0.01897621 0.1208764 -0.02848803 2.98874e-7 -0.2088598 0.07516533 0.9433343 -0.171127 0.08001911 0.9875227 -0.1928147 0.09641355 1.010632 -0.2289323 0.09803658 0.9621244 -0.2182912 0.09458142 1.036755 -0.2600253 0.09568476 0.9914001 -0.1921711 0.09021085 1.014612 -0.2143893 0.08732903 1.037347 -0.230596 0.06805205 1.053716 -0.2332868 0.03609371 1.054882 -0.2323537 0.004398584 1.047377 -0.2387688 0.03607302 1.055538 -0.2359917 0.07260513 1.0545 -0.2777587 0.07331967 1.007292 -0.2730225 0.06769758 1.000244 -0.2582513 0.0897091 0.9870814 -0.2308409 0.0908488 0.9611264 -0.2160976 0.07101118 0.9473095 -0.2153156 0.02968448 0.9458168 -0.2090948 0.02797937 0.9426663 -0.1704605 0.02936476 0.9843181 -0.1719239 0.07758319 0.9931477 -0.1698294 0.03413212 0.9888415 -0.2803195 0.03644758 1.008967 -0.2712615 0.0042153 1.000099 -0.2674776 0.01168119 0.9941831 -0.2462053 -0.007488012 0.9735463 -0.2760158 0.03787487 1.002446 -0.2558315 -0.01265347 0.984865 -0.2030923 -0.01828676 1.015527 -0.2426149 -0.01646685 0.9726898 -0.1812378 -0.007231473 0.993588 -0.177106 -6.93982e-4 0.9945939 -0.1698294 0.03413212 0.9888415 -0.1704605 0.02936476 0.9843181 -0.2200925 -0.007585763 0.9521489 -0.2090948 0.02797937 0.9426663 -0.2153156 0.02968448 0.9458168 -0.2257658 -0.001779556 0.9548557 -0.2167177 -0.01292043 1.029801 -0.2133816 -0.007730782 1.031598 -0.2288045 0.008071303 1.048881 -0.1992118 -0.01364719 1.016726 -0.03723007 -0.1123645 -2.61793e-4 -0.03455275 -0.03846341 4.00005e-7 -0.1208785 -0.02848845 4.00655e-7 -0.1302801 -0.1119651 -2.61825e-4 -0.04447627 -0.132541 0.004731237 -0.1243603 -0.1303825 0.004871428 -0.06885236 -0.1497905 0.01053899 -0.09777575 -0.1477038 0.01054877 -0.1184463 -0.08142864 0.03967988 -0.1254627 -0.09453934 0.01071852 -0.1159237 -0.04766333 0.009081721 -0.06076383 0.07593786 0.05754661 -0.08613771 0.07716065 0.02085381 -0.06439501 0.08100003 0.0208534 -0.09268277 0.07080173 0.05823546 -0.09667611 0.06567674 0.02085304 -0.104829 0.01650434 0.05836135 -0.1044552 0.01461678 0.02085834 -0.1127404 -0.02902114 0.02085828 -0.09786927 -0.01736086 0.06250518 -0.07434499 -0.04583311 0.0644744 -0.09329289 -0.08898073 0.04912304 -0.06513661 -0.08892953 0.04704976 -0.05067759 -0.109143 0.04225808 -0.04195308 -0.09533244 0.01059609 -0.04938614 -0.1212546 0.03400963 -0.04809468 -0.1254353 0.02058625 -0.06972104 -0.1409485 0.02619445 -0.0694012 -0.1367222 0.04065525 -0.09487068 -0.1387798 0.02553629 -0.09495031 -0.1347718 0.04014676 -0.1183697 -0.122371 0.01967626 -0.1176239 -0.1182079 0.03315144 -0.1152302 -0.106114 0.04119801 -0.09376239 -0.1214537 0.0505259 -0.06908136 -0.1231857 0.05063104 -0.0468713 -0.08834499 0.0392487 -0.04188907 -0.02808076 0.06808638 -0.03786414 -0.03784257 0.0144664 -0.03945356 -0.02187544 0.01434969 -0.03569018 0.008104681 0.01331824 -0.0354318 0.01980191 0.05694049 -0.03264838 0.05852711 0.05584609 -0.03140842 0.0552504 0.02068942 -0.04268246 0.07236087 0.02079856 -0.06439501 0.08100003 0.0208534 -0.06076383 0.07593786 0.05754661 -0.03151994 0.02084881 0.03005224 -0.0354318 0.01980191 0.05694049 -0.04188907 -0.02808076 0.06808638 0.02286046 0.01135355 0.3523952 0.02480113 0.0465272 0.3928593 0.02348375 0.006799638 0.3872681 0.02288699 0.01672369 0.1960421 0.01830828 0.01478415 0.2646077 0.01796144 0.001778066 0.436696 0.01037806 0.003311812 0.5053634 0.002996325 -3.85142e-4 0.5698112 0.001038432 -0.002067625 0.6024568 -1.76151e-7 -0.001727283 0.6020445 -0.1669439 0.001837193 1.113718 -0.2060954 0.03223079 1.087399 -0.1678116 0.03043609 1.126017 -0.2040129 0.06367504 1.086334 -0.1669285 0.06254714 1.124561 -0.1905664 0.08404135 1.064451 -0.1629586 0.08387219 1.097204 -0.1742097 0.0906254 1.034639 -0.1564701 0.09286743 1.055687 -0.1611297 0.07909637 1.001455 -0.1539701 0.08029359 1.011228 -0.1921711 0.09021085 1.014612 -0.2143893 0.08732903 1.037347 -0.1719239 0.07758319 0.9931477 -0.1698294 0.03413212 0.9888415 -0.1601586 0.03818261 0.9930106 -0.1548467 0.04044097 0.9975696 -0.1992118 -0.01364719 1.016726 -0.1634637 -1.97465e-4 1.000315 -0.177106 -6.93982e-4 0.9945939 -0.1698294 0.03413212 0.9888415 -0.1601586 0.03818261 0.9930106 -0.1548467 0.04044097 0.9975696 -0.1544792 -0.002265274 1.005317 -0.177788 -0.02001446 1.033403 -0.1593515 -0.02727448 1.045169 -0.16503 -0.01950913 1.090955 -0.1919086 -0.01364606 1.060528 -0.2014864 0.004493772 1.079445 -0.2288045 0.008071303 1.048881 -0.2332868 0.03609371 1.054882 -0.230596 0.06805205 1.053716 -0.2133816 -0.007730782 1.031598 0.04809272 -0.1254349 0.02058607 0.04195106 -0.09533208 0.01059591 0.04938417 -0.1212542 0.03400951 0.04686921 -0.08834463 0.03924858 0.04188692 -0.02808034 0.06808626 0.06513452 -0.08892911 0.04704958 0.0743429 -0.04583275 0.0644741 0.09329086 -0.08898037 0.04912292 0.09786707 -0.01736044 0.06250494 0.1184442 -0.08142817 0.03967976 0.1152282 -0.1061136 0.04119789 0.1176218 -0.1182075 0.03315132 0.09494829 -0.1347714 0.04014664 0.09376043 -0.1214532 0.05052572 0.06939917 -0.1367218 0.04065507 0.06907933 -0.1231853 0.05063086 0.05067557 -0.1091426 0.0422579 0.09268063 0.07080215 0.05823546 0.06076169 0.07593828 0.05754661 0.06439286 0.08100044 0.02085334 0.0861355 0.07716107 0.02085375 0.09667396 0.06567716 0.02085298 0.104453 0.01461714 0.02085822 0.1048269 0.01650476 0.05836123 0.1127383 -0.02902072 0.0208581 0.1159217 -0.04766291 0.009081661 0.1254606 -0.09453886 0.0107184 0.1183677 -0.1223705 0.01967614 0.09486871 -0.1387793 0.02553617 0.06971907 -0.1409481 0.02619427 0.04268032 0.07236123 0.0207985 0.06439286 0.08100044 0.02085334 0.06076169 0.07593828 0.05754661 0.03264617 0.05852746 0.05584603 0.03140628 0.0552507 0.02068936 0.03542965 0.01980227 0.05694037 0.0356881 0.008105039 0.01331818 0.03945142 -0.02187508 0.01434957 0.03786206 -0.03784221 0.01446628 0.04809272 -0.1254349 0.02058607 0.06971907 -0.1409481 0.02619427 0.06968367 -0.1443413 0.0242452 0.04520404 -0.1276717 0.01923662 0.04195106 -0.09533208 0.01059591 0.03648048 -0.09432828 0.01076376 0.03786206 -0.03784221 0.01446628 0.03519648 -0.037804 0.01505619 0.03945142 -0.02187508 0.01434957 0.0861355 0.07716107 0.02085375 0.06439286 0.08100044 0.02085334 0.06396323 0.08356797 0.02060109 0.08751016 0.07948482 0.02080237 0.09667396 0.06567716 0.02085298 0.1021085 0.06637692 0.02037352 0.1083807 0.01450854 0.0189023 0.104453 0.01461714 0.02085822 0.1149085 -0.02887791 0.01897621 0.1127383 -0.02902072 0.0208581 0.1159217 -0.04766291 0.009081661 0.1220784 -0.0483542 0.007299482 0.1254606 -0.09453886 0.0107184 0.1290274 -0.0949772 0.009129703 0.1183677 -0.1223705 0.01967614 0.1211124 -0.1260125 0.01814973 0.09486871 -0.1387793 0.02553617 0.0963183 -0.1426041 0.02368026 0.1135723 -0.01022624 0.01301199 0.1083713 0.01450788 0.01331979 0.0356881 0.008105039 0.01331818 0.03945142 -0.02187508 0.01434957 0.0356881 0.008105039 0.01331818 0.1083713 0.01450788 0.01331979 0.1083716 0.01450854 3.17931e-7 0.03576207 0.007933318 2.9068e-7 -0.1083735 0.01450747 0.01331984 -0.03569018 0.008104681 0.01331824 -0.03576421 0.00793296 3.81517e-7 -0.1083737 0.01450812 3.99685e-7 -0.03786414 -0.03784257 0.0144664 -0.03945356 -0.02187544 0.01434969 -0.03519856 -0.03780436 0.01505631 -0.04195308 -0.09533244 0.01059609 -0.03648251 -0.09432858 0.01076394 -0.04809468 -0.1254353 0.02058625 -0.04520601 -0.1276721 0.0192368 -0.06972104 -0.1409485 0.02619445 -0.06968557 -0.1443417 0.02424538 -0.09487068 -0.1387798 0.02553629 -0.09632027 -0.1426045 0.02368038 -0.1183697 -0.122371 0.01967626 -0.1211144 -0.126013 0.01814985 -0.1254627 -0.09453934 0.01071852 -0.1290295 -0.09497767 0.009129762 -0.1159237 -0.04766333 0.009081721 -0.1220805 -0.04835468 0.007299602 -0.1127404 -0.02902114 0.02085828 -0.1149106 -0.02887833 0.01897633 -0.1083829 0.01450812 0.01890242 -0.1044552 0.01461678 0.02085834 -0.1021107 0.0663765 0.02037358 -0.09667611 0.06567674 0.02085304 -0.08613771 0.07716065 0.02085381 -0.08751237 0.0794844 0.02080243 -0.06439501 0.08100003 0.0208534 -0.06396543 0.08356761 0.02060115 -0.02903831 0.02812081 3.72434e-7 -0.03576421 0.00793296 3.81517e-7 -0.03569018 0.008104681 0.01331824 -0.02807599 0.05654269 3.6335e-7 -0.02809011 0.05687892 0.02049624 -0.04165357 0.07481616 3.6335e-7 -0.04183167 0.07539826 0.02017283 -0.06361687 0.08323496 3.72434e-7 -0.06396543 0.08356761 0.02060115 0.02807384 0.05654305 2.99764e-7 0.02903616 0.02812117 2.99764e-7 0.03576207 0.007933318 2.9068e-7 0.1083716 0.01450854 3.17931e-7 0.1021128 0.06465297 3.36099e-7 0.08743184 0.07927316 3.27015e-7 0.06361466 0.08323532 3.27015e-7 0.04165142 0.07481652 3.17931e-7 -0.03569018 0.008104681 0.01331824 -0.03140842 0.0552504 0.02068942 -0.02809011 0.05687892 0.02049624 -0.04183167 0.07539826 0.02017283 -0.04268246 0.07236087 0.02079856 -0.06396543 0.08356761 0.02060115 -0.06439501 0.08100003 0.0208534 0.4506783 -8.7528e-4 0.7255299 0.4484243 -0.002587795 0.7406008 0.4547283 0.00320667 0.7385926 0.4486506 -0.006663262 0.7266613 0.451937 -0.00344026 0.7150892 0.4495993 -0.008979439 0.7157483 0.453421 -0.004986763 0.7062759 0.4515151 -0.009895026 0.7067947 0.4551584 -0.006791114 0.695264 0.4528505 -0.01242285 0.6961326 0.4533786 -0.01108229 0.6881462 0.4509279 -0.01544767 0.6881529 0.4495767 -0.01450872 0.6954497 0.4476351 -0.01283574 0.7060427 0.4448996 -0.0126236 0.7153437 0.4438422 -0.01056849 0.7239673 0.4597955 0.01013904 0.7556664 0.4659465 0.009952723 0.7406919 0.4491554 0.003827154 0.7543468 0.4407723 -0.006943881 0.7406235 0.4418953 -0.009134709 0.7329074 0.4333698 -0.008177578 0.731128 0.4366582 -0.01061534 0.7214469 0.4387347 -0.01262891 0.7134597 0.4419116 -0.01232916 0.7045347 0.4450095 -0.01390367 0.69388 0.4464082 -0.01485294 0.6863442 0.4397239 0.003007411 0.7582263 0.4326954 -0.00616461 0.7389106 0.4312244 0.003250539 0.75537 0.4340404 0.01411616 0.7719754 0.4460449 0.0154947 0.7771885 0.4347329 -0.007341027 0.7109409 0.4322184 -0.004582345 0.7188032 0.4372163 -0.008434176 0.7024212 0.4408931 -0.009590327 0.6920791 0.4427166 -0.01139152 0.6860222 0.4492422 -0.008349955 0.6864892 0.4445008 -0.006603717 0.6858021 0.4235455 0.01046496 0.750732 0.4264317 0.001385748 0.7345293 0.4286716 -0.001030504 0.7278665 0.4371603 -7.74154e-5 0.7106135 0.4333679 0.002333581 0.7182106 0.4288184 0.006922304 0.7254472 0.4257377 0.01235675 0.7330392 0.4226839 0.01879715 0.7405821 0.4420233 -0.00219953 0.6917659 0.444657 0.002139151 0.7028433 0.4391655 0.001400351 0.7009614 0.4419104 0.003098309 0.7111927 0.4388454 0.004263997 0.7183573 0.4349033 0.01132833 0.7254858 0.4276335 0.02202355 0.7335981 0.4497446 0.008998632 0.7294017 0.4480519 0.002787768 0.7203931 0.4490597 4.25916e-4 0.7137984 0.4513052 -1.37407e-4 0.7048225 0.4501018 -0.002659857 0.6924305 0.4445008 -0.006603717 0.6858021 0.4513902 0.02477616 0.7298694 0.4492422 -0.008349955 0.6864892 0.3150736 0.01392924 0.9380566 0.2970232 1.99674e-4 0.9242656 0.2839114 -5.16634e-4 0.937074 0.2858054 0.01331776 0.9707457 0.3029867 0.01362395 0.9524817 0.2932704 0.03881877 0.9811657 0.3097475 0.03859543 0.9608328 0.2674741 0.01168191 0.9941823 0.2760121 0.03787559 1.002445 0.2901149 0.06828057 0.9786551 0.3061429 0.06816303 0.9580334 0.3185343 0.06890636 0.943139 0.3301941 0.08501034 0.8972846 0.3345035 0.08291679 0.8483282 0.3929213 0.05297088 0.7976389 0.3918601 0.03974217 0.7963818 0.3056156 0.08898591 0.8809151 0.327821 0.060337 0.8446309 0.2887391 0.06637489 0.8705051 0.2602466 0.06770741 0.8952564 0.2756181 0.08808547 0.9097698 0.3039075 0.08366322 0.9334663 0.2920456 0.08531486 0.9481202 0.2660515 0.08784353 0.9240618 0.2517212 0.06915211 0.9082822 0.2363206 0.06972092 0.9258465 0.2496805 0.08687281 0.9427513 0.2750241 0.08683413 0.9662227 0.3261211 0.03506767 0.8415068 0.2883551 0.03065687 0.8705691 0.2615405 0.03058987 0.8950065 0.2507315 0.03059405 0.9088229 0.2341892 0.03044259 0.9267823 0.2160938 0.0710119 0.9473089 0.2308371 0.09084945 0.9611257 0.2582476 0.08970981 0.9870807 0.2730189 0.06769829 1.000244 0.2153119 0.02968519 0.9458161 -0.02903831 0.02812081 3.72434e-7 -0.02807599 0.05654269 3.6335e-7 -0.04165357 0.07481616 3.6335e-7 -0.06361687 0.08323496 3.72434e-7 -0.08743405 0.07927274 3.72434e-7 -0.102115 0.06465256 3.81517e-7 -0.1083737 0.01450812 3.99685e-7 -0.03576421 0.00793296 3.81517e-7 0.1601558 0.03827637 0.9930113 0.1548557 0.04092144 0.9975153 0.154424 -0.001823961 1.005039 0.163452 -1.1017e-4 1.000285 0.1593596 -0.02727925 1.045233 0.1777846 -0.02001392 1.033403 0.1771025 -6.93412e-4 0.9945933 0.1698258 0.03413271 0.9888409 0.1601558 0.03827637 0.9930113 0.1698258 0.03413271 0.9888409 0.1719203 0.07758378 0.9931473 0.161126 0.07909691 1.001454 0.1548557 0.04092144 0.9975153 0.1540383 0.08070325 1.011382 0.1742061 0.09062594 1.034639 0.1564396 0.09263187 1.05551 0.190563 0.08404189 1.064451 0.16296 0.08387327 1.097206 0.2040095 0.06367558 1.086334 0.1669297 0.06254667 1.124562 0.2060921 0.03223127 1.087398 0.1678124 0.03043556 1.126016 0.2014831 0.004494249 1.079444 0.1669403 0.001837372 1.113715 0.16503 -0.01950776 1.090952 0.1919053 -0.01364552 1.060527 0.1992084 -0.01364666 1.016726 0.1921675 0.09021139 1.014611 0.2143859 0.08732962 1.037346 0.2305926 0.06805258 1.053716 0.2332835 0.0360943 1.054881 0.2288012 0.008071899 1.04888 0.2133781 -0.007730245 1.031597 0.4636064 0.06811678 0.6665285 0.4649257 0.07145535 0.6692049 0.462656 0.07321912 0.6716338 0.4614425 0.0665698 0.6709567 0.4666477 0.06243157 0.6655442 0.4695801 0.06842726 0.6673097 0.4614425 0.0665698 0.6709567 0.4666477 0.06243157 0.6655442 0.4695133 0.05291783 0.659599 0.4764167 0.04763036 0.6535133 0.04711019 -0.007983982 1.188976 0.04679399 0.01515883 1.202805 0.04218143 0.03475546 1.212943 0.02428513 0.05438572 1.194009 0.02190136 0.0471186 1.218784 0 0.05898499 1.195384 0 0.05228525 1.221073 0 0.04742413 1.191214 0.02820724 0.03554689 1.188739 0.03788775 0.02130043 1.18345 -0.102115 0.06465256 3.81517e-7 -0.1083735 0.01450747 0.01331984 -0.1083737 0.01450812 3.99685e-7 -0.1208785 -0.02848845 4.00655e-7 -0.1149106 -0.02887833 0.01897633 -0.1220805 -0.04835468 0.007299602 -0.1135744 -0.01022666 0.01301211 -0.1083829 0.01450812 0.01890242 -0.1021107 0.0663765 0.02037358 -0.08751237 0.0794844 0.02080243 -0.08743405 0.07927274 3.72434e-7 -0.06396543 0.08356761 0.02060115 -0.06361687 0.08323496 3.72434e-7 -0.1290295 -0.09497767 0.009129762 -0.1208785 -0.02848845 4.00655e-7 -0.1302801 -0.1119651 -2.61825e-4 -0.1243603 -0.1303825 0.004871428 -0.1211144 -0.126013 0.01814985 -0.09777575 -0.1477038 0.01054877 -0.09632027 -0.1426045 0.02368038 -0.06885236 -0.1497905 0.01053899 -0.06968557 -0.1443417 0.02424538 -0.04520601 -0.1276721 0.0192368 -0.04447627 -0.132541 0.004731237 -0.03723007 -0.1123645 -2.61793e-4 -0.03648251 -0.09432858 0.01076394 -0.03519856 -0.03780436 0.01505631 -0.03455275 -0.03846341 4.00005e-7 -0.03945356 -0.02187544 0.01434969 0.2160938 0.0710119 0.9473089 0.209091 0.02798008 0.9426656 0.2153119 0.02968519 0.9458161 0.2289285 0.0980373 0.9621238 0.2308371 0.09084945 0.9611257 0.208856 0.07516598 0.9433337 0.1711233 0.08001971 0.9875223 0.1704569 0.02936536 0.9843176 0.1698258 0.03413271 0.9888409 0.1719203 0.07758378 0.9931473 0.1928111 0.09641414 1.010632 0.1921675 0.09021139 1.014611 0.2182877 0.09458202 1.036754 0.2143859 0.08732962 1.037346 0.2359883 0.07260572 1.054499 0.2305926 0.06805258 1.053716 0.2332835 0.0360943 1.054881 0.2387654 0.03607356 1.055537 0.2288012 0.008071899 1.04888 0.2323504 0.00439912 1.047376 0.2167143 -0.01291984 1.029801 0.255828 -0.01265281 0.9848641 0.2712579 0.004216015 1.000098 0.2803159 0.03644824 1.008966 0.2777551 0.07332032 1.007291 0.2600216 0.09568548 0.9913994 0.1992084 -0.01364666 1.016726 0.2133781 -0.007730245 1.031597 0.1704569 0.02936536 0.9843176 0.1698258 0.03413271 0.9888409 0.1771025 -6.93412e-4 0.9945933 0.1812342 -0.007230877 0.9935874 0.2030888 -0.01828616 1.015526 0.2426114 -0.0164662 0.972689 0.2462016 -0.007487356 0.9735456 0.2674741 0.01168191 0.9941823 0.2760121 0.03787559 1.002445 0.2730189 0.06769829 1.000244 0.2582476 0.08970981 0.9870807 0.209091 0.02798008 0.9426656 0.2200888 -0.007585048 0.9521482 0.2257621 -0.0017789 0.954855 0.2153119 0.02968519 0.9458161 0 0.04409646 1.234657 0 0.04295903 1.2157 0.01605999 0.04289019 1.214265 0.01462554 0.04228276 1.237409 0.02750694 0.03466987 1.238246 0.03174883 0.04243195 1.26539 0.01618474 0.05403435 1.26517 0 0.05645793 1.265946 0 0.06623131 1.284419 0.04523026 -0.002937316 1.233199 0.04999136 -0.009663879 1.252687 0.04993122 -0.002598464 1.255695 0.04353749 0.01041787 1.235311 0.03622311 0.0222072 1.237578 0.0285387 0.03614038 1.213423 0.016878 0.04675179 1.19003 0 0.0478965 1.18992 0 0.05439555 1.177931 0.01855176 0.05309659 1.176866 0.02965855 0.04078948 1.189542 0.0309236 0.04681265 1.17553 0.03981608 0.03928667 1.172667 0.03732651 0.0304917 1.187385 0.04266297 0.02109426 1.184313 0.0359047 0.02424371 1.210757 0.04279112 0.01316648 1.207825 0.04421883 0.02812653 1.16913 0.04550373 0.01205509 1.180637 0.04688429 0.01676166 1.165326 0.04346126 6.57318e-4 1.177208 0.04415237 0.005634009 1.159721 0.03834491 -0.006554722 1.156296 0.03711909 -0.009687066 1.172939 0.03632873 -0.01250767 1.184862 0.04207044 -0.007941603 1.201003 0.04402506 0.001474142 1.205171 0.03310382 -0.01289957 1.152802 0.02810251 -0.01465994 1.374962 0.01346814 -0.01562297 1.377662 0.01255851 3.08541e-4 1.379274 0.02843403 0.001415789 1.375646 0.02563291 -0.03387147 1.372854 0.01241856 -0.03514027 1.375611 0.01109516 -0.05112898 1.371237 0 -0.05243653 1.371233 0 -0.03629791 1.376508 0 -0.0163235 1.379188 0 -7.09664e-4 1.380143 0.01258081 0.01951277 1.377125 0.02395111 0.02039211 1.37463 0.009408414 0.03143197 1.371513 0.01908123 0.03149509 1.36964 0.01532018 0.03919124 1.366527 0.009686291 0.04420208 1.364467 0 0.03130942 1.372565 0 0.04418218 1.364485 0 0.01860576 1.378284 0.02020472 -0.04531878 1.371268 -0.007160425 -0.09528511 1.239119 -0.003626704 -0.09248608 1.236907 -0.006525933 -0.09168624 1.237122 -0.01009452 -0.09388208 1.238811 -0.01028603 -0.09035027 1.23659 -0.01319748 -0.09232556 1.244242 -0.01325982 -0.09323525 1.240388 -0.01680368 -0.09049934 1.238694 -0.01569133 -0.08963662 1.237294 -0.01886224 -0.08550143 1.235627 -0.01478022 -0.08777487 1.235925 -0.01236945 -0.09205216 1.23821 -0.01978635 -0.0870729 1.237274 -0.009141385 -0.08954614 1.256018 -0.01075154 -0.09059035 1.251999 -0.01386934 -0.08368998 1.257576 -0.01712393 -0.08719801 1.247861 -0.0170865 -0.08962124 1.241762 -0.02000159 -0.08742654 1.240341 -0.0214554 -0.08488291 1.236064 -0.01956725 -0.08606249 1.234592 -0.01470494 -0.08898484 1.234498 -0.01471209 -0.08806669 1.235537 -0.01033478 -0.09056526 1.236102 -0.01099485 -0.09180778 1.234311 -0.006542026 -0.09192341 1.236503 -0.007130205 -0.09364396 1.234903 -0.01518821 -0.08939671 1.232374 -0.0200318 -0.08418869 1.255688 -0.01995778 -0.08444929 1.264419 -0.01516425 -0.0838344 1.262953 -0.01443874 -0.08514094 1.258531 -0.01786804 -0.08529078 1.252102 -0.02425414 -0.08174729 1.24477 -0.0303232 -0.07959252 1.256049 -0.03036516 -0.07799577 1.246249 -0.02997303 -0.08045464 1.266937 -0.01989805 -0.08354794 1.2708 -0.01672625 -0.08478844 1.269966 -0.01199901 -0.08634811 1.269331 -0.01580011 -0.08463245 1.280125 -0.0130853 -0.08619779 1.280744 -0.01841008 -0.08076703 1.285035 -0.01275229 -0.08258718 1.287531 -0.01245206 -0.07564967 1.291208 -0.01011383 -0.08283913 1.289705 -0.009832501 -0.08048987 1.292289 -0.01140028 -0.08025836 1.294504 -0.01886868 -0.0820074 1.279416 -0.02923917 -0.08023518 1.27337 -0.02353429 -0.08082234 1.278887 -0.02347886 -0.07942253 1.283953 -0.03866112 -0.07663577 1.2678 -0.03625941 -0.07535576 1.278581 -0.02864193 -0.079279 1.278553 -0.02914363 -0.07796138 1.282931 -0.02433693 -0.07776403 1.287994 -0.0185849 -0.07707607 1.289647 -0.03626543 -0.07361245 1.282853 -0.04008668 -0.07202899 1.278554 -0.04235482 -0.07205539 1.268877 -0.04108315 -0.0692107 1.285616 -0.03607439 -0.07072645 1.291681 -0.03012156 -0.07548463 1.288469 -0.03677552 -0.07321846 1.247293 -0.03866887 -0.0740121 1.256611 -0.04224365 -0.06949239 1.257907 -0.04745382 -0.06364452 1.270153 -0.04595464 -0.06476438 1.278311 -0.04141771 -0.06731873 1.290568 -0.03708893 -0.07176679 1.296505 -0.03173565 -0.07631915 1.299294 -0.03193938 -0.08112514 1.303887 -0.02603381 -0.08452397 1.304838 -0.03263938 -0.08302271 1.308825 -0.0374009 -0.07757484 1.302078 -0.03788429 -0.07871258 1.307027 -0.03652161 -0.07794427 1.314552 -0.0483011 -0.05353754 1.300804 -0.04770594 -0.0553013 1.290474 -0.05038237 -0.04457598 1.291224 -0.04991471 -0.05437374 1.27844 -0.05082905 -0.05183517 1.270446 -0.05046194 -0.04936254 1.260331 -0.04648023 -0.06188553 1.259574 -0.04253792 -0.05833959 1.248432 -0.0407983 -0.05587095 1.238272 -0.04705381 -0.04386925 1.241161 -0.0525515 -0.03163015 1.253335 -0.04876905 -0.04697829 1.250916 -0.05167067 -0.03067535 1.24612 -0.05266124 -0.0317009 1.261809 -0.05370366 -0.03181082 1.271068 -0.05438637 -0.03188282 1.277132 -0.05234652 -0.03972393 1.277693 -0.05300635 -0.03586673 1.291608 -0.05214923 -0.03526043 1.305335 -0.05443972 -0.03062236 1.326228 -0.05800962 -0.02105081 1.304521 -0.05725294 -0.01575207 1.325376 -0.05765324 -0.02408862 1.287009 -0.05588281 -0.0227409 1.276746 -0.05339473 -0.02412813 1.263812 -0.05036675 -0.01764231 1.250981 -0.05008149 -0.02904731 1.237952 -0.04514861 -0.04206299 1.231681 -0.04121041 -0.05226904 1.227778 -0.0354979 -0.07064545 1.23522 -0.04333513 -0.04039251 1.220039 -0.05570989 -0.01384913 1.277188 -0.05813604 -0.01760494 1.288216 -0.05730944 -0.01088255 1.287202 -0.04565578 -0.02059537 1.230244 -0.04993122 -0.002598464 1.255695 -0.04999136 -0.009663879 1.252687 -0.04684478 -0.02875232 1.22646 -0.04241651 -0.02584522 1.216152 -0.03911912 -0.03331249 1.212103 -0.0539779 0.008165836 1.269308 -0.05162292 0.003472268 1.260441 -0.03993499 -0.04997557 1.216248 -0.0358653 -0.06835114 1.223731 -0.03078597 -0.07661277 1.235815 -0.03419005 -0.06351101 1.212771 -0.02623915 -0.0803579 1.231024 -0.02669543 -0.07937926 1.22671 -0.02732455 -0.07974284 1.219793 -0.0205028 -0.08425438 1.224189 -0.03122961 -0.07549142 1.220874 -0.02964872 -0.07193088 1.209708 -0.03123992 -0.05616056 1.20646 -0.02661192 -0.04484903 1.202522 -0.02420413 -0.03405499 1.200886 -0.02095192 -0.02785462 1.194301 -0.01304441 -0.03760588 1.192258 -0.02580881 -0.07792031 1.207304 -0.02398967 -0.07185113 1.203322 -0.02792578 -0.06504374 1.204823 -0.02132588 -0.06260234 1.199123 -0.02400243 -0.05383336 1.200606 -0.01471394 -0.04471224 1.196727 -0.01935654 -0.03951728 1.198755 -0.01864492 -0.08110004 1.200911 -0.01668059 -0.06913429 1.197131 -0.02660751 -0.08006906 1.213435 -0.02102088 -0.08602637 1.218104 -0.02102375 -0.08779728 1.211984 -0.02080965 -0.08648151 1.205397 -0.01155 -0.08787536 1.199768 -0.01020503 -0.07353341 1.196525 -0.01186406 -0.09333038 1.211051 -0.01149708 -0.09127503 1.217115 -0.01121062 -0.08926105 1.222018 -0.01607227 -0.08651411 1.222933 -0.01087903 -0.08941715 1.226465 -0.01515054 -0.0877124 1.227837 -0.02005016 -0.08462882 1.229974 -0.02310121 -0.08318501 1.232388 1.06299e-5 -0.09333962 1.216523 -0.004451572 -0.0902732 1.221621 1.01879e-4 -0.09107828 1.221588 0.004572212 -0.09027308 1.221644 -0.01123362 -0.09212112 1.231312 -0.004400312 -0.09086561 1.226418 1.34626e-4 -0.09163343 1.226132 0.00459063 -0.09085524 1.22655 0.01114571 -0.08923637 1.222334 0.01504057 -0.08762961 1.228926 0.01501321 -0.08928662 1.233298 0.01113653 -0.09206318 1.232016 0.01451194 -0.08886206 1.235312 0.01088982 -0.0917434 1.235015 0.01077544 -0.08936864 1.227137 0.007763206 -0.09375232 1.231328 0.00721848 -0.09362846 1.235083 0.004673659 -0.09522479 1.230635 1.37236e-4 -0.09624296 1.230414 -0.004470765 -0.0952323 1.23054 -0.007689297 -0.09379124 1.230836 -0.004082441 -0.0947262 1.235092 1.33598e-4 -0.09543812 1.235187 0.004285991 -0.0947209 1.235157 -0.003686368 -0.09279584 1.236458 1.30569e-4 -0.09344196 1.236607 0.003904581 -0.09285992 1.236606 0.006623506 -0.09203571 1.236675 0.01027572 -0.09050875 1.236645 0.01457113 -0.08792316 1.23638 -0.02963316 -0.07490438 1.289798 -0.03410422 -0.07068008 1.291977 -0.0302329 -0.07510042 1.295761 -0.02424901 -0.07669067 1.289295 -0.02520155 -0.07760757 1.29711 -0.02046507 -0.07652944 1.296275 -0.01901739 -0.0755248 1.290576 -0.0170896 -0.0750367 1.294496 -0.01448523 -0.07397228 1.29173 -0.01258081 0.01951277 1.377125 -0.02395111 0.02039211 1.37463 -0.01908123 0.03149509 1.36964 -0.009408414 0.03143197 1.371513 0 0.03130942 1.372565 -0.009686291 0.04420208 1.364467 0 0.04418218 1.364485 -0.01532018 0.0391913 1.366527 0 0.01860576 1.378284 -0.01255851 3.0854e-4 1.379274 -0.02843403 0.001415789 1.375646 -0.01346808 -0.01562207 1.377662 -0.02810251 -0.01465892 1.374962 -0.01241856 -0.03513926 1.375611 -0.02563291 -0.03387016 1.372854 -0.02020472 -0.0453394 1.37127 -0.01109516 -0.05112898 1.371237 0 -0.05243653 1.371233 0 -0.03629791 1.376508 0 -0.0163235 1.379188 0 -7.09664e-4 1.380143 -0.006542026 -0.09192341 1.236503 -0.004013359 -0.0754953 1.236879 -0.003686368 -0.09279584 1.236458 5.96456e-5 -0.07609516 1.236879 1.30569e-4 -0.09344196 1.236607 0.003766417 -0.0754953 1.236879 0.003904581 -0.09285992 1.236606 0.006623506 -0.09203571 1.236675 0.008064091 -0.07453626 1.236879 0.01027572 -0.09050875 1.236645 0.01457113 -0.08792316 1.23638 0.01392561 -0.07205617 1.236879 0.01878792 -0.08537524 1.23687 0.01458984 -0.08763962 1.236938 0.01017856 -0.09029424 1.237149 0.006495416 -0.09169119 1.237064 0.00382775 -0.09248352 1.236943 1.29921e-4 -0.09301847 1.236907 -0.003626704 -0.09248608 1.236907 -0.006525933 -0.09168624 1.237122 -0.008927464 -0.07406395 1.236879 -0.01028603 -0.09035027 1.23659 -0.01444602 -0.07187718 1.236879 -0.01478022 -0.08777487 1.235925 -0.01886224 -0.08550143 1.235627 -0.01471209 -0.08806669 1.235537 -0.01033478 -0.09056526 1.236102 0.003976643 -0.097045 1.245849 0.006689786 -0.09597331 1.24595 0.007449984 -0.09751057 1.24234 6.72467e-5 -0.0962482 1.24558 -0.003887712 -0.097045 1.245849 -0.00352019 -0.09450894 1.252516 -0.006427526 -0.09382957 1.252016 0.01017856 -0.09029424 1.237149 0.01004892 -0.0938574 1.23909 0.007226169 -0.09528309 1.239144 0.004398643 -0.0986756 1.24212 1.2733e-4 -0.0984348 1.240652 -0.004238724 -0.09867554 1.24212 -0.006664276 -0.09597331 1.24595 0.004092693 -0.09662556 1.238953 1.2733e-4 -0.09752118 1.238236 -0.00391668 -0.09662604 1.238947 -0.007393538 -0.09751057 1.24234 -0.009951293 -0.09436732 1.245461 -0.01029038 -0.09553056 1.241756 1.29921e-4 -0.09301847 1.236907 0.00382775 -0.09248352 1.236943 0.006495416 -0.09169119 1.237064 -0.009892344 -0.09418565 1.268998 -0.007147789 -0.09187692 1.28261 -0.007976353 -0.0980181 1.272025 -0.01563048 -0.08850634 1.263836 -0.01436352 -0.08959776 1.259184 -0.01182228 -0.08962613 1.256367 -0.009141385 -0.08954614 1.256018 -0.01386934 -0.08368998 1.257576 -0.01443874 -0.08514094 1.258531 -0.01018947 -0.0885365 1.281626 -0.02580511 -0.078758 1.300476 -0.02539879 -0.07939177 1.29834 -0.03125351 -0.07637697 1.296605 -0.02123141 -0.08005768 1.300198 -0.02058565 -0.07914501 1.29774 -0.01830792 -0.08004117 1.299404 -0.01627242 -0.07775366 1.295374 -0.01445716 -0.08033281 1.297345 -0.02046507 -0.07652944 1.296275 -0.02520155 -0.07760757 1.29711 -0.0302329 -0.07510042 1.295761 -0.03410422 -0.07068008 1.291977 -0.02963316 -0.07490438 1.289798 -0.02424901 -0.07669067 1.289295 -0.01901739 -0.0755248 1.290576 -0.01448523 -0.07397228 1.29173 -0.0170896 -0.0750367 1.294496 -0.02164071 -0.08661377 1.304759 -0.02735853 -0.08590936 1.309949 -0.03192454 -0.08220899 1.315569 -0.03569126 -0.07332772 1.325986 -0.04440355 -0.0662623 1.308709 -0.04247903 -0.06414562 1.323308 -0.04994589 -0.0484057 1.315964 -0.04951602 -0.04415786 1.327303 -0.04210704 -0.06264364 1.32959 -0.02672445 -0.08050751 1.327719 -0.02548426 -0.07646524 1.338884 -0.0483697 -0.04190021 1.33774 -0.02358961 -0.07200831 1.350903 -0.01565724 -0.07569473 1.351382 -0.006508111 -0.07728177 1.351563 -0.009440302 -0.08264803 1.339782 -0.02279144 -0.08769369 1.309796 -0.01194196 -0.08978325 1.317011 -0.005554318 -0.09035247 1.316651 -0.01065862 -0.08539313 1.329152 -0.01751226 -0.0807498 1.33932 -0.01942187 -0.08325415 1.328876 -0.0266363 -0.08581447 1.31643 -0.02145153 -0.08755832 1.316793 0.04745382 -0.06364452 1.270153 0.04235482 -0.07205551 1.268877 0.03975433 -0.0720129 1.278519 0.03578698 -0.07359254 1.282804 0.03483653 -0.07069861 1.291511 0.02867782 -0.07796281 1.282885 0.02891558 -0.07548052 1.288348 0.02323794 -0.07944715 1.283976 0.02354007 -0.07781469 1.288035 0.01774072 -0.07713943 1.289894 0.01806581 -0.08078008 1.285135 0.01884227 -0.08202522 1.279441 0.02353429 -0.08082294 1.278887 0.0192492 -0.08344203 1.271364 0.02923917 -0.08023762 1.27337 0.02864098 -0.07928174 1.278553 0.03619992 -0.0753532 1.278574 0.03866112 -0.07663577 1.2678 0.015652 -0.08464419 1.280201 0.01190811 -0.08264946 1.287777 0.01160782 -0.07569551 1.291454 0.009458065 -0.08288031 1.289897 0.009121298 -0.08053952 1.292496 0.006624341 -0.0867331 1.29407 0.009641468 -0.08398252 1.296301 0.01292222 -0.08621072 1.280799 0.0101487 -0.08850628 1.281635 0.004159986 -0.08965653 1.297709 0.00516504 -0.08872503 1.30102 0.008124351 -0.08683234 1.298097 0.005550086 -0.09007108 1.308516 0.01236879 -0.08952546 1.308753 0.009890854 -0.08743155 1.301351 0.01650035 -0.08687967 1.303034 0.02205473 -0.08777177 1.309038 0.02640306 -0.08578795 1.316118 0.0105561 -0.08031815 1.29475 0.01232957 -0.08319413 1.29888 0.01352232 -0.08039146 1.297537 0.01541388 -0.07782661 1.295613 0.02061343 -0.08671808 1.304074 0.01729041 -0.08009117 1.299337 0.019481 -0.07920569 1.29769 0.01953047 -0.07655924 1.296445 0.01624542 -0.07508802 1.294742 0.01364105 -0.07402312 1.291976 0.01816809 -0.07558453 1.290822 0.02331143 -0.07673567 1.289351 0.02842718 -0.0749042 1.289677 0.0328859 -0.07066041 1.291844 0.02967202 -0.07637727 1.296011 0.02884501 -0.07511395 1.29542 0.02409648 -0.07944035 1.29785 0.02397763 -0.07765144 1.296939 0.04010009 -0.06730979 1.289872 0.03543144 -0.07175344 1.295779 0.0301032 -0.07633072 1.298446 0.0244891 -0.07879155 1.299777 0.02000784 -0.08012551 1.299852 -0.0548675 -0.01110035 1.259985 -0.05439132 -0.01044261 1.25706 -0.05619925 -0.006644606 1.256188 -0.05955064 0.003099143 1.270177 -0.06277877 0.005795478 1.269111 -0.06295639 0.004689455 1.274374 -0.06026285 0.002704322 1.265194 -0.05864965 6.09734e-4 1.268875 -0.05825829 -0.001185774 1.262905 -0.05774486 -0.001580119 1.26887 -0.05519229 -0.007445096 1.263979 -0.05500262 -0.00749427 1.268364 -0.05234217 -0.01076591 1.266313 -0.05201834 -0.009880244 1.269593 -0.05708569 -0.01230943 1.267755 -0.05526733 -0.01172471 1.262762 -0.05489772 -0.01418524 1.262193 -0.05414658 -0.01372218 1.256077 -0.05656105 -0.01135182 1.253796 -0.05819892 -0.007895052 1.253002 -0.05637961 -0.007204174 1.260352 -0.05414557 -0.009105741 1.262164 -0.05400508 -0.01282912 1.248069 -0.05403137 -0.017057 1.264211 -0.05586153 -0.01465505 1.26649 -0.05734997 -0.01166832 1.271857 -0.05724769 -0.01009124 1.271188 -0.0581147 -0.007463157 1.272526 -0.06077188 -0.001067996 1.271824 -0.05976474 0.002372264 1.272791 -0.05912226 1.63212e-5 1.274186 -0.06174659 0.001287341 1.277347 -0.05960881 -0.007534325 1.274223 -0.05996882 -0.006629347 1.275838 -0.05928587 -0.009566426 1.274977 -0.05715411 -0.01312363 1.274148 -0.0604459 -0.009081602 1.280568 -0.05882471 -0.003270149 1.276058 -0.05943906 -0.007779181 1.280022 -0.05951708 -0.007139027 1.285056 -0.06058412 -0.002893805 1.278922 -0.06509536 0.003542244 1.28129 -0.06265807 -0.002013981 1.283795 -0.06579571 0.007700979 1.278218 -0.06396251 0.008183419 1.275602 -0.06339019 0.008637905 1.273138 -0.05951708 -0.007139027 1.285056 -0.06335479 -0.001754105 1.28847 -0.06489008 0.003032982 1.288592 -0.06545633 0.006608426 1.287271 -0.06501144 0.009988903 1.283154 -0.0645678 0.01126962 1.277897 -0.06419718 0.01086246 1.273104 -0.06337696 0.007257759 1.268533 -0.06038123 0.003582179 1.261019 -0.06380158 0.008932352 1.267871 -0.06031912 0.003108859 1.26327 -0.05815428 -0.001144349 1.257591 -0.0539509 -0.01001906 1.263247 -0.06035983 -0.001782 1.254562 -0.06267333 0.003471195 1.258372 -0.06645834 0.009417474 1.265987 -0.06419718 0.01086246 1.273104 -0.06694561 0.01162719 1.27242 -0.0645678 0.01126962 1.277897 -0.06730997 0.01201516 1.277131 -0.06501144 0.009988903 1.283154 -0.06784033 0.01027935 1.283302 -0.06545633 0.006608426 1.287271 -0.0682975 0.006834626 1.287549 -0.06489008 0.003032982 1.288592 -0.06760168 0.002287566 1.289009 -0.06335479 -0.001754105 1.28847 -0.06608456 -0.002459645 1.288882 -0.06786513 0.01517611 1.27925 -0.06845062 0.01333719 1.285561 -0.06736075 0.01443833 1.271725 -0.06679499 0.01179552 1.264415 -0.06255799 0.005137562 1.256063 -0.05955314 -0.001592814 1.250607 -0.05663073 -0.007852792 1.247706 -0.05177778 -0.01249086 1.24769 -0.05420422 -0.007578432 1.247161 -0.04999136 -0.009663879 1.252687 -0.05697947 -0.0011065 1.250208 -0.06004643 0.005598127 1.255992 -0.06436359 0.01259195 1.2647 -0.06491553 0.01515924 1.271827 -0.06543368 0.01596707 1.279535 -0.06603771 0.01386463 1.286168 -0.06910604 0.009854495 1.291117 -0.06667464 0.0102635 1.291701 -0.0552206 0.008196711 1.277742 -0.05655241 0.003719031 1.286644 -0.0539779 0.008165836 1.269308 -0.05162292 0.003472268 1.260441 -0.04993122 -0.002598464 1.255695 -0.06194692 -0.008526682 1.284842 -0.06170266 -0.01120036 1.286205 -0.05978214 -0.01153188 1.286949 -0.05730944 -0.01088255 1.287202 -0.0632525 -0.004657804 1.292956 -0.05726486 -0.003792643 1.289614 -0.06581014 0.002914428 1.294375 -0.06822109 0.002572119 1.293643 -0.06575578 -0.004679322 1.292073 0.04999136 -0.009663879 1.252687 0.05000138 -0.01763921 1.250979 0.05168569 -0.01249086 1.24769 0.04993122 -0.002598464 1.255695 0.05420422 -0.007578432 1.247161 0.05385708 -0.01282912 1.248069 0.05395054 -0.01372218 1.256077 0.05322456 -0.02412772 1.263812 0.05588281 -0.0227409 1.276746 0.05765324 -0.02408862 1.287009 0.05300635 -0.03586673 1.291608 0.05484676 -0.01110035 1.259985 0.0539509 -0.01001906 1.263247 0.05414557 -0.009105682 1.262164 0.055238 -0.01172471 1.262762 0.05479878 -0.01418524 1.262193 0.05394876 -0.017057 1.264211 0.05928587 -0.009566426 1.274977 0.0604459 -0.009081602 1.280568 0.05996882 -0.006629347 1.275838 0.05715411 -0.01312363 1.274148 0.05585443 -0.01465505 1.26649 0.05708569 -0.01230943 1.267755 0.05234217 -0.01076591 1.266313 0.05519229 -0.007445096 1.263979 0.05637961 -0.007204174 1.260352 0.05439132 -0.01044261 1.25706 0.05649155 -0.01135182 1.253796 0.05825829 -0.001185774 1.262905 0.06077188 -0.001067996 1.271824 0.05976474 0.002372264 1.272791 0.05955064 0.003099143 1.270177 0.05912226 1.63212e-5 1.274186 0.06174659 0.001287341 1.277347 0.05882471 -0.003270149 1.276058 0.05960881 -0.007534325 1.274223 0.0581147 -0.007463157 1.272526 0.05724769 -0.01009124 1.271188 0.05500262 -0.00749427 1.268364 0.05265247 -0.009880244 1.269593 0.05734997 -0.01166832 1.271857 0.0577448 -0.001580119 1.26887 0.06022632 0.002704322 1.265194 0.05864965 6.09734e-4 1.268875 0.06430268 0.01259195 1.2647 0.06247597 0.005137562 1.256063 0.06676524 0.01179552 1.264415 0.05992597 0.005598127 1.255992 0.05955314 -0.001592814 1.250607 0.05697947 -0.0011065 1.250208 0.05663073 -0.007852792 1.247706 0.05819892 -0.007895052 1.253002 0.05619925 -0.006644606 1.256188 0.05815428 -0.001144349 1.257591 0.06026303 0.003108859 1.26327 0.06277877 0.005795478 1.269111 0.06030899 0.003582179 1.261019 0.06262534 0.003471195 1.258372 0.06645131 0.009417474 1.265987 0.06035983 -0.001782 1.254562 0.06379801 0.008932352 1.267871 0.06337678 0.007257759 1.268533 0.06339019 0.008637905 1.273138 0.06295639 0.004689455 1.274374 0.06396251 0.008183419 1.275602 0.06579571 0.007700979 1.278218 0.06509536 0.003542244 1.28129 0.06736075 0.01443833 1.271725 0.06694561 0.01162719 1.27242 0.06419718 0.01086246 1.273104 0.0645678 0.01126962 1.277897 0.06501144 0.009988903 1.283154 0.06545633 0.006608426 1.287271 0.06228351 -0.002013981 1.283795 0.06058412 -0.002893805 1.278922 0.05943906 -0.007779181 1.280022 0.06335479 -0.001754105 1.28847 0.06489008 0.003032982 1.288592 0.05951708 -0.007139027 1.285056 0.06786513 0.01517611 1.27925 0.06730997 0.01201516 1.277131 0.0645678 0.01126962 1.277897 0.06784033 0.01027935 1.283302 0.06501144 0.009988903 1.283154 0.0682975 0.006834626 1.287549 0.06545633 0.006608426 1.287271 0.06760168 0.002287566 1.289009 0.06489008 0.003032982 1.288592 0.06608456 -0.002459645 1.288882 0.06335479 -0.001754105 1.28847 0.06194692 -0.008526682 1.284842 0.05951708 -0.007139027 1.285056 0.06845062 0.01333719 1.285561 0.06910604 0.009854495 1.291117 0.06822109 0.002572119 1.293643 0.06575578 -0.004679322 1.292073 0.06170266 -0.01120036 1.286205 0.06581014 0.002914428 1.294375 0.0632525 -0.004657804 1.292956 0.05978214 -0.01153188 1.286949 0.0552206 0.008196711 1.277742 0.05394029 0.008165836 1.269308 0.06491553 0.01515924 1.271827 0.06543368 0.01596707 1.279535 0.06603771 0.01386463 1.286168 0.05655241 0.003719031 1.286644 0.06667464 0.0102635 1.291701 0.05705344 -0.003792643 1.289614 0.05794364 -0.01088255 1.287202 0.05148911 0.003472268 1.260441 -0.02810251 -0.01465892 1.374962 -0.02563291 -0.03387016 1.372854 -0.03858989 -0.03282552 1.364928 -0.05726486 -0.003792643 1.289614 -0.05655241 0.003719031 1.286644 -0.0552206 0.008196711 1.277742 0.0328859 -0.07066041 1.291844 0.02842718 -0.0749042 1.289677 0.02884501 -0.07511395 1.29542 0.02397763 -0.07765144 1.296939 0.02331143 -0.07673567 1.289351 0.01816809 -0.07558453 1.290822 0.01953047 -0.07655924 1.296445 0.01624542 -0.07508802 1.294742 0.01364105 -0.07402312 1.291976 0.04165142 0.07481652 3.17931e-7 0.06361466 0.08323532 3.27015e-7 0.06396323 0.08356797 0.02060109 0.04182946 0.07539862 0.02017283 0.02807384 0.05654305 2.99764e-7 0.02808791 0.05687928 0.02049618 0.02903616 0.02812117 2.99764e-7 0.0356881 0.008105039 0.01331818 0.03576207 0.007933318 2.9068e-7 -0.0451247 -0.06634449 1.301001 -0.04481256 -0.06597512 1.295916 -0.04426717 -0.06507289 1.290362 0.04182946 0.07539862 0.02017283 0.06396323 0.08356797 0.02060109 0.06439286 0.08100044 0.02085334 0.04268032 0.07236123 0.0207985 0.02808791 0.05687928 0.02049618 0.03140628 0.0552507 0.02068936 0.0356881 0.008105039 0.01331818 -0.02598649 -0.08138442 1.235555 -0.02522021 -0.08198475 1.239542 0.4509279 -0.01544767 0.6881529 0.4492422 -0.008349955 0.6864892 0.4464082 -0.01485294 0.6863442 0.4501018 -0.002659857 0.6924305 0.4513052 -1.37407e-4 0.7048225 0.4490597 4.25916e-4 0.7137984 0.4480519 0.002787768 0.7203931 0.4497446 0.008998632 0.7294017 0.4600185 0.01203447 0.7333108 0.4652016 0.01227658 0.7357708</float_array>
          <technique_common>
            <accessor source="#player_male_portal_player_mdl_Body_portal_player_reference_smd_-mesh-positions-array" count="2880" stride="3">
              <param name="X" type="float"/>
              <param name="Y" type="float"/>
              <param name="Z" type="float"/>
            </accessor>
          </technique_common>
        </source>
        <source id="player_male_portal_player_mdl_Body_portal_player_reference_smd_-mesh-normals">
          <float_array id="player_male_portal_player_mdl_Body_portal_player_reference_smd_-mesh-normals-array" count="8652">0.5623217 -0.7414191 0.3661859 0.06775051 -0.9918815 -0.1076146 0.6986848 -0.656522 0.2842858 0.4224309 -0.906351 -0.008948266 0.2089461 -0.9357894 -0.2839714 0.7577834 -0.6248592 -0.1879243 0.1953531 -0.6443012 -0.7394006 0.6095235 0.1947625 -0.7684717 0.9972648 0.02452749 -0.06972426 0.6711463 0.6925372 -0.2644899 0.6408172 0.767387 0.02169239 0.9758773 0.08389419 0.2015571 0.6356349 0.7714075 -0.02997905 0.9795056 0.1084154 0.1697498 0.4504845 0.799957 -0.3963999 0.9853826 0.1043041 -0.1346913 0.3600579 0.3136695 -0.8786182 0.7839766 -0.01843398 -0.6205168 0.5286015 -0.8186014 -0.2246602 -0.1704322 -0.7005043 -0.6929984 -0.8057119 -0.3852069 -0.4499378 -0.8216968 -0.5569011 -0.1211428 -0.8113607 -0.567696 -0.1393375 -0.7328779 -0.6803135 0.00797826 -0.5697187 -0.7918156 0.2201102 -0.545825 -0.8325175 0.09481489 -0.4652447 -0.8822942 0.07144427 -0.5273847 -0.825666 -0.2003529 -0.583185 -0.7966321 -0.1589743 -0.6458016 -0.7635024 0.00214678 -0.6565607 -0.7463523 -0.109025 -0.5929528 -0.7945008 -0.1310551 -0.6671895 -0.7395893 -0.08868992 -0.6987685 -0.7143538 -0.03769892 -0.7248347 -0.6817935 0.09885525 -0.6176462 -0.780995 0.09252107 -0.6906344 -0.7189411 0.0784083 -0.4645786 -0.8713282 -0.1579681 -0.1225388 -0.04299646 0.991532 -0.1379425 -0.1652135 0.9765636 -0.1225644 -0.0429849 0.9915293 -0.08500778 0.1100498 0.9902842 -0.0849955 0.1100444 0.9902859 -0.02923101 0.1005402 0.9945035 -0.02924257 0.1005315 0.994504 -0.8459886 -0.4949922 -0.1982077 -0.5327714 -0.7342569 -0.4207392 -0.9196279 -0.3925407 0.0140177 -0.595183 -0.799069 -0.08512413 -0.8257556 -0.5575574 -0.08519065 -0.8478736 -0.5160903 0.1214952 -0.9614235 -0.2748533 0.01098763 -0.9678115 -0.2507353 0.02174115 -0.9111571 -0.3884667 0.1374282 -0.7668853 -0.6010054 0.2251212 -0.7409954 -0.6705828 -0.03527897 -0.9735554 -0.2199428 0.06176751 -0.9735544 -0.2199452 0.06177461 -0.9487304 -0.3160843 -0.001194715 -0.9645868 0.256471 0.06160348 -0.9645912 0.2564559 0.06159961 -0.6018904 0.7984629 -0.01360672 -0.6018667 0.7984807 -0.0136106 -0.09553927 0.9952952 -0.0161181 -0.09553194 0.995296 -0.01611316 -0.3571822 -0.9322877 -0.05710291 -0.336135 -0.940704 -0.04570931 -0.3175117 -0.9455011 -0.0722084 -0.3080736 -0.9475159 -0.08546561 0.07960641 -0.9906327 -0.1109495 0.07957124 -0.990633 -0.1109719 0.5575895 -0.8246955 -0.09471732 0.5576018 -0.8246884 -0.09470731 0.7068036 -0.7031958 -0.07709908 -0.7349224 0.6425452 -0.2168521 -0.7868418 0.5752958 -0.2234167 -0.681589 0.7173849 -0.1442059 -0.8699872 0.3802908 -0.3138493 -0.9618491 0.1478539 -0.2301862 -0.9692661 0.179441 -0.168298 -0.9840799 0.03478056 -0.1742906 -0.9973168 -0.0185306 -0.0708217 -0.9896393 0.03652513 -0.1388525 -0.9835774 -0.1799843 0.01346069 -0.9932765 -0.03756397 0.1095026 -0.9816576 -0.168258 0.08965301 -0.9666232 -0.105362 0.2335351 -0.9603032 -0.266749 0.08162647 -0.9381753 -0.2647649 0.2229952 -0.9081974 -0.3500298 0.2294708 -0.8664061 -0.2529409 0.4305364 -0.8440125 -0.4468932 0.2965292 -0.7854271 -0.4192026 0.4553827 -0.6532058 -0.5611962 0.5083121 -0.6712812 -0.2397722 0.7013493 -0.7107264 -0.0704894 0.6999281 -0.8942764 -0.07002389 0.4420027 -0.6479887 -0.372011 0.664619 -0.332198 -0.341671 0.8791505 -0.3618115 -0.2135081 0.9074728 -0.3894478 -0.08806699 0.9168287 -0.3995007 0.04714256 0.9155201 -0.1953327 0.6145799 0.7642884 -0.1662951 0.1460781 0.975196 0.8705663 0.2996107 0.3903175 0.8415464 0.5178706 0.1536548 -0.1940566 0.8862937 0.4205063 0.8443737 0.5356167 -0.012169 -0.1718483 0.9768112 0.1277033 0.8359412 0.5180486 -0.1811853 -0.1414828 0.9706953 -0.1942509 0.7962598 0.4135419 -0.4415354 -0.1417297 0.8862795 -0.4409323 -0.5099135 0.8357319 -0.2038151 -0.1712005 0.747336 -0.642012 -0.4898298 0.7357954 -0.4676235 -0.2278406 0.5507369 -0.8029806 -0.6150621 0.5311889 -0.5826981 -0.3384464 0.278361 -0.8988711 0.6580687 -0.1898898 -0.7286202 0.5272113 -0.5647288 -0.6349251 0.8551145 -0.4681924 0.222655 0.8578753 -0.5093094 -0.06822043 0.03159511 -0.8636093 0.5031708 -0.3117536 -0.6659685 0.6777136 -0.1358396 -0.4106429 0.9016208 -0.5404517 -0.09069257 0.8364729 -0.6186802 0.3865753 0.6839549 -0.622282 0.740358 0.2542346 0.9784037 0.2017919 -0.04479277 0.5501335 0.6952145 -0.4626337 0.9689343 0.1935119 -0.1540119 0.7943279 0.1679766 -0.5838041 0.6753448 -0.7358311 0.04961824 0.7639425 -0.5283012 0.3705261 0.8302543 -0.1514698 0.5364092 0.6946685 -0.08036392 -0.7148268 0.6857703 -0.2605274 -0.6795916 0.6898874 -0.4253978 -0.5857406 0.7082296 -0.5989138 -0.3737822 0.7384212 -0.6641587 -0.1167364 0.1812801 0.2094824 -0.9608615 0.1172397 -0.1800615 -0.9766437 0.1055006 -0.5689369 -0.8155859 0.135639 -0.8775166 -0.4599639 0.2168459 -0.9706099 -0.1043756 0.7335281 -0.6748932 0.08034783 0.7684593 -0.6350133 0.0789209 0.8567974 -0.3907302 -0.3364939 0.8913339 -0.4245952 -0.1588801 0.8861018 -0.4428741 -0.1366981 0.901127 -0.419661 -0.1088795 0.9856427 -0.1687393 -0.005967915 0.9411835 -0.3342543 -0.04947513 0.9878383 0.112964 0.1068397 0.9784826 -0.1206207 -0.1673993 0.792821 -0.45249 -0.4082741 0.9290774 -0.3292025 -0.1686446 0.9562231 -0.05324506 -0.2877541 0.9843339 0.1552527 -0.08356702 0.9529102 -0.03049409 -0.3017158 0.9840782 0.0509634 -0.1702734 0.9719356 -0.219289 -0.0851674 0.728048 -0.6654648 0.1646291 0.7791406 -0.6148207 0.1222112 0.9560167 -0.2914841 -0.03269523 0.8628574 -0.3892307 -0.3224542 0.8410683 -0.5380364 -0.05586588 0.9283099 -0.3213877 -0.1869518 0.9341414 -0.3505758 -0.06690645 0.891198 -0.4382775 -0.1169577 0.7624097 -0.6153397 0.2002213 0.818217 -0.5588778 0.1348205 0.8389171 -0.4678153 0.2781493 0.8785489 -0.43977 0.1864253 0.89495 -0.3615853 0.2613824 0.900297 -0.3935275 0.186015 0.7182695 0.1195026 -0.6854255 0.727822 0.2617185 -0.63386 0.8830294 -0.375074 -0.2820973 0.9684086 -0.08862894 -0.2330874 0.8676429 -0.4970712 0.01077735 0.9149647 -0.3989822 0.06043982 0.8814437 -0.4401465 0.171254 0.9351367 -0.2730552 0.2257441 0.904891 -0.2370415 -0.3535304 0.7665821 -0.2279467 -0.6003268 0.8634824 -0.4016085 -0.3051375 0.8605312 -0.4987564 0.1035766 0.8009725 -0.497591 -0.3329358 0.9770269 0.1228901 0.1741161 0.6622556 -0.2647916 -0.7009302 0.8787111 -0.1111868 -0.4642245 0.7206634 0.0481714 -0.6916096 0.9155795 -0.3335431 -0.2246403 0.8593847 -0.5096378 -0.04156124 0.8652464 0.4349942 -0.2492568 0.9822219 -0.1851843 0.03077435 0.8786886 -0.455609 -0.1425727 0.93115 -0.3645286 -0.008867621 0.9965782 -0.05159753 0.06457358 0.9062097 -0.3587269 0.2238284 0.9765781 0.05293923 0.2085493 0.905753 0.4237972 0.002720773 0.9199348 -0.3017146 -0.2503764 0.9120517 -0.3661375 -0.1846753 0.9932733 -0.03753894 0.1095407 0.9825882 0.1677982 0.07977712 0.9649929 0.001702904 0.2622708 0.9978485 -0.00270617 -0.06550651 0.9816833 -0.1681648 0.08954626 0.981994 -0.1882746 0.01551306 0.9587309 -0.2830281 0.02701973 0.9716141 -0.2322963 -0.04477292 0.9942111 -0.0458188 -0.09718525 0.9797286 -0.09114128 -0.1783958 0.9818239 -0.04708284 -0.1838614 0.860686 -0.2621672 -0.4364494 0.9756596 -0.2123914 0.05457389 0.973421 -0.2204296 -0.06214863 0.9512032 -0.3069549 0.0314821 0.9703666 -0.2380003 0.04176872 0.9895045 -0.07408684 -0.1240644 0.9801593 -0.03147768 -0.1956961 0.9717356 -0.07233023 -0.2247184 0.9442876 0.07355636 -0.3207964 0.9560661 0.1289826 -0.2632511 0.9757698 0.05944359 -0.2105702 -0.4930871 -0.09658932 -0.8646015 -0.8278394 0.2851978 -0.4830572 -0.6857826 -0.2605171 -0.6795831 -0.6946613 -0.08035486 -0.7148348 -0.8302559 -0.1514754 0.536405 -0.7639464 -0.5283023 0.3705167 -0.7908877 0.1530686 -0.5925088 -0.6621553 -0.748173 0.04227972 0.1352779 -0.4033398 0.9049956 -0.05477178 -0.8672962 0.4947701 0.1683111 0.1440566 0.9751508 -0.7082414 -0.598902 -0.373779 -0.6898725 -0.4254053 -0.5857528 -0.8415625 0.517849 0.1536397 -0.8705648 0.2996054 0.3903251 0.1953812 0.6145741 0.7642807 0.6210917 0.3841624 0.6831285 0.5475042 -0.0662322 0.8341777 0.2884902 -0.6660816 0.687829 -0.8551257 -0.5165258 -0.04428613 -0.9703947 0.09995102 -0.2198725 -0.5501632 0.695201 -0.4626188 -0.1812787 0.2094853 -0.960861 0.2272502 0.5519402 -0.8023213 0.6145669 0.5342143 -0.5804504 0.8330257 0.2660568 -0.485059 0.1701107 0.7477734 -0.6417924 0.4890049 0.7372664 -0.4661679 0.1409094 0.8857091 -0.4423394 0.5103713 0.8347981 -0.2064784 0.1411903 0.9705324 -0.1952751 0.1720004 0.9768308 0.1273477 0.622522 0.7403022 0.2538094 0.1940638 0.8863081 0.4204726 -0.8443682 0.5356252 -0.01216822 -0.8366958 0.5173872 -0.1795848 -0.7993428 0.4117376 -0.4376338 -0.7307243 0.2565672 -0.6326256 -0.7185685 0.1154971 -0.6857987 0.3388897 0.2748141 -0.899795 0.4939415 -0.11311 -0.8621068 -0.8630683 -0.2548032 -0.4361062 -0.5356289 -0.553496 -0.6377648 -0.6601994 -0.1832352 -0.7283967 -0.866264 -0.4453117 0.2264603 -0.9030375 -0.3864835 0.187494 -0.8767196 -0.4435684 0.1860376 -0.8155636 -0.5622489 0.1368666 -0.7783052 -0.61515 0.1258236 -0.7679804 -0.6354526 0.0800383 -0.7384103 -0.6641721 -0.1167296 -0.1172223 -0.1800722 -0.9766438 -0.1055061 -0.5689483 -0.8155774 -0.1356505 -0.8775067 -0.4599793 -0.216836 -0.9706125 -0.104373 -0.3142703 -0.93287 0.1760334 -0.728585 -0.6642957 0.1669586 -0.7603601 -0.6173629 0.2017815 -0.8368945 -0.4716156 0.2778243 -0.8957341 -0.3589633 0.2623088 -0.9971317 -0.03105741 0.06902223 -0.8985199 0.438861 0.00794214 -0.9759597 0.0583508 0.2099952 -0.96493 0.1238777 0.2314403 -0.8605156 -0.4987744 0.1036193 -0.9064999 -0.3565995 0.2260417 -0.8819091 -0.4391085 0.1715231 -0.9135182 -0.402159 0.06126093 -0.8655273 -0.5006355 0.01505714 -0.890446 -0.441282 -0.1112483 -0.9345602 -0.3501779 -0.06302928 -0.8413284 -0.5379683 -0.05250424 -0.9679153 -0.2488572 -0.03478515 -0.8628565 -0.3892288 -0.322459 -0.9719085 -0.2194715 -0.0850073 -0.9529131 -0.03051775 -0.3017042 -0.9840733 0.05101412 -0.1702857 -0.9562335 -0.05327999 -0.2877133 -0.9843366 0.155223 -0.0835908 -0.9319537 -0.3184229 -0.1734046 -0.9878827 -0.1551294 0.004767715 -0.9508619 -0.3083214 -0.02827674 -0.9023787 -0.4264299 -0.06221294 -0.8884778 -0.4329557 -0.1521736 -0.8710831 -0.47782 -0.1135888 -0.8491749 -0.3937371 -0.3519561 -0.9910106 0.05644077 -0.1212955 -0.9784896 -0.1206072 -0.1673679 -0.7911855 -0.4486026 -0.4156698 -0.987667 -0.1462858 -0.0558086 -0.9946947 0.04420083 0.09289187 -0.9630328 -0.1199662 -0.2411972 -0.8858431 -0.4381784 -0.1525839 -0.9048854 -0.2370395 -0.353546 -0.9304796 -0.3160526 -0.1852529 -0.8450977 -0.5345165 0.01011151 -0.9857224 -0.03160667 -0.1653861 -0.9137452 -0.3756343 -0.1548187 -0.8717637 -0.4745316 -0.1218529 -0.8736005 -0.1090822 -0.4742609 -0.6532217 -0.2722898 -0.7065124 -0.7665615 -0.2279329 -0.6003583 -0.914911 -0.3844803 -0.1229339 -0.8780149 -0.3740032 -0.2986829 -0.797308 -0.5177697 -0.3101848 -0.7255715 0.04702407 -0.6865382 -0.8615557 0.452171 -0.2307882 -0.9274477 -0.289563 -0.2366309 -0.9435937 -0.3311057 -1.93145e-4 -0.8878793 -0.4377203 -0.1416733 -0.9418165 -0.2438926 0.2312965 0.4369932 -0.7814506 -0.4453896 0.5674062 -0.8195914 -0.07949972 0.7876055 -0.6099437 -0.08744281 0.4862177 -0.7339408 -0.4742608 0.3823294 -0.7994972 -0.4632802 0.3110599 -0.7444845 -0.5907492 0.254078 -0.848811 -0.4636425 0.2869727 -0.7405492 -0.6076461 0.2260671 -0.7700139 -0.5966342 0.1530268 -0.795528 -0.5862748 0.2132098 -0.7036964 -0.6777558 0.1434707 -0.7707957 -0.6207175 0.158344 -0.8239217 -0.5441328 0.255152 -0.7858908 -0.56327 0.4831647 -0.8743174 0.04605579 0.6433655 -0.717597 0.2667123 0.1504243 -0.4186556 -0.8956003 -0.02159947 -0.4446076 -0.8954651 -0.1048873 -0.4866071 -0.8673017 0.0862739 -0.9855657 -0.1456612 0.2741563 -0.742075 0.6116886 0.3477632 -0.8024701 0.4848739 0.1996828 -0.7213013 0.6632128 0.2335826 -0.7994893 0.5534041 0.1071039 -0.5611634 0.8207463 0.1742256 -0.6502791 0.7394475 0.5865406 -0.7959703 0.1496709 0.7256891 -0.6597121 0.1953338 0.4339012 -0.4106307 -0.8019428 0.3796526 -0.5807368 -0.720145 0.4178287 -0.6177728 -0.6661652 0.2237788 -0.7851067 -0.5775212 0.2436004 -0.9560737 -0.1630395 0.423157 -0.8931058 -0.1526443 0.6608471 -0.5128909 -0.5479272 0.906324 -0.4206704 -0.04016673 0.704658 -0.5343726 -0.466801 0.4842143 -0.5606377 -0.6717306 0.307802 -0.8419944 -0.4430614 0.462989 -0.8589165 0.218869 0.5176866 -0.7819133 0.3472928 0.2966548 -0.9332335 0.2026605 0.5954896 -0.7718589 0.222769 0.5327569 -0.832823 -0.150253 0.1602559 -0.9704689 -0.1803008 -0.04682093 -0.9928134 -0.1101336 0.1362298 -0.9847468 -0.1082369 0.5781514 -0.7570497 -0.30433 0.848791 -0.5283026 -0.02121907 0.3318478 -0.8822322 0.3339812 0.1499111 -0.9733316 0.1736444 -0.05296617 -0.9853169 0.1623122 -0.008281171 -0.9974609 -0.07073432 -0.008217155 -0.9639533 0.2659446 0.4608396 -0.847861 0.2622187 0.6266156 -0.6762711 0.3873118 0.8689197 -0.4394668 0.2277007 0.7962821 -0.4421212 0.4128724 0.8492776 -0.4545102 0.2686045 0.761353 -0.5830731 0.2834914 0.8631466 -0.3638826 0.3500965 0.6206777 -0.7487009 0.2328225 0.793065 -0.5643942 0.2291447 0.3354558 -0.9415927 -0.02953916 0.5131926 -0.8375713 0.1873708 0.5054866 -0.612569 0.6076534 0.3864904 -0.801543 0.4562391 0.4332695 -0.8798022 0.1955146 0.2898191 -0.9522963 0.09558588 0.1998462 -0.9790781 0.03831028 0.3674483 -0.9150672 0.1662346 0.4059848 -0.9135181 0.02571219 0.6248294 -0.780267 0.02778059 0.7057309 -0.6816415 -0.1931546 0.8047772 -0.5931621 0.02218973 0.8487585 -0.4860804 -0.2081709 0.8988019 -0.3696681 -0.2355858 0.5461148 -0.7746651 0.3188303 0.399264 -0.8589703 0.3205595 0.3747742 -0.8935368 0.247258 0.2778524 -0.8950913 0.3487259 0.2846893 -0.9291791 0.2357506 0.5420122 -0.8034496 0.2463563 0.7205998 -0.6533682 0.2320472 0.8267827 -0.5380699 0.1640466 0.9742395 -0.2233219 -0.03138202 0.9062478 -0.4226283 -0.01001805 -0.4568586 -0.8587909 0.2318583 -0.2829092 -0.9368314 0.2056927 -0.3113265 -0.8902315 0.3325115 -0.09106522 -0.9462749 0.3102757 -0.3239522 -0.8776822 0.3531702 -0.1483538 -0.9746906 0.1672408 0.04634648 -0.9866493 0.1561257 -0.2485334 -0.9570871 -0.1490483 -0.4281729 -0.8953166 -0.1227847 -0.6106333 -0.751734 0.2490445 -0.5254305 -0.7782296 0.3439211 -0.5239759 -0.7752244 0.3528125 -0.4932726 -0.6874476 0.5330083 -0.2914007 -0.7855697 0.5458625 -0.1230621 -0.9310499 0.3435142 -6.77067e-5 -0.9585492 0.2849271 -0.002982378 -0.9866163 0.1630323 0.03380018 -0.9933618 -0.1099547 -0.1570254 -0.9740636 -0.1629205 -0.251268 -0.7985079 -0.547037 -0.2764465 -0.774055 -0.5695757 -0.1249505 -0.8564972 0.5007994 4.50011e-5 -0.9417777 0.3362362 3.91193e-5 -0.8423336 0.5389565 5.01424e-6 -0.62412 0.7813286 -0.2288209 -0.5877162 0.7760353 -0.4041842 -0.5517626 0.7295159 -0.7034557 -0.623633 0.3409281 -0.7467862 -0.6059541 0.2740985 -0.8624313 -0.4565084 0.2186605 -0.9343812 -0.3265106 0.1425573 -0.9632558 -0.2678336 0.02008557 -0.9570403 -0.2846025 0.05545508 -0.884892 -0.4366114 0.162286 -0.5470564 -0.8315188 -0.09646606 -0.3147812 -0.7556201 -0.5744138 -0.1975984 -0.8080786 -0.554945 -0.2548543 -0.7165555 -0.6493055 -0.4738688 -0.5833551 -0.6596553 -0.4233984 -0.623012 -0.6577157 -0.6537574 -0.5829339 -0.4824826 -0.6302616 -0.5324602 -0.565028 -0.1825882 -0.471606 -0.862699 -0.4379946 -0.4234035 -0.793026 -0.166179 -0.7910732 -0.5887171 -0.3864225 -0.5885683 -0.7101162 -0.5865061 -0.796006 0.1496164 -0.7173689 -0.6696584 0.192197 -0.09294629 -0.5627689 0.8213722 -0.1645082 -0.6526847 0.7395538 -0.1681038 -0.7319552 0.66029 -0.2085915 -0.8125972 0.54422 -0.251696 -0.7508584 0.6106234 -0.3351459 -0.8192724 0.4652634 -0.1110666 -0.9884843 -0.1027767 -0.4737986 -0.8801515 0.02912896 0.036794 -0.5718914 -0.8195038 -0.276116 -0.8087589 -0.5192968 -0.3832944 -0.8090718 -0.4455203 -0.2689467 -0.8567878 -0.4399799 -0.04909753 -0.5337786 -0.8441978 -0.1856302 -0.8488271 -0.4950091 -0.883968 -0.4649428 -0.04928284 -0.7552585 -0.5854322 0.2947098 -0.6149831 -0.7499234 0.2437433 -0.791925 -0.5568387 0.2505705 -0.5006665 -0.6232371 0.6007567 -0.7743535 -0.4765068 0.4163151 -0.8372064 -0.4619008 0.292802 -0.8531644 -0.3794292 0.3579722 -0.9896334 -0.06694799 0.1270579 -0.6496163 -0.7585881 0.05042576 -0.9324842 -0.03185242 -0.3598038 -0.8439983 -0.2375785 -0.4808569 -0.5880367 -0.02477842 -0.8084547 -0.4362411 -0.3223844 -0.8400964 -0.1153919 -0.2851648 -0.9515071 -0.2712873 -0.5638988 -0.7800137 -0.7623391 -0.5312094 -0.36967 -0.8724271 -0.4103418 0.2655008 -0.8647884 -0.475759 0.1606072 -0.8799333 -0.3258979 0.3456993 -0.8064345 -0.5912507 0.009275376 -0.8085534 -0.4861775 0.3314711 -0.6586245 -0.615596 0.43273 -0.8485593 -0.4728165 0.2374693 -0.8141539 -0.5802602 -0.02125442 0.3389257 -0.6211277 -0.7066327 0.3006095 -0.623619 -0.7216187 0.2178078 -0.4648016 -0.8582069 0.2070001 -0.4513134 -0.868025 0.2367858 -0.6333083 -0.7367857 0.1822674 -0.3946003 -0.9005939 0.003730297 -0.3573885 -0.9339484 0.003140389 -0.6580201 -0.7529939 -0.1778182 -0.3944348 -0.9015553 -0.230366 -0.6347572 -0.7375736 -0.2609818 -0.6409024 -0.7218952 -0.4300709 -0.899344 -0.07886314 -0.2794218 -0.6612744 -0.6961606 -0.5266351 -0.8422428 -0.1152504 -0.5450025 -0.8165867 -0.1901542 -0.5624096 -0.760732 0.3240097 -0.6219986 -0.7346455 0.2709499 -0.5841034 -0.7095848 0.3940974 -0.411633 -0.8335509 0.3684441 -0.1825574 -0.9813714 -0.05985802 4.44941e-4 -0.9989709 -0.04535382 0.1886091 -0.980226 -0.05986309 -0.2100142 -0.9345482 0.287252 -6.26016e-4 -0.9840221 0.1780458 -0.392037 -0.6941909 -0.6036606 -0.5663501 -0.7147193 -0.4103948 -0.4606087 -0.7956508 0.3934202 -0.07228344 -0.925102 0.3727754 -0.003322601 -0.9372444 0.3486574 0.07179075 -0.9254994 0.3718832 0.4463781 -0.8913655 -0.07883143 0.5509295 -0.8261747 -0.1179496 0.3317597 -0.6059181 -0.7230483 0.2085626 -0.4345002 -0.8761913 0.2114284 -0.9349461 0.2849104 0.4161565 -0.8286627 0.3743419 0.4704889 -0.7884347 0.3962463 0.5586647 -0.7583426 0.3358726 -0.1450133 -0.2765781 0.9499872 -0.6674833 -0.7444364 0.01674854 0.02505105 -0.9995881 0.01400518 -0.241289 -0.3122593 0.9188438 0.6721568 -0.7402426 0.01569747 -0.2905311 -0.4072876 0.8658571 -0.3947575 -0.9037774 -0.1653872 0.1407654 0.05631029 -0.9884404 0.1089248 0.02610003 -0.9937074 0.02116465 -0.004043638 -0.9997678 -0.02511918 -0.002261936 -0.9996819 -0.5775493 -0.8161339 -0.01903617 0.003386139 -0.002366662 -0.9999915 0.5070668 -0.8618872 0.005824923 0.02835595 -0.003709912 -0.999591 0.02557545 -0.009351253 -0.9996292 0.1299588 -0.1005529 0.9864075 -0.003136217 -0.01176017 -0.999926 -0.1302449 -0.09064656 -0.9873296 -0.02907085 -0.005046665 -0.9995647 0.3738428 -0.9059372 -0.1987946 0.1746316 -0.3169138 0.9322389 0.2292525 -0.3612868 0.9038336 0.1107146 -0.2795977 0.9537124 0.07662087 -0.3254611 0.9424459 -0.01206004 -0.2516654 0.9677392 -0.07730156 -0.2539852 0.9641141 -0.1474455 0.01611924 0.9889388 -1.34632e-5 0.01271837 0.9999192 -5.26756e-6 0.2682853 0.9633396 -4.67822e-5 -0.09997457 0.9949901 -0.1514936 -0.09711885 0.9836755 -0.1415843 -0.1976233 0.9699995 -4.96656e-5 -0.2067942 0.9783846 -2.30409e-5 -0.3878485 0.9217231 -0.1623486 -0.3704883 0.914539 -0.3321516 -0.3416413 0.8791795 -0.3617154 -0.2134827 0.9075171 -0.3893702 -0.08806031 0.9168623 -0.3994185 0.04713517 0.9155562 -0.3505654 0.2979249 0.8878878 -0.1309369 0.2777106 0.9516998 -0.1164051 0.4509403 0.884931 -3.85791e-5 0.4769258 0.8789436 -0.265949 0.4697793 0.8417711 -0.2467756 0.5243643 0.8149504 -0.1037942 0.5754204 0.8112449 1.74492e-5 0.6090096 0.793163 0.3539333 -0.933479 -0.05786418 0.3108599 -0.9477621 -0.07150536 0.334466 -0.9412209 -0.04728275 0.2989119 -0.9506122 -0.08359545 -0.07734012 -0.9906547 -0.1123467 -0.0773707 -0.9906514 -0.1123552 -0.5503239 -0.8280172 -0.1073837 -0.5503196 -0.8280225 -0.107365 -0.7075781 -0.7003323 -0.09417051 0.5476847 -0.8299583 -0.105881 0.5370877 -0.8338358 -0.1274944 0.5144533 -0.8513574 0.1026088 0.4830757 -0.8708046 0.09130895 0.5689558 -0.8223312 0.007795453 0.3738331 -0.9059278 -0.1988555 0.4600654 -0.7546508 0.4678057 0.1746574 -0.3168976 0.9322397 0.460055 -0.7810752 0.4222214 0.2292764 -0.361372 0.9037935 0.3582126 -0.8197574 0.4468576 0.1107518 -0.2796325 0.953698 0.2377933 -0.8365256 0.4936389 0.07663685 -0.3255341 0.9424194 -0.005355119 -0.8513493 0.5245721 -0.01204496 -0.2517095 0.9677279 -0.2425077 -0.8282405 0.5051808 -0.0773164 -0.2540406 0.9640983 -0.3648521 -0.8137277 0.4524713 -0.1450758 -0.2765859 0.9499754 0.3074041 -0.9061604 -0.2904758 0.006602942 -0.9436575 -0.3308581 -0.28 -0.9132577 -0.2959064 -0.3873151 -0.9115117 -0.1383248 -0.467409 -0.7809818 0.4142416 -0.4799127 -0.8580033 -0.1830688 -0.2148435 -0.8906642 -0.4006989 0.007451891 -0.8911947 -0.4535597 0.2440629 -0.8857049 -0.3949179 0.4186898 -0.8987532 -0.1301606 0.5104915 -0.842434 -0.1723468 0.3039885 -0.9392986 0.1590886 0.4063258 -0.8700116 -0.2792477 0.5292623 -0.8311325 -0.1705884 0.4500564 -0.8891972 0.08232563 0.2846632 -0.9003313 0.3291968 0.1760204 -0.9816377 0.07351291 0.001111745 -0.9889094 0.1485165 -0.1695461 -0.9827523 0.07383841 -0.3776612 -0.8784127 -0.2928535 -0.5854926 -0.8093861 -0.04574513 -0.4798555 -0.7459408 0.4618561 -0.3426251 -0.9347662 0.09391635 -0.3644055 -0.821245 -0.4390507 1.32841e-4 -0.9944709 0.105013 -4.31874e-4 -0.9337483 0.3579303 -0.2891399 -0.896095 0.3367667 -0.3050705 -0.9393775 0.1565309 -0.5072655 -0.855456 0.1042925 -0.677864 -0.7351688 0.005229771 -0.6961196 -0.5566053 -0.4534404 -0.2654395 -0.4309882 -0.8624332 5.37022e-4 -0.4884865 -0.8725713 -0.1654872 -0.127089 -0.977989 7.58006e-4 -0.1354569 -0.990783 -0.1969239 -0.2422251 -0.9500253 -0.6357348 -0.5957714 -0.4908134 -0.4067364 -0.7800769 -0.4754426 -0.4091579 -0.1517305 -0.8997598 -0.3733102 -0.0975266 -0.9225661 -0.5395979 -0.2890082 -0.7907646 -0.5071229 -0.06201964 -0.8596394 -0.6667017 -0.1935686 -0.7197499 -0.6950033 -0.1535952 -0.7024094 -0.8272004 -0.3440775 -0.4442413 -0.7101579 -0.09510755 -0.6975889 -0.598833 0.004108846 -0.8008634 -0.5316881 -0.03490871 -0.8462206 -0.6619155 -0.1999372 -0.7224217 -0.5582092 -0.1678692 -0.8125408 -0.7161371 -0.5437102 -0.4376378 -0.6181342 -0.7715119 -0.1505972 -0.6816421 -0.7269474 -0.08313566 -0.731333 -0.6373819 -0.2426855 -0.7164365 -0.2044095 -0.667035 -0.6803994 -0.03591537 -0.731961 -0.8841207 -0.2076615 -0.4185776 -0.8622057 -0.2596083 -0.4349771 -0.9028829 -0.4023971 -0.1512586 -0.5697142 -0.8131332 -0.1193329 -0.8644028 -0.4895449 -0.1146889 -0.9365195 -0.3157106 -0.1525067 -0.9103088 -0.1720579 -0.3764759 -0.7400015 -0.01077127 -0.672519 -0.759608 -0.1928132 -0.6211431 -0.8457001 0.1281372 -0.5180466 -0.9349956 -0.08803671 -0.3435593 -0.9562847 0.1431091 -0.2550284 -0.9839257 0.02838748 -0.1763077 -0.9710975 0.06698006 -0.2290926 -0.9297341 0.3410881 -0.138757 -0.9197906 0.3177805 -0.2302191 -0.9477762 0.05986899 -0.3132666 -0.9692785 -0.07536977 -0.2341336 -0.9709028 0.08407425 -0.2242309 -0.9935199 -0.006236553 -0.1134873 -0.9808135 -0.1865467 -0.05661636 -0.9834278 -0.09742599 -0.1528981 -0.9398342 -0.2763977 -0.2007889 -0.7909755 -0.5706838 -0.2206306 -0.9196727 -0.3533645 -0.1712767 -0.9245096 -0.3127885 -0.2178198 -0.979157 -0.03920072 -0.1992861 -0.9896904 -0.08092939 -0.1181666 -0.9756793 -0.2149378 -0.04303157 -0.9557918 -0.2938371 0.01103317 -0.9878864 -0.1383601 -0.07026445 -0.9705785 -0.2371757 0.04153543 -0.9756832 -0.2122182 0.05482554 -0.962826 -0.2564549 0.08483517 -0.9739646 -0.2247523 -0.02965712 -0.9589339 -0.2283618 -0.1682166 -0.9835968 -0.1027523 -0.1482547 -0.9298545 -0.2847208 -0.233034 -0.8877905 -0.3592045 -0.28775 -0.8976075 -0.3709816 -0.238062 -0.7029664 -0.682363 -0.2005468 -0.8465157 -0.4883449 -0.2119684 -0.9077605 -0.4192695 -0.01357203 -0.3303009 -0.7657648 -0.5518203 -0.4649752 -0.7772665 -0.423857 -0.6462444 -0.7335668 0.210352 -0.7238292 -0.6651141 0.1835606 -0.8040531 -0.5943896 0.01414149 -0.6209646 -0.7835128 0.02259665 -0.4819297 -0.8702437 -0.1020773 -0.3953441 -0.8737983 0.2831606 -0.534933 -0.8014327 0.2674927 -0.533845 -0.8163252 0.2205059 -0.3735936 -0.8976793 0.2336656 -0.3907862 -0.8065187 0.443637 -0.2660515 -0.9044798 0.3333661 -0.2831287 -0.9309586 0.2305522 -0.3725873 -0.9127782 0.1673758 -0.4138113 -0.910104 0.02170431 -0.4439586 -0.873605 0.1992865 -0.3072151 -0.9457367 0.1058354 -0.5194863 -0.8321213 0.1941857 -0.337293 -0.9412211 -0.01833939 -0.2146943 -0.9761874 0.03105747 -0.2047618 -0.9740363 -0.09657114 -0.3388764 -0.9127645 0.2280873 -0.5768408 -0.7493681 0.3251188 -0.6449943 -0.7282618 0.2315536 -0.2911955 -0.93624 0.1966214 0.1345583 -0.9135969 -0.3837119 -0.2412824 -0.3123235 0.9188237 -0.290501 -0.4073517 0.8658371 -0.3947821 -0.9037722 -0.1653571 -0.5258587 -0.6998782 -0.4833664 -0.591025 -0.7684438 -0.2453235 -0.4524692 -0.8876587 0.08563673 -0.2846106 -0.6532624 -0.7016018 -0.2750877 -0.5991467 -0.7518978 -0.1615113 -0.5243775 -0.8360278 -0.1995939 -0.5228174 -0.8287487 -0.1522448 -0.4686071 -0.8701891 0.1625953 -0.3705232 0.914481 0.3359206 -0.3437511 0.8769221 0.3645388 -0.2151449 0.9059935 0.1309341 0.2777152 0.9516988 0.1163383 0.450953 0.8849332 3.48389e-5 0.4769312 0.8789407 -2.41399e-6 0.2682968 0.9633364 1.44392e-5 0.01270717 0.9999193 0.1038109 0.5754093 0.8112506 9.95901e-6 0.6090098 0.7931628 0.2467586 0.5243547 0.8149616 0.2659438 0.4697713 0.8417772 0.350532 0.2979261 0.8879005 0.3994315 0.0471605 0.9155492 0.1474398 0.01613217 0.9889395 0.151476 -0.09710979 0.9836792 4.4629e-5 -0.09998077 0.9949895 1.44616e-5 -0.2067938 0.9783846 0.1417248 -0.1977152 0.9699603 2.40663e-5 -0.3878266 0.9217324 0.3894065 -0.08806759 0.9168461 0.6954245 -0.7133293 -0.08686864 0.8144656 -0.5797949 -0.02199852 0.6807928 -0.7324031 0.01034551 0.7743524 -0.6309571 -0.0476607 0.8395819 -0.5399255 -0.05985641 0.8239143 -0.5611196 -0.07943689 0.7056829 -0.7039543 -0.08037418 0.7926233 -0.603666 -0.08564919 0.7809048 -0.6097357 -0.1356844 0.9085957 -0.4050108 -0.1020792 0.9315038 -0.1198663 -0.3434134 0.9997476 -0.02234798 -0.002347409 0.9853273 0.03436088 -0.1671812 0.9429544 0.3257637 0.06866586 0.9381203 0.2937551 0.1834076 0.9979522 -0.007076799 0.06357353 0.9328789 -0.357273 -0.04575008 0.9414019 -0.3359165 -0.03037559 0.9960875 -0.005318462 0.08821207 0.9350757 0.2637241 0.2368189 0.822126 0.4504153 0.348188 0.8403848 0.4772834 0.2568153 0.6303828 0.7165698 0.2985721 0.8496837 0.5169628 0.1038612 0.6753841 0.7278005 0.1190081 0.8516359 0.5157386 -0.09343546 0.2545516 0.9133651 0.3177543 0.9258121 0.3549859 -0.1298351 0.5874912 0.6983717 0.4088168 0.252244 0.8606194 0.4423882 -5.18613e-4 0.8886132 0.4586572 -4.23755e-4 0.9459712 0.3242504 2.09924e-4 0.996308 0.08585077 0.2689398 0.9572614 0.1064051 0.6937125 0.7093499 -0.1248427 0.6648845 0.6368335 -0.3903484 0.3283731 0.8650976 -0.37918 0.001877427 0.9377658 -0.3472633 5.93424e-4 0.9968327 -0.079526 0.3376418 0.8382598 -0.4281572 0.6652854 0.6341145 -0.3940739 0.8450208 0.4297397 -0.3182196 0.7839273 0.576762 -0.2297902 0.9134386 0.3330451 -0.2339036 0.970069 0.08282524 -0.228268 0.8364609 0.1345593 -0.5312505 0.7762945 -0.1935883 -0.5999087 0.7423747 0.0234915 -0.6695731 0.7557456 -0.1793276 -0.6298336 0.003253996 0.9040243 -0.4274687 0.002364337 0.9804608 -0.1967009 0.3243637 0.9304013 -0.1707093 0.4775823 -0.03378462 -0.8779372 0.5552157 -0.1471416 -0.8185871 -0.1527078 -0.1309865 -0.9795525 0.06846779 -0.5446945 -0.835835 0.6893942 -0.1752195 -0.7028753 0.4186174 -0.7621358 -0.4938709 -0.3541303 -0.8898743 0.2876031 -0.7425779 -0.6393318 -0.1995821 -0.9005388 -0.1593392 -0.4045258 0.598594 0.2463341 -0.7622367 0.2602955 0.7584065 -0.5975499 0.6433882 0.7198328 -0.2605615 0.7229605 0.2262198 -0.6528037 0.9407411 0.3386693 -0.01758855 0.8020993 0.1012225 -0.5885497 0.9945656 -0.09493947 0.04273098 0.8200463 -0.01897418 -0.5719826 0.8990271 -0.4310554 -0.07708132 0.7795574 -0.08978235 -0.6198624 0.6832472 -0.6807764 -0.2640392 -0.0404852 -0.8192227 0.5720446 -0.6061222 -0.5825638 0.5415122 -0.8804852 -0.4657867 0.08825331 -0.9854668 -0.1297981 -0.1095789 -0.1617558 -0.3935962 0.9049404 -0.3983988 -0.5497219 0.7342236 -0.05794149 0.3680058 -0.9280165 -0.8936377 0.4114146 -0.1793031 -0.5351514 0.813195 0.228751 -0.167953 0.7708428 0.6144862 0.2035247 0.3616431 0.9098308 0.3735729 -0.132486 0.9180909 0.2496183 -0.548234 0.7982045 -0.07197523 -0.1059121 0.9917672 -0.2966311 0.1807701 0.9377272 -0.536345 0.3854295 0.7508518 -0.706543 0.4515603 0.5448764 -0.9375778 0.2594908 0.2315436 -0.9854693 -0.1297477 -0.1096171 -0.9005262 -0.1592808 -0.4045767 -0.1527115 -0.1309478 -0.979557 0.4994465 0.1123198 -0.8590328 0.4775801 -0.03375238 -0.8779397 0.9930234 0.1153513 0.02446883 0.9930243 0.1153462 0.02445381 0.9653553 0.259201 0.030065 0.9846162 -0.1325811 0.1138117 0.9846282 -0.1325325 0.1137654 0.8117518 -0.517335 0.2709679 0.8117523 -0.5173456 0.2709462 0.2766972 -0.8918553 0.357817 0.2766742 -0.891871 0.3577954 -0.3292316 -0.8645182 0.3797564 -0.3292286 -0.8645237 0.3797466 -0.7943173 -0.4789775 0.3736851 -0.7943227 -0.4789766 0.3736748 -0.9825116 -0.01938861 0.1851891 -0.9825028 -0.019414 0.1852333 -0.9658247 0.1528858 0.2093049 -0.9755089 0.1473016 0.1633551 0.09546971 0.9953016 -0.0161361 -0.4464749 0.8944141 -0.02614808 0.09543615 0.9953048 -0.01613801 -0.4464706 0.8944172 -0.02611494 -0.8924952 0.4505347 -0.02170073 -0.8924747 0.4505746 -0.02171444 -0.9865289 0.1450157 0.07570499 -0.9865275 0.1450186 0.07571929 -0.9533622 0.1659755 0.2520967 -0.9594082 0.1654795 0.2283688 -0.9658115 0.152898 0.2093575 -0.9755099 0.1472963 0.1633532 -0.9925239 0.1219272 -0.005496382 -0.5690561 -0.2472773 0.7842379 -0.5393763 -0.3893732 0.7466336 -0.9370149 -0.1001399 0.3346267 -0.4652779 -0.4999176 0.7304786 -0.8674651 -0.3638172 0.3393251 0.03543937 -0.3033689 0.952214 -0.5403213 -0.7959678 0.2729257 -0.1038586 -0.04626893 0.9935153 -0.002085983 -0.9744325 0.224671 -0.003954887 0.01240313 0.9999154 6.21378e-6 0.8547292 0.5190742 0.2403706 0.7867219 0.5685867 0.5542349 0.4320667 0.7114366 0.5763608 -0.2611926 0.7743299 0.5938292 -0.4575375 0.6618356 0.5465701 -0.6344521 0.5465638 -0.8643251 -0.4819049 0.1439096 -0.3899648 0.3113389 -0.8666001 -0.7435055 -0.5397229 -0.3948404 -0.8332774 -0.5105011 0.2122203 -0.843661 -0.04254925 -0.5351877 -0.8144242 -0.4907696 0.3096104 -0.4378457 1.03056e-4 -0.8990502 -0.8567858 -0.2808623 0.4324748 -0.9643613 -0.2642561 0.01327085 -0.5259321 0.8335338 0.1691654 -0.5208268 0.7990359 -0.3004681 0.2037246 0.9161162 -0.3452932 0.1159586 0.7655454 -0.6328459 0.7075333 0.3847871 -0.5927357 0.3839625 0.4278654 -0.8182324 0.7989805 0.4310991 -0.4192659 -0.4378816 1.47462e-4 -0.8990327 0.6770211 0.647101 -0.350575 0.1596176 0.6480561 -0.7446781 0.8080791 0.5262861 -0.2646343 -0.4371801 0.3397153 -0.8327469 -0.437907 1.25483e-4 -0.8990202 -0.9643489 -0.2643001 0.01329362 0.1041788 -0.9732691 -0.2046802 0.4503365 -0.8706849 0.197749 0.4700474 -0.8488375 0.2419308 0.6654325 -0.5184759 0.5370125 0.6793876 -0.5429143 0.4936363 0.765793 -0.09853148 0.6354939 0.7384151 -0.1106547 0.6652059 0.6509209 0.4636019 0.6011451 0.6487681 0.4501502 0.6135673 0.3084388 0.9000868 0.3077489 0.2627357 0.9150059 0.3061605 -0.03588461 0.9969404 -0.06944119 -0.07358276 0.9939766 -0.08121711 -0.470073 0.6451838 -0.6023034 -0.4063208 0.6281696 -0.663556 -0.3035067 -0.6112888 -0.7308965 0.1422826 -0.9653912 -0.2185761 0.3384722 -0.9077605 -0.2478052 0.5854425 -0.7698978 0.2539971 0.7283452 -0.4457221 0.520428 0.7658342 -0.1077265 0.6339505 0.6953488 0.4100302 0.5902248 0.4475041 0.8432737 0.2977073 0.142706 0.9870635 -0.07308053 -0.2673758 0.7284156 -0.6308098 -0.3301676 0.06718575 -0.9415283 -0.5549006 -0.01388084 -0.8318008 -0.4590384 -0.0354681 -0.8877083 -0.5549201 -0.01394265 -0.8317869 -0.4590809 -0.03554481 -0.8876831 -0.3094907 -0.5935813 -0.7428842 -0.01229923 -0.5592072 -0.8289367 -0.3301348 0.06718456 -0.9415398 -2.82434e-7 -3.55863e-7 -1 -2.8663e-7 -3.31406e-7 -1 -2.96065e-7 -3.04051e-7 -1 -2.88526e-7 -3.28503e-7 -1 -1.88077e-7 -2.14711e-7 -1 -1.3442e-7 0 -1 -5.25155e-7 -3.36409e-7 -1 -4.11403e-7 -3.05675e-7 -1 -0.6885453 -0.2333385 -0.6866284 -0.6720342 -0.211475 -0.7096819 -0.6220506 0.4240255 -0.6582215 0.7045955 0.4446293 0.5530371 0.7117742 0.434309 0.5520445 0.7772229 -0.1522399 0.6105306 0.3672065 0.9115394 0.1850821 0.338911 0.9162378 0.2136532 -0.1729871 0.9317344 -0.3192908 -0.2090445 0.9402679 -0.2686943 -0.6500938 0.4264581 -0.6288971 -0.7121906 0.4124234 -0.5680594 -0.7357919 -0.2682787 -0.6218013 -0.6866974 0.3815686 -0.6187505 -0.7103379 -0.2773752 -0.6469027 -0.6133688 -0.2390161 -0.7527616 -0.5928494 0.3225291 -0.7379055 -0.5650572 -0.1754088 -0.80619 -0.5573959 0.2506157 -0.7915186 -0.6152204 -0.1417943 -0.7754987 -0.5807097 0.2061021 -0.7875901 0.6845653 0.466636 0.560019 0.3232656 0.9159566 0.2377456 -0.2460362 0.9461148 -0.2105538 -0.2397751 0.9443957 -0.2249995 0.3053553 0.9198702 0.2461646 0.6395044 0.5049206 0.5797323 0.3147554 0.9308279 0.1857106 -0.2178834 0.9150357 -0.3394651 -0.2077723 0.8557442 -0.4738487 -0.7387179 -0.05299115 -0.6719285 -0.2637473 0.7841222 -0.5617738 0.344337 0.9300559 0.1281731 0.6514508 0.5522621 0.5202099 0.7194308 -0.130252 0.6822417 0.7540578 -0.1320868 0.6433895 0.7697396 -0.1468797 0.6212305 0.5971965 -0.6531422 0.4655769 0.6121254 -0.6493262 0.4513071 0.2031793 -0.9782542 0.04167693 0.2115383 -0.9767321 0.035299 -0.3666754 -0.7920812 -0.4880127 0.1746403 -0.9813115 0.0807991 0.1311738 -0.9778256 0.1632502 0.5436734 -0.6617825 0.5162009 0.5747463 -0.6604903 0.4831348 -0.3946704 -0.8236517 -0.4072262 -0.4201254 -0.8346532 -0.3561586 0.1729125 -0.9773082 0.1223527 0.5603699 -0.6576408 0.5034822 0.7388656 -0.1327324 0.6606511 0.4504393 0.7999774 -0.3964096 0.3600257 0.3136973 -0.8786215 -0.2603601 0.3950582 -0.8809891 -0.5560976 0.2615265 -0.7888976 -0.1542035 0.02424693 -0.9877416 0.6095497 0.1947529 -0.7684533 -0.9327498 -0.2609861 -0.2487249 -0.7246956 0.6156357 -0.3095303 -0.9144352 -0.3213416 -0.2460647 -0.6671639 0.6780803 -0.3083819 -0.9100033 -0.3266478 -0.2553337 -0.5068992 0.651085 -0.5649262 -0.697548 -0.2611838 -0.6672405 0.1093456 0.9794074 -0.1697196 0.6355817 0.7714517 -0.02997362 0.6407444 0.7674484 0.0216695 -0.02889317 0.9878255 -0.1528597 0.6711133 0.6925662 -0.2644979 -0.04481732 0.869026 -0.4927325 -0.1747956 0.5523079 -0.815109 -0.8748391 0.05868035 -0.4808464 -0.9551942 0.02376037 -0.2950245 -0.7524408 0.2226552 -0.6198852 -0.7016506 0.4564735 -0.5471 -0.9234785 -0.3769372 0.07145464 -0.9124705 -0.3927977 -0.1144891 -0.8993936 -0.3513311 -0.2601108 -0.9204826 -0.2787192 -0.2739112 -0.4916377 -0.86825 0.0665909 -0.4287425 -0.9033952 -0.007556915 -0.5076975 -0.8592638 0.06252402 -0.5166248 -0.8269774 0.221827 -0.4702758 -0.76999 0.4312262 -0.768297 -0.6369119 0.06374168 -0.2307859 -0.9062061 0.3542999 0.274191 -0.9074255 0.318431 0.3281268 -0.8148357 0.4778867 0.7129163 -0.3572513 0.6034252 0.4969908 -0.7607647 0.4174172 0.7061242 -0.3821585 0.5961071 0.7926772 -0.1388583 0.5936171 0.9293459 -0.0696209 0.3625869 0.957475 0.09295552 0.2731317 -0.2603511 0.3950488 -0.8809959 0.3600006 0.3136801 -0.8786379 -0.1704289 -0.7004802 -0.6930235 -0.4377552 -0.8988981 0.01878297 -0.3964809 -0.9165439 -0.05244386 0.4539387 -0.8059343 0.3800128 0.01169168 -0.8544271 0.5194398 0.136904 -0.9176209 0.3731344 0.2000707 -0.9492059 0.242858 0.5286168 -0.8186079 -0.2246004 0.1893289 -0.9667364 0.1719744 0.2580884 -0.9539907 0.1526175 0.2929679 -0.9387101 0.1816403 0.2416234 -0.9415428 0.2347667 0.7021155 -0.6794275 0.2131012 0.6208587 -0.7329056 0.2781799 0.7832234 -0.5644355 0.2607177 0.7709712 -0.5828597 0.2566676 0.7496761 -0.641429 0.1629564 0.02922111 0.1005504 0.9945029 0.08500945 0.1100342 0.9902858 0.02924066 0.1005402 0.9945033 0.08498829 0.1100358 0.9902874 0.1225484 -0.04300802 0.9915302 0.1225357 -0.04298973 0.9915326 0.137939 -0.1652126 0.9765642 0 9.60441e-7 -1 1.29072e-7 8.49083e-7 -1 2.38353e-7 3.83294e-7 -1 4.26814e-7 0 -1 4.66034e-7 2.2568e-7 -1 4.1084e-7 3.52616e-7 -1 1.83635e-7 2.15915e-7 -1 -1.50333e-6 0 -1 0.09555584 0.9952936 -0.01612496 0.6018726 0.7984762 -0.01361513 0.09554028 0.9952952 -0.01611554 0.601864 0.7984827 -0.0136035 0.9645943 0.2564427 0.06160408 0.9645946 0.2564392 0.06161248 0.9735544 -0.2199454 0.06177234 0.9735559 -0.2199285 0.06180918 0.9487305 -0.316084 -0.001194715 0.02923977 0.100542 0.9945031 -0.03249627 0.0517227 0.9981327 0.029199 0.1005357 0.9945049 -0.03250145 0.05172556 0.9981323 -0.1553841 0.03169941 0.9873455 -0.1553926 0.03170418 0.9873439 -0.395204 0.05637955 0.9168616 -0.3952201 0.0563755 0.9168549 -0.4531018 -0.1729162 0.8745279 -0.4530788 -0.172917 0.8745395 -0.3509359 -0.1708077 0.9206893 -0.3509482 -0.1708443 0.9206778 -0.4227758 0.1132595 0.899129 -0.4227898 0.1132228 0.899127 -0.4399822 -0.04032468 0.8971008 -0.4399853 -0.04032504 0.8970992 -0.2110167 -0.3404353 0.9162837 -0.2110089 -0.3404201 0.9162911 0.180611 -0.3883294 0.9036482 0.1806195 -0.388327 0.9036475 0.3014955 -0.03015702 0.9529906 0.3014634 -0.03014999 0.953001 0.04402738 0.08731377 0.9952076 0.04400354 0.0873394 0.9952063 -0.150304 -0.04089039 0.9877939 -0.1503186 -0.04088091 0.987792 -0.2158466 -0.01434725 0.9763219 -0.08896619 -0.9960125 0.006651103 -0.08896505 -0.9960125 0.006655156 -0.08896905 -0.9960123 0.006637692 -0.08896851 -0.9960124 0.006637513 0.08896857 -0.9960123 0.006646633 0.08897316 -0.9960117 0.006675601 0.08897113 -0.996012 0.006663918 0.08896833 -0.9960123 0.00665003 -0.007328093 -0.01442801 -0.9998692 -0.007329702 -0.01444154 -0.9998689 -0.007322013 -0.01440596 -0.9998695 -0.007325649 -0.0144239 -0.9998692 -0.1806185 -0.3883242 0.9036489 0.2110157 -0.3404325 0.916285 -0.1806193 -0.3883032 0.9036578 0.2110303 -0.3404539 0.9162737 0.4399933 -0.04033249 0.8970949 0.439997 -0.04031538 0.8970938 0.422789 0.113229 0.8991267 0.4227905 0.1132342 0.8991253 0.3509601 -0.1708183 0.9206781 0.3509605 -0.1708368 0.9206746 0.4530947 -0.1729354 0.8745277 0.4530815 -0.1729186 0.8745378 0.3952122 0.05638253 0.9168578 0.395194 0.05637663 0.9168661 0.1553762 0.0317046 0.9873465 0.1553568 0.0316888 0.9873501 0.03250795 0.05174428 0.9981312 0.0325188 0.05175578 0.9981303 -0.0291987 0.1005334 0.9945051 -0.02921026 0.1005402 0.9945042 0.1503362 -0.04089164 0.9877889 0.1503334 -0.04088497 0.9877897 0.2158481 -0.01434773 0.9763216 -0.04401051 0.0873081 0.9952088 -0.04402524 0.08732473 0.9952067 -0.3014748 -0.03014951 0.9529975 -0.3015115 -0.03014588 0.952986 -0.9955745 -0.006369054 0.09375971 -0.9785769 -0.1246483 0.16386 -0.9328628 -0.1551571 0.3251053 -0.998981 -0.01321226 0.04315626 -0.9940737 -0.1048168 0.02882814 -0.9940723 -0.1048302 0.02882885 -0.9690772 0.2467337 0.003465294 -0.861869 0.5040311 0.05598551 -0.6717801 0.7381139 0.06244528 -0.1587297 0.9757005 0.1510413 -0.1587114 0.9757113 0.1509906 -0.3060249 -0.7729737 0.5557523 -0.8548164 -0.3907007 0.3415288 -0.8543716 -0.4769279 0.2063711 -0.2906692 -0.9153577 0.2786253 0.360449 -0.7532849 0.5501258 0.3602414 -0.8946369 0.2642934 0.84109 -0.3986973 0.3655246 0.8372502 -0.5136399 0.1875798 0.981795 -0.02724641 0.1879793 0.8206362 0.03396099 0.5704411 0.9642704 0.19285 0.1816357 0.9744485 0.1051189 0.1984949 0.8690097 0.006032705 0.4947583 0.9889007 0.1066073 0.1034915 0.9889035 0.1065875 0.1034849 0.7137518 0.6977527 0.06082582 0.8938884 0.4482119 0.008357286 0.4764297 0.8764961 0.06905966 -0.1586281 0.9757198 0.1510235 -0.1586472 0.9757191 0.1510083 0.1583553 -0.1176192 0.9803517 0.2569316 -0.2524647 0.9328708 0.6885964 -0.1723508 0.7043651 -0.1834566 -0.1618503 0.9696124 -0.2675004 -0.2533844 0.9296451 -0.7226214 -0.1847223 0.6661051 -0.7524486 -0.1639076 0.6379307 0.02517443 -0.326538 0.9448488 0.3092902 -0.5942572 -0.7424272 -0.1423182 -0.9653846 -0.2185821 -0.1041753 -0.9732727 -0.2046653 -0.4503213 -0.8706998 0.1977187 -0.4699842 -0.8488667 0.2419511 -0.6793911 -0.5429139 0.4936318 -0.6653916 -0.5184868 0.5370526 -0.6487205 0.4501577 0.6136121 -0.3084275 0.9000884 0.3077555 -0.2627381 0.915006 0.306158 -0.6509266 0.4635924 0.6011462 -0.7657918 -0.09850353 0.6355 -0.7383942 -0.1106139 0.6652358 -0.7282965 -0.4457235 0.5204948 -0.5854046 -0.769915 0.2540322 -0.3382669 -0.907679 -0.2483833 0.01144933 -0.5635594 -0.8259963 0.330104 0.06172382 -0.9419244 0.5548175 -0.01476949 -0.831841 0.4590543 -0.03555041 -0.8876968 0.3035145 -0.611284 -0.7308974 0.3301547 0.06178945 -0.9419023 0.5547695 -0.01467221 -0.8318748 0.2684457 0.7246874 -0.6346378 0.4699784 0.6452056 -0.6023538 0.4590545 -0.03548532 -0.8876991 0.4063283 0.6281654 -0.6635552 0.03585636 0.9969429 -0.06942152 0.07360202 0.9939767 -0.08119851 -0.1432055 0.9871008 -0.07158344 -0.4474821 0.8432827 0.2977152 -0.6953241 0.4100776 0.5902209 -0.7657715 -0.1076767 0.6340346 -0.6636599 -0.001017928 -0.7480338 1.5974e-5 0.009377777 -0.999956 -2.67848e-5 0.4882199 -0.8727206 -0.576175 0.6514846 -0.4935488 -0.9946438 -0.01415163 -0.1023886 -0.9919186 -0.02243018 -0.1248778 -0.8218253 0.543343 -0.171411 -0.9929352 -0.04522728 -0.1097012 -0.8766999 0.47107 -0.09741824 -0.9933885 -0.08476167 -0.07742547 -0.907427 0.4201855 0.004527091 -0.1417902 0.9891166 0.03929382 -0.8973457 0.436215 0.06698632 -0.9896113 -0.1431524 -0.01330262 -0.875131 0.4762356 0.08570533 -0.9809435 -0.1941484 0.007513999 -0.8751736 0.4813454 0.04876202 -0.9761269 -0.2166891 0.01490271 -0.8786658 0.4719385 0.072254 -0.9732102 -0.2173374 0.07500916 0.2096149 0.2319589 -0.949872 -0.6754429 0.2305295 -0.7004521 -0.03853827 -0.4731581 -0.8801343 -0.1653659 -0.146756 -0.9752522 0.9823015 -0.1268107 -0.1378507 -0.9818143 0.07420849 -0.1747394 0.158715 0.9757129 0.1509768 0.8618652 0.5040387 0.05597567 0.1587311 0.975704 0.1510169 0.671785 0.7381093 0.06244742 0.9690807 0.2467199 0.003471195 0.9940696 -0.1048551 0.02882719 0.9940708 -0.1048415 0.02883774 0.9328556 -0.1551769 0.3251166 0.9989812 -0.01321077 0.04315429 0.9955725 -0.006378293 0.09378021 0.7524274 -0.1638898 0.6379601 -0.2569335 -0.2524638 0.9328705 -0.6886101 -0.17237 0.7043471 -0.8410852 -0.3986999 0.3655326 -0.3604548 -0.7532783 0.550131 0.2675141 -0.2533636 0.9296468 0.305999 -0.772996 0.5557353 0.7226264 -0.1847199 0.6661004 0.978576 -0.1246372 0.1638735 0.8547925 -0.3907177 0.3415695 -0.0251702 -0.3265501 0.9448447 0.1834579 -0.1618297 0.9696156 -0.1583628 -0.1176155 0.9803509 -0.8206347 0.03397125 0.5704424 -0.981796 -0.02726686 0.1879714 -0.8372575 -0.5136253 0.1875876 -0.3602322 -0.8946347 0.2643136 0.2906802 -0.9153524 0.2786311 0.8543754 -0.4769256 0.2063603 -0.8689991 0.005993545 0.4947773 -0.9642607 0.1928627 0.1816738 -0.974448 0.1050805 0.1985176 -0.9888991 0.1066383 0.1034742 -0.9888977 0.1066514 0.1034744 -0.8938896 0.4482094 0.008363485 -0.7137511 0.6977511 0.06085097 -0.4764091 0.8765068 0.06906807 0.158618 0.9757212 0.1510254 0.1586489 0.9757151 0.1510319 -0.01364749 -0.3160576 -0.9486419 -0.01363271 -0.3160197 -0.9486547 -0.009105563 -0.2849799 -0.9584903 -0.009085118 -0.284968 -0.958494 -0.002181231 -0.1262518 -0.9919958 -0.002189278 -0.1262114 -0.9920011 1.82795e-4 0.003308236 -0.9999945 1.70453e-4 0.003296256 -0.9999946 0.3541213 -0.8898816 0.2875918 0.0404725 -0.8192261 0.5720409 -0.6832506 -0.680762 -0.2640679 0.398414 -0.5496968 0.7342342 0.6061292 -0.5825704 0.5414972 0.8804826 -0.4657813 0.08830851 -0.06847792 -0.5446913 -0.8358362 0.7425889 -0.6393194 -0.1995806 -0.4186409 -0.7621033 -0.4939014 -0.2491737 -0.5486147 0.7980817 0.1617544 -0.3936045 0.904937 0.07197886 -0.1059096 0.9917672 -0.8990318 -0.4310457 -0.07708156 -0.6893897 -0.1752263 -0.7028781 -0.5552296 -0.1471824 -0.8185704 -0.4775854 -0.03378105 -0.8779357 0.1527094 -0.1310261 -0.9795469 0.9005412 -0.1593399 -0.4045202 0.9854631 -0.1298062 -0.1096039 -0.8200367 -0.01898789 -0.571996 -0.7795798 -0.08978784 -0.6198334 -0.9945658 -0.09494084 0.04272294 -0.9407445 0.3386602 -0.01758086 -0.8021023 0.1012213 -0.5885458 -0.3735626 -0.1325392 0.9180873 -0.2035009 0.3616184 0.9098459 0.985468 -0.1297489 -0.1096264 0.900522 -0.1592649 -0.4045924 0.9375799 0.2594888 0.2315374 0.8936423 0.4114053 -0.1793019 0.7065442 0.4515727 0.5448648 0.05795383 0.3680159 -0.9280118 0.1527398 -0.1309251 -0.9795557 -0.477574 -0.03373557 -0.8779437 -0.4994185 0.1123438 -0.859046 -0.5986136 0.2463279 -0.7622233 -0.2602534 0.7584251 -0.5975446 -0.7229694 0.2261992 -0.6528012 -0.6433917 0.7198326 -0.2605538 0.1679444 0.7708535 0.614475 0.2966294 0.1807717 0.9377273 0.5363349 0.3854736 0.7508363 0.5351509 0.8131985 0.2287398 0.9755092 0.1473011 0.1633533 0.9658098 0.1529102 0.2093563 0.9533647 0.1659703 0.2520909 0.9594156 0.1654731 0.2283427 0.9865264 0.1450298 0.07571017 0.9865264 0.1450209 0.07572752 0.8924964 0.4505326 -0.02170026 0.9925232 0.121933 -0.005476057 0.8924954 0.450534 -0.0217089 0.4464854 0.8944081 -0.02617305 0.446462 0.8944206 -0.02614253 -0.0954616 0.9953027 -0.01611167 -0.09546065 0.9953025 -0.01613819 0.9658268 0.1528797 0.2092998 0.9755136 0.1472956 0.1633314 0.982504 -0.01941269 0.1852272 0.9825099 -0.01937329 0.1852004 0.794323 -0.4789769 0.3736739 0.794323 -0.4789876 0.37366 0.3292118 -0.8645307 0.3797453 0.3292426 -0.8645248 0.379732 -0.2766512 -0.891867 0.3578234 -0.2766733 -0.8918686 0.3578023 -0.8117522 -0.5173369 0.2709633 -0.8117635 -0.517341 0.2709212 -0.9846187 -0.1325691 0.1138048 -0.9846153 -0.1325815 0.1138201 -0.9930235 0.1153529 0.02445542 -0.9930245 0.1153442 0.02445417 -0.9653558 0.2591995 0.0300644 -0.9034965 -0.4188473 -0.09089154 -0.6322927 -0.7744092 -0.02228128 -0.5451186 -0.8377509 -0.03192675 -0.6768523 -0.7331079 0.06651222 -0.9479023 -0.3178979 0.02054858 -0.9963694 0.08448332 -0.01052922 -0.9516025 -0.2573937 -0.1679323 -0.6990633 -0.6989685 -0.150843 -0.3141373 -0.9449995 0.09106957 -0.3023599 -0.9528089 0.02708619 -0.2503126 -0.9647694 0.08101683 -0.4243507 -0.9002701 0.09716206 0.0136488 -0.3160027 -0.9486601 0.009095847 -0.2849839 -0.9584891 0.01364409 -0.3160153 -0.948656 0.009105086 -0.2850047 -0.958483 0.002191543 -0.1262283 -0.9919988 0.002179026 -0.1262115 -0.992001 -1.75059e-4 0.00333935 -0.9999945 -3.58034e-4 0.00310105 -0.9999952 -0.1952648 -0.6442717 -0.7394496 0.1541783 0.02423745 -0.9877458 -0.6095809 0.1947123 -0.7684389 0.02794253 -0.9988532 -0.03887939 0.7443317 -0.5937653 -0.3056358 -0.02021813 -0.9979176 -0.06125152 0.5750925 -0.66698 -0.4737153 -0.06752192 -0.9918871 -0.1077077 0.3520106 -0.7516127 -0.5578235 -0.2088957 -0.9358104 -0.2839392 0.5540845 -0.2066134 -0.8064126 0.5579384 -0.0403949 -0.8288987 0.3656666 0.1219341 -0.9227243 0.6232695 0.1481515 -0.7678452 0.6166964 0.3329187 -0.7133378 0.4992158 0.7163116 -0.4875256 0.4761567 0.8100646 -0.3421552 -0.1825004 0.9685573 0.1690869 -0.1752499 0.9564834 0.2332962 -0.651882 0.5641233 0.506769 -0.6099143 0.6075568 0.508802 -0.08931297 0.9949807 0.04513013 0.6719624 0.5620929 -0.4822013 0.7256434 -0.001978993 -0.6880682 0.6648368 -0.1033546 -0.7398039 0.7262028 -0.1297094 -0.6751334 0.7378922 0.1325939 -0.6617658 0.8763824 0.4608211 -0.1399932 0.8319582 -0.544452 -0.1068533 0.885802 0.4610893 0.05245655 0.855258 -0.5180704 0.01170343 0.8640597 0.4822717 -0.1442735 0.8455005 -0.5028675 -0.1795918 -0.4873094 0.08061271 -0.8695006 0.694948 -0.2653663 -0.6683024 -0.1632351 0.9820792 -0.09420639 -0.1276954 0.9917809 0.008032202 -0.02740907 0.9902208 -0.1367902 -0.2184501 0.6952922 -0.6847249 0.6832822 0.3789693 -0.6241056 0.5635042 -0.5274444 -0.6358189 0.1618475 -0.9543274 -0.2511268 -0.04711675 -0.9944162 -0.09442806 -0.07860022 -0.9954807 -0.05329406 0.004479348 -0.996035 -0.08884984 0.797764 -0.5974683 -0.08126652 0.7520801 -0.6563822 0.05948144 0.8943846 -0.4141302 0.1690343 0.8644556 -0.4816562 0.1439585 0.8334425 -0.5102213 0.212245 0.8436828 -0.04231643 -0.5351715 0.437902 1.52141e-4 -0.8990228 0.3897649 0.3114688 -0.8666433 -0.03786981 -0.9965087 -0.07440662 0.7351658 -0.6695176 0.1061952 0.7436755 -0.5395467 -0.3947609 -0.01891714 -0.9991183 -0.03748148 0.1194857 -0.9111416 -0.3943908 0.8031273 -0.03857529 0.5945575 0.6947374 0.4555676 0.5565952 0.6878853 0.5195294 0.5068563 0.7157666 0.3768509 0.5879299 0.7829675 -0.00730431 0.6220199 0.7500357 0.3167487 0.5806177 0.6098853 0.6076008 0.5087841 0.6518738 0.564174 0.5067231 0.1824713 0.9685703 0.1690444 0.08916521 0.9949945 0.0451194 0.7156457 0.6383646 0.2834463 -0.07381552 0.9970791 -0.01960682 0.7855527 0.5988599 0.1558008 0.3148431 0.9473842 -0.05776667 0.8764364 0.4769396 -0.06624144 0.8876351 0.4493563 0.1009101 0.7869828 0.02094566 0.6166193 0.7652872 0.2828068 0.5782352 0.8474987 0.4662018 0.2537753 0.8030136 0.06011044 0.5929216 0.9075565 0.267456 0.3237414 0.9099351 0.3950505 -0.1263061 0.9199892 0.3885017 0.05182802 0.9618456 0.2676849 0.05654948 0.7216395 -0.3465553 0.5992795 0.8043969 -0.06504297 0.590521 0.7782972 -0.1446231 0.6110137 0.7328455 -0.3366032 0.5913 0.4823811 -0.7547914 0.4445204 -0.07555574 -0.9971254 0.005690336 -0.5110705 -0.8452721 -0.1559554 -0.9320533 -0.1334626 -0.3368449 -0.7386955 -0.05305451 -0.671948 -0.5637696 -0.698576 -0.4406308 0.2281591 -0.9736142 -0.00434345 0.1293092 -0.991239 -0.02691256 0.6109966 -0.6513375 0.4499363 -0.4289082 -0.7063176 -0.5631636 -0.326213 -0.7469688 -0.5793296 -0.3726544 -0.8070393 -0.458057 -0.6133632 -0.2391209 -0.752733 -0.5650588 -0.1755182 -0.806165 -0.6152228 -0.1418653 -0.775484 -0.7386918 -0.05307972 -0.6719502 -0.5637668 -0.6985702 -0.4406436 -0.3610714 -0.776004 -0.5171512 -0.6885005 -0.2334541 -0.686634 -0.6720261 -0.2116008 -0.7096521 -0.7357684 -0.2683741 -0.6217879 -0.7103193 -0.2774438 -0.6468938 0.6242561 -0.6429547 0.4437494 0.7957645 -0.1086069 0.5957881 0.6630282 0.5639536 0.4922904 0.1278348 0.991389 0.02839577 -0.02573722 0.9853451 0.1686202 0.6801651 0.5752983 0.4543208 0.2960661 0.9505013 0.09429824 -0.801574 0.4822673 -0.3534085 -0.9320617 -0.1334046 -0.3368445 -0.551306 0.6456483 -0.5283938 -0.8198513 0.4405267 -0.3657597 -0.9582793 0.07315522 -0.2763136 -0.7683464 -0.6368553 0.06371241 -0.923517 -0.3768484 0.07142627 -0.9551992 0.02386093 -0.2950004 -0.5561212 0.2615219 -0.7888826 -0.6047096 0.2661668 -0.7506541 -0.1542204 0.02421665 -0.9877397 0.0676468 -0.991883 -0.1076664 0.2089473 -0.9358031 -0.2839254 0.1953035 -0.6442816 -0.7394308 0.02045255 -0.997918 -0.06116789 -0.3519369 -0.7516809 -0.5577782 0.6095089 0.1947504 -0.7684863 -0.3656782 0.1218935 -0.922725 -0.554076 -0.2066873 -0.8063996 -0.5749291 -0.6671355 -0.4736949 -0.02768158 -0.9988632 -0.03880965 -0.7441986 -0.5939558 -0.3055896 0.07887709 -0.9954596 -0.05327981 -0.8318054 -0.5446867 -0.1068476 0.04735273 -0.9944033 -0.09444451 -0.8551467 -0.5182554 0.01164394 -0.1616225 -0.9543451 -0.2512046 -0.845364 -0.5030606 -0.1796936 -0.5633568 -0.527566 -0.6358485 -0.8641752 0.4820694 -0.1442582 -0.6833304 0.3788824 -0.6241056 0.02718335 0.9902381 -0.1367099 0.218339 0.6953954 -0.6846558 -0.885912 0.4608799 0.05243879 -0.8764839 0.4606152 -0.1400348 -0.7379209 0.1323691 -0.6617788 -0.7261882 -0.1299216 -0.6751082 -0.5579277 -0.04045885 -0.8289028 -0.6167153 0.3328832 -0.713338 -0.4761896 0.8100342 -0.3421816 -0.5115829 0.8431993 -0.1652212 0.1013844 0.9595008 0.26283 -0.6232745 0.1480972 -0.7678518 -0.6647927 -0.103506 -0.7398224 -0.6948489 -0.2656133 -0.6683073 0.4873429 0.08065092 -0.8694782 0.1629276 0.9821278 -0.09423232 0.1274977 0.9918054 0.008150815 -0.0041368 -0.9960379 -0.08883494 -0.7975642 -0.5977313 -0.08129394 0.03820323 -0.9964941 -0.07443195 -0.8572241 -0.2128352 -0.4689009 -0.7256259 -0.002089858 -0.6880863 -0.4992568 0.716262 -0.4875567 0.1751993 0.9565046 0.233247 0.5138503 0.6975063 0.4994426 -0.6720252 0.5619866 -0.4822378 -0.9096527 -0.2016521 -0.3631368 -0.944126 -0.3294402 -0.009762108 -0.7518768 -0.6566191 0.0594362 0.01920187 -0.9991106 -0.03754097 -0.7349595 -0.6697556 0.1061224 -0.1191858 -0.9111422 -0.3944802 -0.9057443 0.3273687 -0.2691785 -0.8849077 -0.3831045 0.2648952 -0.8728492 -0.4326195 0.2257757 -0.8942656 -0.414414 0.1689682 -0.9385264 -0.3451789 -0.004463016 -0.9586997 -0.2835043 0.02280658 -0.9956472 0.05866837 0.07241994 -0.4926993 0.8700956 -0.01345807 0.2227918 0.9668359 -0.1248686 0.8862664 0.3704489 -0.2780282 -0.9505774 -0.1090328 0.2907139 -0.5372474 0.8367101 0.1062143 0.1783059 0.9612554 -0.2102257 0.8210238 0.3698241 -0.434914 0.8761278 0.3764657 -0.301121 0.9036921 0.4089227 -0.1269764 0.993385 -0.1076892 -0.03986638 0.9868832 0.1386585 0.08267676 0.9431375 0.3238409 -0.07495832 0.853051 0.4677023 -0.2314277 0.9705376 0.2407232 -0.01045006 0.8715777 -0.4901718 -0.009174346 0.9379164 0.3246147 -0.1222221 0.9068425 0.3889213 -0.1624098 0.7932884 0.5727491 -0.2065239 -0.1192224 -0.9111396 -0.3944752 -0.743533 -0.5397182 -0.3947948 -0.2518317 -0.1123715 -0.961225 -0.3899192 0.3113207 -0.8666272 0.4724388 0.4224713 -0.7735112 0.366064 -0.4850233 -0.7941976 0.8366192 -0.5326575 -0.1278459 0.9293278 0.3355834 -0.1540575 0.7102723 -0.6893061 -0.1427251 0.870755 0.40159 -0.2837452 0.6638193 -0.7201163 -0.2019319 -0.843685 -0.04250168 -0.5351535 -0.1192299 -0.911144 -0.3944629 0.01924443 -0.9991099 -0.03753942 0.03823804 -0.9964916 -0.07444679 -0.004118442 -0.9960389 -0.08882379 0.4873774 0.08073645 -0.8694509 0.9766305 0.2149219 0.001313328 0.7955302 -0.5806688 0.1730772 0.846811 -0.5318841 0.003235101 0.8803572 0.4725295 -0.04107481 0.858032 0.4968579 -0.1300512 0.8580189 -0.499046 -0.121478 0.8517141 0.5200891 -0.06395632 0.8630971 -0.4931923 -0.1087422 0.07886499 -0.9954621 -0.05325067 -0.02765882 -0.9988644 -0.03879392 0.02050024 -0.9979181 -0.06115007 0.1629849 0.9821183 -0.09423243 0.04735803 -0.9944062 -0.09441173 0.1274586 0.9918109 0.008099019 0.8549507 0.5167445 -0.04510563 0.8499518 -0.5104724 -0.1303839 0.7590182 -0.5472654 -0.3526928 -0.1615602 -0.9543539 -0.2512111 0.2846059 -0.3446217 -0.8945589 -0.5633311 -0.5275427 -0.6358905 -0.6833009 0.3788846 -0.6241366 0.2182878 0.6953623 -0.6847055 -0.5633269 -0.5275744 -0.635868 0.8250448 0.524295 -0.2107511 0.02718216 0.9902343 -0.1367376 -0.4874709 -0.8366658 -0.2497249 -0.5578898 -0.7845326 0.2706803 -0.3383074 -0.9076519 -0.2484275 -0.5854188 -0.7699117 0.2540098 -0.7283459 -0.4457074 0.5204395 -0.6176344 -0.513234 0.5959183 -0.7658164 -0.1076882 0.6339784 -0.6600327 -0.1356735 0.738884 -0.3883429 -0.2074799 0.897854 -0.2961841 -0.6549297 0.6952281 -0.6473739 -0.5966134 0.4742991 -0.7441799 -0.3911347 0.5414887 -0.3310897 -0.4755332 -0.815014 0.0113238 -0.5635418 -0.82601 0.3300747 0.06177604 -0.9419312 -0.5784946 -0.7765092 -0.2497551 -0.3929278 -0.8567251 0.3341107 -0.3270779 -0.6247738 0.7089979 -0.2703413 -0.6424436 0.7170647 -0.3066231 -0.2705196 0.9125796 -0.4292837 -0.3363646 0.8381972 -0.7611036 -0.1264541 0.6361844 -0.576376 -0.2611969 0.7743172 -0.5938309 -0.4575316 0.6618381 -0.5034765 -0.410691 -0.7601608 -0.3188677 0.9440751 -0.08393847 -0.1062613 0.7314686 -0.6735445 0.2683897 0.7246735 -0.6346774 -0.10263 0.1332083 -0.98576 -0.3356781 0.1648481 -0.9274402 -0.8398858 -0.3336742 -0.4280813 -0.5715674 -0.8192304 -0.04660928 -0.3600811 -0.8572184 0.368128 -0.3205201 -0.8623261 0.3919959 -0.5172237 -0.7649346 0.3838681 -0.546532 -0.6344574 0.5465956 -0.6953417 0.4101117 0.5901766 -0.7658191 -0.1076307 0.6339849 -0.6600264 -0.1356209 0.7388993 -0.4292925 -0.3362902 0.8382226 -0.7610726 -0.1264405 0.6362243 -0.5541763 0.4320167 0.7115126 -0.135158 0.7385575 0.6605038 -0.005700349 0.7659952 0.642821 -0.1103565 0.8971508 0.4277172 -1.01328e-5 0.8546935 0.5191329 -0.24035 0.7867019 0.5686229 -0.3296214 0.4462778 0.8319771 -0.3409114 0.3983085 0.8515456 -0.3066024 -0.2704565 0.9126052 -0.4182674 0.42641 0.8020143 -0.3883545 -0.2073957 0.8978685 -0.6217915 0.4119618 0.6660802 -0.4474993 0.8432906 0.297667 -0.4801043 0.8170392 0.3192913 -0.1432209 0.9870935 -0.07165402 -0.5498781 0.7360464 -0.3948037 -0.3126405 0.9498716 -1.01224e-4 -0.2333095 0.9706491 0.05837023 -0.1897828 0.8835457 0.42817 -0.2596642 0.8707289 0.4176191 -0.3499326 0.8534719 0.3861776 -0.2992932 0.7172431 -0.6292743 -0.3222606 0.944624 -0.06191647 -0.7849518 -0.5921655 -0.1821834 -0.9916781 -0.05666714 -0.1156007 -0.7765965 0.2278195 -0.5873638 -0.9361393 0.3134735 -0.1593034 -0.258002 -0.9505947 0.1726407 0.1058627 -0.04960083 0.9931429 0.5461164 -0.7965689 0.2592968 -0.003943681 0.01242357 0.9999151 -0.002049505 -0.9744292 0.224686 -1.4619e-5 0.854731 0.5190712 -0.2403693 0.786728 0.5685788 -0.5542616 0.4320585 0.7114209 -0.02896338 -0.3061627 0.9515385 0.4771024 -0.4971333 0.7247288 -0.6235804 -0.7499184 0.2208393 -0.4048882 -0.88537 0.2284417 -0.2857652 -0.8828204 0.372782 -0.1684424 -0.9688667 0.181451 -0.3648973 -0.9245364 0.1099207 -0.2506896 -0.945349 0.2084946 -0.3059518 -0.9123876 0.2719234 -0.417721 -0.8251303 0.3803543 0.5707445 -0.2438796 0.7840749 0.54725 -0.3823564 0.7445275 0.8804868 -0.3514193 0.3181942 0.9427608 -0.08443468 0.3226032 0.916289 0.2324466 0.3261644 0.7136815 -0.3382868 0.6133684 0.78158 -0.5149226 0.3521187 0.7519069 -0.6048626 0.2622541 -0.2104184 -0.9715775 0.1084499 3.66269e-5 -0.9945977 0.1038041 5.50504e-5 -0.9990973 0.04248076 9.89846e-4 -0.9958949 0.09051311 0.9216358 0.2994905 0.2467651 0.7063246 -0.688368 0.1650916 0.9799433 -0.1643673 0.1126706 0.9909637 0.01020574 0.1337415 0.9779656 0.1370347 0.1574955 0.9216625 0.299436 0.2467314 0.2506651 -0.9453535 0.2085036 0.3059579 -0.9123969 0.2718859 -0.7815761 -0.5149264 0.3521215 -0.7519024 -0.6048658 0.2622602 -0.7063204 -0.6883714 0.1650949 0.2103984 -0.9715822 0.108446 -0.9799423 -0.1643811 0.1126594 -0.9909635 0.01023209 0.1337414 -0.977968 0.1370189 0.1574947 -0.921661 0.2994278 0.2467471 -0.7137163 -0.337927 0.6135261 0.417716 -0.8251262 0.3803685 0.5172213 -0.7649287 0.3838832 0.6235495 -0.7499315 0.2208818 0.4048693 -0.8862522 0.2250282 0.3649009 -0.9245356 0.1099146 0.2503276 -0.964767 0.08099877 0.3023633 -0.9528102 0.02700543 0.5451209 -0.83775 -0.03191202 0.63231 -0.7743899 -0.02245891 0.7849782 -0.5919771 -0.1826812 0.2580402 -0.9505886 0.1726171 0.1684216 -0.9688722 0.181441 0.4243723 -0.9002616 0.09714585 0.2857912 -0.8828135 0.3727784 0.7766286 0.2278017 -0.5873283 0.3357858 0.1663855 -0.9271267 0.5032098 -0.4095811 -0.7609359 0.8398654 -0.3337182 -0.428087 0.5789334 -0.7767502 -0.2479828 0.5724408 -0.8187966 -0.04340267 0.3215609 -0.8620781 0.3916888 0.2961868 -0.6549248 0.6952316 0.6473754 -0.596605 0.4743074 -0.921628 0.2995107 0.2467698 -0.9166022 0.2269802 0.3291207 0.3606598 -0.8570485 0.3679574 0.2703695 -0.6424703 0.7170302 0.4292857 -0.3363576 0.8381989 0.7610996 -0.1264485 0.6361905 0.7441876 -0.3911383 0.5414755 0.3304588 -0.4719675 -0.8173394 0.102828 0.1379237 -0.9850907 -0.01221984 -0.559211 -0.8289353 0.4871864 -0.836511 -0.2507964 0.3925211 -0.8580622 0.3311443 0.326461 -0.6274204 0.7069419 0.3066312 -0.2705191 0.912577 0.6599131 -0.1387806 0.7384137 0.3881524 -0.2108262 0.8971568 0.7284024 -0.4457071 0.5203606 0.7658386 -0.1077651 0.6339385 0.6171637 -0.5157466 0.5942344 0.5571856 -0.7859331 0.2680552 0.5854846 -0.7698873 0.2539321 0.3385076 -0.9077376 -0.247841 4.52883e-5 0.8546943 0.5191316 0.2403504 0.7866897 0.5686396 -0.005630493 0.7660008 0.6428152 0.4292904 -0.3362701 0.8382316 0.3324732 0.443171 0.8325029 0.7610527 -0.1264563 0.636245 0.5541984 0.4320241 0.7114909 0.1333979 0.7342733 0.6656184 -0.01534056 0.9077038 0.4193311 0.111045 0.9004549 0.4205355 -0.009752631 0.9987278 0.04947453 0.09419065 0.9942058 0.05179858 3.15495e-5 0.986584 -0.1632543 0.2043379 0.8823748 0.4238643 0.340902 0.3983168 0.8515455 0.3066218 -0.2704625 0.912597 0.1427588 0.9870508 -0.07314974 -0.2673227 0.7283933 -0.6308581 0.1073534 0.7346317 -0.6699191 -0.3300884 0.06715923 -0.941558 0.388176 -0.21074 0.8971667 0.09755134 0.9802672 -0.1719305 0.2442975 0.9683806 0.05057603 0.2591947 0.8708056 0.4177507 0.4186597 0.4233498 0.8034296 0.6221434 0.4091517 0.6674822 0.6599251 -0.1387011 0.7384179 0.7658516 -0.1076869 0.6339361 0.6953629 0.4100616 0.5901865 0.4801184 0.8170181 0.3193241 0.4475323 0.8432648 0.29769 0.3184641 0.9440839 -0.08535933 0.2997387 0.718263 -0.6278973 0.9916493 -0.05663442 -0.1158631 0.9361 0.3134826 -0.1595168 0.9058034 0.4236576 0.005872786 0.9959343 0.09006768 -0.001714527 0.750285 0.6462312 -0.1394903 0.6484691 0.7611467 0.01197963 0.5983353 0.7718125 -0.2151749 0.5499615 0.7360189 -0.3947387 0.3219082 0.944661 -0.06317234 0.3499413 0.8534505 0.3862168 0.3115309 0.9502267 -0.004207253 0.339855 0.9204598 -0.1930091 0.163292 0.976139 -0.1431381 0.2282994 0.9735862 -0.003074824 0.250183 0.940901 -0.2282846 0.2352446 0.8304491 -0.5049895 -3.1177e-4 0.8801627 -0.4746721 -2.98027e-4 0.974598 -0.2239614 0.9034839 -0.4188177 -0.09115219 0.9471831 -0.3196498 0.02585136 0.9672416 0.178873 -0.1801341 0.648934 0.5900749 -0.4803086 -1.26705e-4 0.9999976 -0.002171099 -1.14553e-6 0.9942071 -0.1074819 0.9493752 -0.2606098 -0.1754121 0.6769908 -0.7332862 0.06304836 0.6983304 -0.6992863 -0.1527528 0.8826944 0.1809343 -0.4337204 0.8705742 -0.2149333 -0.442611 0.6500234 -0.6231285 -0.4349488 0.2980804 -0.8736067 -0.3846549 0.3169232 -0.9414105 -0.1153517 0.3158264 -0.9448792 0.08635365 0.002008616 -0.9262734 -0.376847 0.002058804 -0.9938722 -0.1105161 -0.2939507 -0.871151 -0.3933051 -0.3137769 -0.9424611 -0.1153739 -0.6501202 -0.6213737 -0.4373083 -0.8819504 -0.2144629 -0.4197252 -0.9698443 0.1677181 -0.176841 -0.9089081 0.4169461 0.006483912 -0.5983358 0.7718547 -0.2150223 -0.3398668 0.9204576 -0.1929991 -0.09253728 0.9934682 0.06676608 -0.01541 0.9077059 0.419324 -3.13111e-5 0.9865841 -0.1632541 1.91862e-5 0.9942078 -0.1074758 -0.1633033 0.976144 -0.1430909 -0.09752565 0.9802686 -0.1719367 -0.009766399 0.9987276 0.04947644 -0.8950755 0.1724386 -0.4112238 -0.7562624 0.6388601 -0.141156 -0.6534246 0.5807706 -0.4855327 -0.2325704 0.8277577 -0.5106157 -0.2482994 0.9406594 -0.231317 -3.19645e-4 0.8801804 -0.4746392 -3.13073e-4 0.9745887 -0.2240017 -1.23005e-4 0.9999977 -0.002170145 -0.2275811 0.9737549 -0.002891123 -0.6477676 0.7616519 0.01684206 -0.7094879 -0.7041627 0.02796125 -0.70949 -0.7041883 0.02725517 -0.3208004 -0.9471415 -0.003182709 -0.3208074 -0.9471418 -0.002232789 2.17748e-4 -0.9999561 -0.009369552 1.98362e-4 -0.999943 -0.0106821 0.3211389 -0.9470322 -2.41424e-4 0.3210895 -0.9470482 -0.001148462 0.7093669 -0.7041962 0.03010594 0.7093499 -0.7041817 0.03083622 0.9593927 -0.2750509 0.06255275 0.9593924 -0.2751346 0.06218791 0.9722036 0.2221133 0.07406806 0.9722048 0.2220523 0.07423365 0.7172037 0.6886954 0.1063842 0.7171863 0.6886199 0.1069877 0.281007 0.9429652 0.1784707 0.281014 0.9427675 0.1795012 -2.2255e-4 0.9782282 0.2075319 -2.45155e-4 0.9784826 0.2063295 -0.281212 0.9425302 0.1804347 -2.42608e-4 0.9784827 0.2063287 -2.157e-4 0.9782276 0.2075353 -0.2811753 0.9423384 0.1814911 -0.7169881 0.6884729 0.1092395 -0.7169742 0.6883851 0.1098819 -0.972045 0.2223848 0.07532358 -0.97204 0.2223378 0.0755254 -0.959587 -0.2746886 0.06114745 -0.9595881 -0.2747559 0.06082874 0.2974506 0.9527812 -0.06108289 0.04974526 0.9894443 -0.1361081 1.68122e-5 0.9990661 -0.04321038 0.3289237 0.9429734 0.0510931 1.06245e-5 0.9973614 0.07259708 1.58993e-5 0.9875411 0.1573615 0.3076924 0.9399485 0.147724 0.7275092 0.6851173 0.03667205 0.7148376 0.6823042 0.1531936 0.9449173 0.2337223 0.2291401 0.9654443 0.2370027 0.1083837 0.9276238 -0.2842782 0.2422813 0.9396587 -0.3121707 0.1399679 0.6832259 -0.7129026 0.1580262 0.6535112 -0.7557104 0.04271948 0.3137978 -0.9459429 0.08199328 0.3174059 -0.9482842 0.003295004 -2.80075e-6 -0.997325 0.0730955 4.116e-6 -0.999966 0.008251428 -0.313786 -0.9459474 0.08198708 -0.003185868 0.983309 -0.1819161 0.7151523 0.6933993 -0.08806079 -0.1001927 0.9901437 -0.09786087 0.7381063 0.6725496 -0.05363118 0.1331353 0.9750841 -0.1774437 0.7441649 0.6669472 -0.03741753 0.2744452 0.949373 -0.1528751 0.741932 0.6699885 -0.025541 0.3522743 0.9322758 -0.08224827 0.7350885 0.6756657 -0.05586266 0.9730429 0.2305046 -0.007438063 0.9255813 -0.3765956 0.03840756 0.6871317 -0.7263842 0.01470041 0.4411413 -0.8962201 -0.04673284 0.5623242 -0.8267496 0.01663523 0.6818314 -0.7310038 0.02719211 0.8914721 -0.4530683 0.002569913 0.9905138 0.1327744 -0.03540468 0.7762972 -0.6259344 -0.07462608 0.9839317 0.1731818 -0.0434336 0.7830583 -0.6208286 -0.03730463 0.9946932 0.09556913 -0.03810703 0.8240756 -0.5659764 -0.0238794 0.9943021 0.1012561 -0.03332519 0.9886276 0.1471819 -0.0308687 0.9798061 0.1996974 -0.01005196 0.3501195 -0.935317 -0.05097681 0.6907091 0.7216169 -0.04679912 0.9685871 -0.2011455 -0.1462173 0.6157142 -0.7803943 -0.1089996 0.9778644 -0.1366893 -0.1584213 0.9721211 -0.2235826 0.07064998 0.5788519 -0.8002125 0.1568139 0.9757555 -0.2185099 0.01244157 0.567131 -0.8236085 -0.005634129 0.5800851 -0.8136591 -0.03821057 0.9809208 -0.1942642 0.007476568 0.6307899 -0.7648224 -0.1309604 0.9895946 -0.1432649 -0.01333624 0.6706669 -0.7151027 -0.1970638 -0.1482349 -0.9670667 -0.2069019 -0.1701611 -0.9783977 -0.1174017 -0.784352 -0.605567 -0.1344646 -0.1560902 -0.97271 -0.1716716 -0.1973566 -0.9788905 -0.05313968 -0.2229985 -0.9746557 0.01783031 -0.2402858 -0.9587535 0.1518377 -0.2696567 -0.9628434 -0.01476794 0.6645946 -0.7470961 -0.01270526 0.6485285 -0.7598235 0.04559707 -0.02517169 -0.560071 -0.8280621 -0.6960331 0.7143143 -0.07275372 -0.6537867 0.7566783 9.67577e-4 0.266788 0.9229805 -0.2773649 -0.7887928 -0.6054674 -0.1059025 -0.7966242 -0.6040086 -0.023745 -0.8073751 -0.5825133 0.09393399 -0.8121703 -0.582823 -0.0264002 -0.9838486 0.1058251 -0.1443716 -0.9862656 0.1634098 -0.02402889 -0.9789994 0.1386658 0.1494391 -0.6627166 0.6645011 -0.3453187 0.2151077 0.9470651 -0.2383199 0.87871 0.4539552 -0.1476261 0.1269093 0.1981951 -0.9719119 0.06736075 -0.01453846 -0.9976229 0.06634789 -0.05851083 -0.9960796 -0.9497567 0.006475985 -0.3129225 -0.8487263 -0.4684112 0.2454679 -0.8450667 -0.534453 0.01491636 -0.2407454 -0.9247164 0.2948579 -0.2550778 -0.9491613 0.1844676 -0.8510674 -0.5249068 0.01254463 0.1076175 -0.239538 -0.9649042 -0.05481445 -0.5138543 -0.8561246 -0.1653741 -0.1467238 -0.9752557 -0.9818179 0.07419288 -0.1747264 -0.8451055 -0.4747982 -0.2456895 0.7581952 0.05496585 -0.6497067 0.9531481 -0.1215257 -0.2770205 0.6842381 -0.6942641 -0.2231943 -0.1202169 -0.9646266 -0.2346133 0.9823066 -0.1267726 -0.1378492 0.8926894 0.3778446 -0.2456402 0.9778747 -0.1365864 -0.1584464 0.8970873 0.4249237 -0.1211371 0.9686076 -0.2010635 -0.1461944 0.8786613 0.471949 0.0722391 0.9721381 -0.2235056 0.0706619 0.87518 0.4813317 0.04878497 0.9757685 -0.2184502 0.01246094 0.8751351 0.4762351 0.08566647 0.9809434 -0.1941499 0.007487475 0.8973593 0.4361816 0.06702417 0.9896109 -0.1431528 -0.01332455 0.9933903 -0.08474141 -0.07742476 0.9074058 0.4202312 0.004521608 0.9929348 -0.0452646 -0.1096894 0.8766914 0.4710875 -0.09741151 0.9919183 -0.0224241 -0.1248816 0.8218336 0.5433368 -0.171391 0.9946439 -0.0141431 -0.1023886 0.5761871 0.6514689 -0.4935551 0.6636525 -0.001021683 -0.7480404 -1.8185e-5 0.009332597 -0.9999565 1.30162e-5 0.4882055 -0.8727287 0.152765 0.9868395 0.05301666 0.162791 0.9830607 0.08420759 -0.6488951 0.7497972 0.1293806 -0.6565065 0.7387558 0.152444 0.1357955 0.9764429 0.1676868 0.1259319 0.9864525 0.1051316 0.1928213 0.9811892 -0.00936836 -0.639328 0.7676665 -0.04413777 -0.9874207 0.0927428 0.128059 -0.9912606 0.1188368 0.05727362 -0.67447 0.7355771 0.06337672 0.1418258 0.9891113 0.03929764 0.1001983 0.9901447 -0.09784621 0.003200411 0.9833081 -0.1819202 -0.6906917 0.7216324 -0.04681688 -0.6786827 0.7344128 0.005271434 -0.9852575 0.1710082 0.004895389 -1.25431e-5 0.9197379 -0.392533 -6.24359e-6 0.4882277 -0.8727163 -2.6159e-5 0.9973613 0.07259875 -2.23666e-5 0.9990661 -0.04320913 -0.2974115 0.9527931 -0.06108939 6.82846e-6 0.9897059 -0.1431165 -0.04976296 0.9894405 -0.1361297 0.02756881 0.9460296 -0.3229056 -0.1331356 0.975085 -0.1774376 -0.7151701 0.6933836 -0.08803939 -0.990512 0.1327835 -0.03542339 -0.9839344 0.1731572 -0.04347175 -0.3522724 0.9322754 -0.08226138 -0.2744275 0.9493822 -0.1528496 -0.7381348 0.6725242 -0.05355644 -0.9946929 0.09557932 -0.03808861 -0.7763089 -0.6259144 -0.07467019 -0.7441482 0.6669735 -0.03728049 -0.3077285 0.9399348 0.1477357 -2.40561e-6 0.9875409 0.1573625 -0.3289364 0.9429687 0.05109852 -0.731957 0.6787699 -0.05924946 -0.7403914 0.6714503 -0.03122681 -0.986347 0.1600214 -0.03889566 -0.9937053 0.1051872 -0.03854185 -0.7830817 -0.6207993 -0.0373004 -0.7257925 0.6868045 0.03904825 0.6750115 -0.7215052 -0.1542397 -0.2282582 -0.9712018 -0.06830257 -0.8196632 -0.5723183 -0.0245791 -0.8754109 -0.4831774 0.01398164 -0.9757069 0.2168543 -0.03115081 -0.9697809 0.2434288 -0.01636135 -0.9632806 0.2413393 0.1176689 -0.7148348 0.6822997 0.1532264 -0.9379399 -0.3128409 0.1496642 -0.9195921 -0.391056 0.03775715 -0.6822531 -0.7311154 0.001026988 -0.651525 -0.7572852 0.04510319 -0.927631 -0.2842605 0.2422746 -0.9449104 0.2337421 0.2291481 -0.6832118 -0.7129184 0.1580165 -0.3174116 -0.9482822 0.00328046 -0.4427651 -0.895197 -0.05080825 -0.5678856 -0.8231076 -3.43701e-4 -0.6495105 -0.759547 0.03499442 -0.3470671 -0.9366519 -0.04719746 0.6566608 -0.7417188 -0.1365646 0.9929283 -0.04532498 -0.109723 0.9933846 -0.08480817 -0.07742488 0.6409149 -0.7541627 -0.1430627 0.2121652 -0.9721196 -0.09984785 8.14049e-7 -0.9939565 -0.1097753 -0.2121491 -0.9721261 -0.09981769 -0.2444929 -0.9607332 -0.1312057 -0.2790433 -0.9550279 -0.1002827 0.2035427 -0.8556333 -0.4758803 0.6636245 -0.001067698 -0.7480652 0.9946427 -0.01419979 -0.1023922 0.9919172 -0.02249532 -0.1248776 0.6636647 -0.001027882 -0.7480296 5.39189e-6 0.009328901 -0.9999566 1.01273e-5 -0.9876965 -0.1563831 -0.1293521 -0.980903 -0.1452497 -0.07760697 -0.9771273 -0.1979886 0.1293602 -0.9809066 -0.1452179 -4.55417e-7 -0.9769389 -0.2135195 2.29776e-5 -0.6119297 -0.7909122 0.2695503 -0.9578238 -0.0995801 0.2414696 -0.9615759 -0.13063 0.07759284 -0.9771313 -0.1979743 -0.2035765 -0.8556418 -0.4758507 -0.6636691 -0.001083374 -0.7480255 -0.6636409 -0.001087725 -0.7480506 -0.994642 -0.01418286 -0.1024019 -0.6408963 -0.7541751 -0.1430807 -0.6566779 -0.7417041 -0.1365624 -0.9919155 -0.0224756 -0.1248943 -0.6750184 -0.7214948 -0.1542575 -0.9929304 -0.04532498 -0.1097041 -0.9933822 -0.08481633 -0.07744699 -0.6706726 -0.7150944 -0.1970747 0.1701145 -0.9784061 -0.117399 0.2282535 -0.9712017 -0.06832104 0.1482678 -0.9670553 -0.2069324 0.784343 -0.6055766 -0.1344744 -0.9761115 -0.2167575 0.01491856 -0.9731902 -0.2174307 0.07499891 -0.5685201 -0.8226652 -0.002629339 -0.980926 -0.1942374 0.007497429 -0.5800945 -0.8136528 -0.03820461 -0.9895949 -0.1432639 -0.0133242 -0.6308194 -0.764801 -0.1309438 0.1560943 -0.9727096 -0.1716702 0.7888025 -0.6054536 -0.1059092 0.7966226 -0.6040101 -0.02375656 0.9912595 0.1188502 0.05726557 0.9852522 0.1710378 0.004917919 0.1973783 -0.9788851 -0.05315965 0.236359 -0.9599515 0.1504247 -0.5832933 -0.7957099 0.1631402 -0.6203339 -0.7753611 -0.1183273 -0.9693021 -0.1929991 -0.1523312 0.2220372 -0.9748908 0.01695311 0.8068124 -0.583459 0.09289485 0.9874174 0.09275537 0.1280753 0.6565052 0.7387527 0.1524645 0.6744844 0.7355648 0.06336504 0.6786758 0.7344191 0.005269587 0.8094974 -0.586438 -0.02836495 0.2653943 -0.9640728 -0.01139003 -0.7544318 0.05678224 -0.6539177 0.06097209 -0.5111845 -0.8573057 -0.2096916 0.2319272 -0.9498628 0.02523446 -0.5600515 -0.8280735 0.6754546 0.2305147 -0.7004457 0.03859031 -0.4732164 -0.8801006 0.9818151 0.0741921 -0.1747418 0.1654349 -0.1456177 -0.9754111 -0.6484861 -0.75986 0.04559147 -0.9824711 -0.1277599 -0.13575 -0.977086 -0.1341881 -0.1652169 -0.6662003 -0.7453632 -0.02471649 0.2537997 -0.9487344 0.1883847 0.8483769 -0.5291072 0.01738154 0.9838509 0.1058279 -0.1443534 -0.8970978 0.4248974 -0.1211518 -0.9693143 -0.1929512 -0.1523139 -0.8942154 0.3739594 -0.246035 -0.9770932 -0.134118 -0.1652315 -0.8801685 0.4506326 -0.1491096 -0.9824854 -0.1276706 -0.1357302 0.1653658 -0.1455975 -0.9754259 -0.1250298 0.2000645 -0.9717726 0.9818121 0.07419669 -0.1747568 0.8451026 -0.4747914 -0.2457131 0.1202031 -0.9646229 -0.2346361 -0.05629414 -0.01486712 -0.9983036 -0.6815034 -0.6957979 -0.2267563 -0.05379754 -0.06060904 -0.9967108 -0.9504231 -0.1222252 -0.285932 -0.09595298 -0.2367213 -0.9668279 0.2408106 -0.9247029 0.2948471 0.846142 -0.5327818 0.01369094 0.9486902 0.007886409 -0.3161091 0.6634708 0.6631903 -0.3463887 -0.2155184 0.9463018 -0.2409666 -0.2690455 0.9215005 -0.2800921 -0.1928265 0.9811882 -0.009359359 -0.1527439 0.9868416 0.05303877 0.9804694 0.1385468 0.1395873 0.6956315 0.7139825 -0.07953596 0.6537701 0.7566927 0.001008212 0.6393354 0.7676579 -0.04417854 -0.1627924 0.9830604 0.08420866 0.9862642 0.1634154 -0.02405083 0.8479247 -0.4693229 0.246495 -0.1259375 0.9864577 0.1050767 -0.1357806 0.97644 0.1677161 0.6488991 0.7497938 0.1293804 -0.02755963 0.9460172 -0.3229429 -1.45994e-5 0.9897072 -0.1431076 -2.45552e-5 0.9197335 -0.3925433 0.08893954 0.6112841 -0.7863978 0.08893871 0.6112852 -0.786397 0.08892929 0.6112607 -0.7864173 0.08893913 0.6112841 -0.7863979 0.007323801 -0.01442515 -0.9998692 0.007324457 -0.01442724 -0.9998692 0.007323503 -0.01442658 -0.9998691 0.007342219 -0.01439726 -0.9998695 -0.08894091 0.611299 -0.7863861 -0.08893978 0.6112902 -0.7863932 -0.08894091 0.6112707 -0.7864081 -0.08893841 0.6112837 -0.7863984 -4.49315e-4 0.9459727 0.3242463 -5.73565e-4 0.8886159 0.4586517 -0.2628712 0.857383 0.4424854 -0.02091991 -0.6921279 0.7214717 -0.007643997 -0.8590525 0.5118305 1.78814e-7 -0.6922859 0.7216234 3.53716e-5 -0.5651915 0.8249598 -0.07039415 -0.5637813 0.8229188 4.14369e-7 -0.9462814 0.3233445 0.01164913 -0.9462194 0.3233159 -1.20599e-5 -0.8590745 0.5118506 0.007638633 -0.8590425 0.5118473 0.0209034 -0.6921054 0.7214938 -0.08890104 -0.5654234 0.8199958 -0.102782 -0.5627539 0.8202097 4.2147e-5 -0.5701487 0.8215416 0.08759921 -0.5653041 0.8202181 0.06952822 -0.5636997 0.8230484 -0.01164883 -0.9462077 0.3233501 -0.01993334 -0.982014 0.1877533 -9.95745e-6 -0.982222 0.1877232 0 -0.9876624 0.1565985 0.01991796 -0.9820166 0.1877415 0.1001072 -0.5614207 0.8214533 0.615242 -0.1419034 -0.7754617 0.5650599 -0.1755303 -0.8061616 0.4289048 -0.7063161 -0.5631681 0.7212466 -0.05034416 -0.6908465 0.5519764 -0.6969802 -0.4577561 0.07534027 -0.9971579 -3.38659e-4 -0.1293299 -0.9912372 -0.02688133 0.3262262 -0.7469546 -0.5793405 0.372654 -0.8070336 -0.4580675 0.6133494 -0.2391048 -0.7527492 0.7103324 -0.2774478 -0.6468776 0.7212855 -0.05033069 -0.6908068 0.5519866 -0.6969921 -0.4577256 0.9320592 -0.1334431 -0.3368362 0.5110715 -0.845267 -0.15598 0.768331 -0.6368743 0.06370693 0.2308035 -0.9062269 0.3542355 -0.228158 -0.9736145 -0.004324734 -0.1728989 -0.9773119 0.1223416 -0.2741629 -0.9074369 0.3184227 -0.4709588 -0.7567628 0.4533298 -0.6109799 -0.6513587 0.4499282 -0.6242341 -0.642964 0.4437668 -0.5603466 -0.6576681 0.5034723 -0.1311939 -0.9778262 0.1632302 0.4201365 -0.8346428 -0.3561698 0.3946819 -0.8236446 -0.4072293 0.7357662 -0.2683646 -0.6217948 0.6885157 -0.2334225 -0.6866295 0.3666684 -0.7920673 -0.4880408 0.6500834 0.4264739 -0.6288972 0.6220441 0.4240142 -0.658235 0.6720477 -0.211483 -0.7096668 0.6885465 -0.2333328 -0.6866291 0.7357924 -0.2682877 -0.6217967 0.7121907 0.4124008 -0.5680757 0.2090659 0.9402556 -0.2687212 0.2460319 0.9461169 -0.2105495 -0.3388829 0.9162521 0.2136361 -0.3232651 0.9159583 0.2377398 -0.7045777 0.4446448 0.5530473 -0.6845691 0.4665967 0.5600469 -0.7697505 -0.1468814 0.6212166 -0.7117736 0.4343363 0.552024 -0.3672295 0.911536 0.1850527 0.1729681 0.9317358 -0.3192968 -0.7772079 -0.1522197 0.6105548 -0.6120995 -0.6493456 0.4513143 0.672012 -0.2115976 -0.7096663 0.3610605 -0.7759948 -0.5171725 -0.2031885 -0.9782528 0.04166644 -0.2115403 -0.9767307 0.03532737 -0.5971903 -0.6531403 0.4655874 -0.7540667 -0.1321067 0.643375 -0.6395116 0.5049023 0.5797402 -0.3053364 0.9198775 0.2461611 0.2397683 0.9443964 -0.2250036 0.6866871 0.3815919 -0.6187474 0.7103346 -0.2773681 -0.6469094 0.5928556 0.322535 -0.737898 0.2178767 0.9150348 -0.3394718 -0.7194392 -0.1302569 0.6822319 0.5574091 0.2506211 -0.7915076 0.2077305 0.8557558 -0.4738461 -0.3443341 0.9300564 0.1281763 -0.3147609 0.9308254 0.1857144 -0.6514313 0.5522693 0.520227 -0.7388492 -0.1327502 0.6606659 -0.5436538 -0.6617878 0.5162147 -0.5747612 -0.6604712 0.4831434 -0.6801542 0.575301 0.4543336 -0.7957805 -0.1086157 0.5957651 -0.1746257 -0.9813142 0.08079785 0.2637287 0.7841335 -0.5617668 -0.2960793 0.9504977 0.09429419 -0.6630207 0.5639618 0.4922912 -0.7783002 -0.1445904 0.6110175 -0.7154594 -0.3394876 0.6106278 -0.7931445 -0.06686156 0.6053523 -0.6727032 0.5173881 0.5289424 -0.1265076 0.9912712 0.03711336 0.5412257 0.6473812 -0.5366306 0.5807363 0.2061039 -0.78757 0.6133545 -0.2390213 -0.7527716 0.5650776 -0.1754095 -0.8061755 0.6152389 -0.1418182 -0.7754798 0.7212818 -0.05023211 -0.6908179 0.9320688 -0.1333498 -0.3368469 0.8015758 0.48228 -0.3533869 0.02571517 0.9853423 0.1686396 -0.6947477 0.4555206 0.5566208 -0.8031265 -0.03859055 0.5945575 -0.7216196 -0.3465795 0.5992894 0.9582633 0.07322847 -0.2763496 0.9235486 -0.3767824 0.07136583 0.9551771 0.02392959 -0.2950665 0.7683702 -0.6368241 0.06373739 0.8198382 0.4405478 -0.3657637 0.5115615 0.8432148 -0.165208 0.604676 0.266249 -0.7506521 -0.1014331 0.959491 0.2628473 -0.5138915 0.6975047 0.4994025 -0.9075996 0.2672995 0.3237501 -0.7653276 0.2827481 0.5782104 -0.7500447 0.3167022 0.5806315 -0.7157908 0.376808 0.5879279 0.5560664 0.2615701 -0.7889052 -0.7128849 -0.3573368 0.6034116 -0.7829435 -0.007343053 0.6220496 -0.7061079 -0.382221 0.5960863 -0.7869842 0.02089262 0.6166192 -0.7926529 -0.1389729 0.5936229 -0.8030344 0.06000465 0.5929042 -0.9293314 -0.06984394 0.3625811 -0.9574874 0.09271728 0.2731691 -0.9869339 0.1383091 0.08265668 -0.9619321 0.2673723 0.05655688 -0.9706136 0.2404155 -0.01047575 -0.9432381 0.3235424 -0.07498192 -0.9069601 0.3886331 -0.1624435 -0.9038089 0.4086571 -0.1270002 -0.8531995 0.4674232 -0.2314441 -0.9100373 0.3948014 -0.126349 -0.8762223 0.3762075 -0.3011688 -0.8863756 0.3701696 -0.278052 -0.1785965 0.9611937 -0.2102617 -0.2231015 0.9667615 -0.124892 0.5369956 0.8368712 0.1062191 0.492439 0.8702426 -0.01348805 -0.315135 0.9472849 -0.05780434 0.07357209 0.9970967 -0.01963394 -0.876559 0.4767059 -0.06630098 -0.7856872 0.598693 0.1557635 -0.8877325 0.4491705 0.1008806 -0.920072 0.3883088 0.05180686 -0.8475732 0.4660623 0.2537832 -0.7157429 0.6382554 0.2834469 0.9056784 0.3275585 -0.2691693 0.9956299 0.05893594 0.0724411 0.9097007 -0.2014503 -0.3631287 0.9587683 -0.283271 0.02282917 0.9506062 -0.1087228 0.2907358 0.8850122 -0.3828249 0.26495 0.9386196 -0.3449254 -0.00443691 0.8572914 -0.2125975 -0.4688858 0.9442355 -0.3291273 -0.009728252 0.8729854 -0.432341 0.2257824 0.8145539 -0.4905197 0.3096649 0.8568525 -0.2805604 0.4325387 0.525669 0.8337072 0.1691284 -0.8211561 0.3695344 -0.4349104 -0.7990851 0.4308472 -0.4193254 -0.7076411 0.3845521 -0.5927595 -0.2040177 0.9160237 -0.3453656 0.5205276 0.7992136 -0.3005141 0.9644333 -0.2639918 0.01329118 0.4370847 0.3398126 -0.8327571 -0.3840839 0.4276918 -0.8182661 -0.1161503 0.7654841 -0.6328849 0.4379222 2.1394e-4 -0.8990129 0.9644318 -0.2639966 0.0133112 0.4378837 2.06128e-4 -0.8990316 -0.1598101 0.6479218 -0.7447538 -0.6772178 0.6468494 -0.3506594 0.3898309 0.3113289 -0.8666639 -0.8082281 0.5260272 -0.2646936 -0.4725159 0.4222462 -0.7735871 -0.8708654 0.4012992 -0.2838181 -0.3658632 -0.4852086 -0.7941768 -0.6635943 -0.7203415 -0.2018686 0.8436959 -0.04235035 -0.5351483 0.1195163 -0.9111341 -0.3943992 0.2518871 -0.1124011 -0.9612071 0.7436954 -0.5395251 -0.394753 0.5067802 0.6511973 -0.5649035 0.2602671 0.3951322 -0.8809834 -0.3600811 0.3136504 -0.8786154 -0.4505637 0.7999187 -0.3963867 0.6670224 0.6782302 -0.3083587 -0.1095034 0.9793924 -0.1697047 -0.6357206 0.7713384 -0.02994614 0.02872657 0.9878268 -0.152882 -0.640884 0.7673313 0.02168774 0.04465675 0.8690449 -0.4927136 -0.6712241 0.692494 -0.2644059 0.5560336 0.2616095 -0.7889152 0.1746884 0.5523346 -0.8151139 0.1541245 0.0242815 -0.987753 -0.6095508 0.1947426 -0.768455 0.7523784 0.2227183 -0.6199382 0.7015601 0.4565851 -0.5471229 0.7245829 0.6157633 -0.3095406 0.8748052 0.05877608 -0.4808965 0.9551779 0.02390122 -0.2950664 0.9125066 -0.3926964 -0.1145485 0.8994249 -0.3511891 -0.2601944 0.9205248 -0.278538 -0.273954 0.9327873 -0.2608307 -0.2487477 0.9144764 -0.3211905 -0.246109 0.9100447 -0.3265142 -0.255357 0.6975972 -0.261024 -0.6672516 0.9234986 -0.376893 0.07142877 0.47036 -0.7699639 0.4311813 0.5167375 -0.8269171 0.2217895 0.5078361 -0.8591832 0.06250375 0.4917915 -0.8681657 0.06655418 0.4288741 -0.9033329 -0.007541 0.3966121 -0.9164852 -0.05247658 0.4378917 -0.8988316 0.01877564 0.1705581 -0.7004478 -0.6930244 0.2602812 0.3951244 -0.8809828 -0.3600727 0.3136194 -0.8786299 -0.3280709 -0.8148632 0.477878 -0.01158654 -0.8544541 0.5193977 -0.1367643 -0.917633 0.3731558 -0.1999669 -0.9492301 0.2428489 -0.2414522 -0.9415847 0.2347747 -0.2927817 -0.9387704 0.1816294 -0.2579358 -0.9540376 0.1525832 -0.1891682 -0.966769 0.1719687 -0.5284996 -0.8186737 -0.2246364 -0.4969524 -0.7607853 0.4174255 -0.4538508 -0.8059847 0.3800107 -0.6207473 -0.7329784 0.2782363 -0.7708671 -0.5829935 0.2566761 -0.7495643 -0.6415599 0.1629548 -0.7831422 -0.5645396 0.2607364 -0.7020245 -0.6795178 0.2131129 -0.7577207 -0.6249498 -0.1878753 -0.4223936 -0.9063682 -0.008962452 -0.6357612 0.7713048 -0.02994698 -0.4506402 0.7998928 -0.3963521 -0.9854007 0.1041498 -0.1346791 -0.7839899 -0.01853752 -0.6204969 -0.3601413 0.3136187 -0.8786021 0.1705705 -0.7004398 -0.6930295 -0.5285345 -0.8186488 -0.2246457 -0.9972701 0.02438944 -0.06969642 -0.9758759 0.08376222 0.2016188 -0.9795186 0.1082571 0.1697759 -0.6409359 0.7672876 0.02170258 -0.671269 0.692447 -0.2644148 -0.6095854 0.1946903 -0.7684409 -0.1953454 -0.6442975 -0.7394058 -0.2089214 -0.9357911 -0.2839838 -0.5622403 -0.7414961 0.366155 -0.06757867 -0.9918875 -0.1076678 -0.02029246 -0.9979197 -0.06119215 -0.6985262 -0.6567103 0.2842409 0.0279079 -0.9988548 -0.03886252 -0.1277102 0.9917786 0.008087515 -0.02736681 0.9902202 -0.1368034 -0.8251795 0.5240561 -0.2108173 -0.2184185 0.6952562 -0.6847717 -0.2844524 -0.3447769 -0.8945478 0.6832926 0.3789176 -0.6241256 0.5634797 -0.5275101 -0.6357859 -0.07864886 -0.9954771 -0.05329036 -0.8579015 -0.4992406 -0.1215071 -0.04714715 -0.9944161 -0.09441322 -0.8629827 -0.4933876 -0.1087641 -0.8581647 0.496631 -0.1300429 -0.8518236 0.5198982 -0.06405174 -0.8498316 -0.5106675 -0.1304041 -0.8550513 0.5165737 -0.04515385 -0.7588799 -0.5474628 -0.352684 -0.7954471 -0.5808085 0.1729897 -0.8466959 -0.5320674 0.003218948 -0.8804693 0.4723208 -0.04107064 -0.16324 0.9820791 -0.09419858 0.5635393 -0.5274654 -0.6357703 0.1618172 -0.9543209 -0.2511711 -0.487385 0.08057135 -0.869462 -0.9766837 0.2146793 0.001316845 -0.9933499 -0.1080051 -0.03988778 0.004470765 -0.9960374 -0.08882272 -0.871423 -0.4904465 -0.009180366 -0.03792303 -0.9965052 -0.07442784 0.1194926 -0.9111502 -0.3943692 -0.01894241 -0.999118 -0.0374763 -0.7100614 -0.6895307 -0.1426894 -0.8364651 -0.5328987 -0.1278478 -0.9380152 0.3243161 -0.1222564 -0.9294191 0.335312 -0.1540977 -0.7934447 0.5725004 -0.2066128 4.35486e-5 0.896042 0.4439695 0.252192 0.8405606 0.4794341 -1.82539e-6 0.9652285 0.2614079 6.27562e-5 0.755953 0.6546261 0.186191 0.708295 0.6809194 1.68649e-5 0.6090469 0.7931342 0.1038222 0.5754277 0.8112362 0.246802 0.5243822 0.8149307 0.3894457 -0.0880472 0.9168314 0.7106193 -0.07039856 0.700046 0.7151018 0.06031388 0.6964135 0.3994714 0.04715853 0.9155319 0.3506097 0.297957 0.8878595 0.6505481 0.261487 0.7130301 0.2660214 0.4697766 0.8417499 0.5145462 0.4688099 0.7179551 0.386558 0.5912063 0.7078476 0.5251915 0.6866984 0.5026124 0.2850353 0.9166535 0.2801807 0.3050054 0.9443439 0.123233 6.35535e-6 0.990822 0.1351736 0.3252769 0.9384773 -0.1159982 0.615073 0.740938 0.2696223 0.8488215 0.3792705 -0.3683153 0.679812 0.7179406 -0.1497232 0.733977 0.6431396 -0.2182872 0.86965 0.3803911 -0.3146607 0.8863866 0.4223765 -0.1895179 0.6941457 0.7001878 -0.1670293 0.6712281 0.737231 0.0770924 0.8432764 0.4784269 0.2449339 0.7273181 0.4765231 0.4938971 0.8626905 0.1934975 0.4672516 0.8934435 0.03314322 0.4479511 0.9515014 0.1691384 0.256977 0.8871108 0.4592286 0.04629862 0.9693565 0.1781153 -0.169183 0.9618285 0.1444519 -0.2324213 0.9812532 0.08781713 -0.1715531 0.9920821 0.03563582 -0.1204292 0.9603695 -0.2666271 0.08124423 0.8943338 -0.06970173 0.4419378 0.9667047 -0.1050572 0.2333348 0.9412614 -0.2617568 0.2133318 0.9343484 -0.3267442 0.1422369 0.9553247 -0.2910575 0.05138468 0.9616551 -0.2739019 0.01404887 0.9512771 -0.3081521 0.01068896 0.9590602 -0.2671113 0.09410214 0.9878537 -0.1353675 -0.07629507 0.9596118 -0.2243573 -0.1697316 0.7194352 -0.6867201 -0.1040612 0.8050158 -0.5414376 -0.2424771 0.9016344 -0.4316419 -0.02721941 0.9084413 -0.4049525 0.1036732 0.8886243 -0.4334274 0.1499586 0.8686864 -0.4468297 0.2138392 0.743298 -0.6130443 0.2677401 0.7634468 -0.6194825 0.1827306 0.6865456 -0.6434221 0.3386197 0.8513906 -0.4426806 0.2813681 0.9125422 -0.3466444 0.2170354 0.8682104 -0.2454921 0.4312127 0.6676767 -0.2352247 0.7063124 0.3646003 -0.2151587 0.9059656 0.6336814 -0.3660217 0.6815248 0.7814605 -0.4179856 0.4632576 0.4936366 -0.44929 0.7446217 0.6352844 -0.5757923 0.514662 0.4936208 -0.6915782 0.5273123 0.335992 -0.343796 0.8768772 0.1626122 -0.3705447 0.9144692 -0.4996625 -0.4475248 0.7416597 0.516383 -0.7810828 0.3510818 -0.1623824 -0.3705425 0.914511 -2.55369e-6 -0.3878741 0.9217124 0.2325266 -0.5864178 0.775916 0.4088271 -0.5512357 0.7273236 0.3047152 -0.7831782 0.5420155 0.345396 -0.8700965 0.351616 0.1260108 -0.8566287 0.5003086 0.1250402 -0.9307915 0.3434998 0.09330356 -0.9460827 0.3101968 -0.6271933 -0.6759306 0.386971 -0.004912078 -0.8546231 0.5192258 -0.4550184 -0.8519378 0.2591531 -0.5268826 -0.7943319 -0.3023769 -0.2902115 -0.8612737 -0.4171152 -0.1331923 -0.9858936 -0.1013595 0.6517141 -0.7559204 0.06207525 0.2158588 -0.9261494 0.3092772 0.251117 -0.5772799 -0.7769737 0.7585304 -0.537047 -0.3690693 0.7442979 -0.5065132 -0.4352759 0.3720155 -0.3753193 -0.8489641 0.04130786 -0.3328936 -0.9420593 0.5264037 -0.07727384 -0.8467161 0.8263455 -0.271063 -0.4936376 0.9309845 -0.0335682 -0.3635123 0.9864876 -0.08231014 0.141659 0.8876236 -0.3671121 0.2781246 0.8857806 -0.2851159 0.366199 0.6641201 -0.6198621 0.4179897 0.002670764 -0.8357123 0.5491613 -0.3806249 -0.3288656 -0.8642755 -0.7228189 -0.5556678 -0.4108116 -0.5873775 -0.5819934 -0.5623802 -0.4750539 -0.8752807 -0.09059524 -0.5170107 -0.7654094 0.3832083 0.006459593 -0.9067282 0.4216664 0.5210497 -0.7601425 0.3881891 0.8039307 -0.4822392 0.3480531 0.8981978 -0.4081816 0.1631829 -0.3087138 -0.6924886 -0.6520394 0.005292117 -0.9927096 -0.1204141 0.01822316 -0.7320382 -0.6810199 -0.1578167 -0.4139701 -0.8965058 -0.4004163 -0.2883092 -0.8697957 -0.2133619 -0.3238859 -0.9217238 0.4069499 -0.3091363 -0.8595501 0.6341136 -0.5154836 -0.5763478 0.8249107 -0.5650191 0.01660394 0.4988918 -0.8626388 -0.0834338 0.3648923 -0.6587107 -0.6579923 0.04021418 -0.4179438 -0.9075825 0.0342468 -0.8284715 -0.5589832 0.2592062 -0.3891184 -0.8839678 0.4797524 -0.6741276 -0.5615956 0.4748991 -0.2613084 -0.8403505 0.6017997 -0.7015451 -0.3816697 0.219632 -0.314171 -0.9236116 0.3696093 -0.9257243 0.08014702 0.3040416 -0.5449497 -0.7814017 0.4280756 -0.8887344 -0.1640198 0.6306021 -0.7737047 -0.06100869 0.4985169 -0.7308729 -0.4661607 0.5774998 -0.7505825 -0.3211231 0.5721321 -0.7966388 -0.1950167 0.613925 -0.7384845 0.2788133 0.5404919 -0.7487768 0.3836688 0.4629096 -0.8233045 0.3284577 0.6078658 -0.7375766 0.2940748 0.6586594 -0.7268612 0.1945266 0.6701291 -0.7362834 0.09388196 0.7135089 -0.7005478 -0.01174724 0.8156039 -0.5590074 -0.1493362 0.6208484 -0.7837857 0.01508063 0.6894433 -0.7241677 -0.01578456 0.622015 -0.7790991 -0.07811564 0.6976696 -0.7069527 0.1160821 0.601718 -0.7916312 0.106092 0.5036387 -0.8501646 0.1535202 0.3579666 -0.9287044 0.09678924 0.4769566 -0.8740175 -0.09276759 0.5679941 -0.8167974 -0.1011181 0.8004044 -0.5637854 -0.2037126 0.9425441 -0.3013324 -0.1442555 0.943085 -0.2704124 -0.1935667 0.9268489 -0.3065314 -0.2167708 0.9258899 -0.3405408 -0.163584 0.9315706 -0.2789013 -0.2332173 0.8922497 -0.3531128 -0.2814287 0.8780193 -0.4688345 -0.09631454 0.9156476 -0.3736003 -0.1483662 0.8724859 -0.2373242 -0.4271366 0.8882931 -0.1962504 -0.4152364 0.9145991 -0.1566663 -0.3727791 0.9843372 -0.09174579 -0.1505425 0.8251674 -0.342175 -0.4494611 0.7099478 -0.01792562 -0.7040262 0.7503587 -0.09298014 -0.6544591 0.7155097 -0.1710504 -0.6773387 0.7800886 -0.4111813 -0.4715843 0.7981393 -0.580169 -0.1624123 0.639533 0.02617263 -0.7683181 0.5366021 -0.04117268 -0.8428305 0.660434 -0.2304145 -0.7146581 0.6826962 -0.5647848 -0.4636206 0.6642533 -0.747186 -0.02192622 0.5523758 -0.8084203 0.2033168 0.7423344 -0.6389905 -0.2015711 0.7143098 -0.5504423 -0.4321747 0.6747055 -0.1817374 -0.7153629 0.545286 -0.166466 -0.8215548 0.492513 -0.08166742 -0.866465 0.5310928 -0.310268 -0.7884632 0.367353 -0.8188745 -0.4410173 0.3426668 -0.935367 0.08756768 2.30519e-4 -0.9058069 -0.4236907 0.2646842 -0.4322577 -0.86203 0.3526626 -0.1125881 -0.9289527 0.3852967 -0.1605501 -0.908719 0.6635948 -0.7421724 -0.09392666 0.1589161 -0.1291415 -0.9788095 0.1895866 -0.2505697 -0.9493533 0.6123355 -0.6121436 -0.5003253 0.6048237 -0.7792267 -0.1642989 0.3872926 -0.7861457 -0.4816423 0.4673082 -0.8288436 -0.3076386 0.3637783 -0.911848 -0.1902598 0.5251582 -0.8498815 -0.04370695 0.5068499 -0.8456379 -0.1673315 0.4224346 -0.9023068 -0.0859732 -0.001939237 -0.8333166 -0.5527926 1.53447e-5 -0.2611042 -0.9653107 -0.001944065 -0.9998145 -0.0191642 -5.97741e-4 -0.9842733 -0.1766518 -2.84985e-6 -0.9122346 -0.4096682 -3.89758e-6 -0.9653035 -0.2611306 6.56582e-7 -0.9773797 -0.2114924 0.3014281 -0.9344502 -0.1895893 0.4445701 -0.8904791 -0.09697628 0.6433743 -0.7655157 -0.007450819 0.4258014 -0.872015 -0.2414188 0.2847723 -0.9056177 -0.3142632 -7.47366e-6 -0.9406215 -0.3394572 -0.2850397 -0.9055008 -0.3143576 -0.3015666 -0.9343894 -0.1896685 -0.3639445 -0.9118248 -0.1900524 -0.4680011 -0.8285479 -0.3073815 -0.5081951 -0.8453425 -0.1647235 -0.4274941 -0.9006638 -0.07780498 -0.7112167 -0.6980482 -0.0830639 -0.5370495 -0.8426287 -0.03943055 -0.4551032 -0.8854016 -0.09457898 -0.4363709 -0.8669094 -0.2409328 -0.6638845 -0.7478343 -0.001069188 -0.7018839 -0.7120508 0.01851379 -0.7815039 -0.622452 -0.04248893 -0.7832046 -0.6141887 -0.09676283 -0.9313717 0.2720611 0.2419289 -0.9960882 -0.005317747 0.08820581 -0.9364773 0.2990097 0.1833131 -0.9979579 -0.007155537 0.06347435 -0.9365637 -0.3489437 -0.03296828 -0.9277837 -0.3696781 -0.05055499 -0.8135107 -0.5756276 -0.08278465 -0.8288503 -0.55601 -0.06213027 -0.8215251 -0.5699032 -0.01752102 -0.7162553 -0.6930444 -0.08165645 -0.9107499 -0.3949726 -0.1205462 -0.9996486 -0.02120608 -0.01590639 -0.9461765 0.3200494 0.04815083 -0.8345922 0.4877841 0.2559741 -0.8149645 0.4583982 0.3545476 -0.5943021 0.6923944 0.4091395 -0.773486 -0.6080291 -0.1789418 -0.8443732 0.5295302 0.08143591 -0.6711956 0.734064 0.1031822 -0.6347806 0.7138379 0.2957855 -0.2661128 0.9101219 0.317588 -0.2770183 0.95545 0.1018636 2.01352e-4 0.9963084 0.08584624 0.003184735 0.9040196 -0.4274793 -0.3335016 0.837531 -0.4328032 -0.3257041 0.8663638 -0.3785902 0.001815497 0.9377671 -0.3472604 -0.3247964 0.9395983 -0.1079926 5.64054e-4 0.996833 -0.07952153 -0.3049982 0.9443417 0.1232675 -3.44962e-5 0.9908211 0.1351797 1.45286e-5 0.8960415 0.4439702 -3.16948e-5 0.9652299 0.2614028 -0.2850602 0.9166489 0.2801705 -0.6712315 0.7372278 0.07709449 -0.6994871 0.6978788 -0.1538928 -0.6730975 0.6271464 -0.3919532 -0.6648852 0.6340091 -0.3949181 -0.6852599 0.71626 -0.1318736 -0.3245736 0.9299874 -0.1725564 0.002296745 0.9804592 -0.196709 -0.8466908 0.5218956 -0.1036337 -0.848069 0.4270009 -0.3137663 -0.8542389 0.3699038 -0.3653042 -0.8900133 0.4174785 -0.1832706 -0.887123 0.4592079 0.04627078 -0.6150717 0.7409365 0.2696295 -0.252177 0.8405506 0.4794595 -0.8432801 0.4784085 0.2449571 -0.3865614 0.5912024 0.7078489 -0.18615 0.7082728 0.6809537 -0.5251826 0.6867005 0.5026191 -0.7273353 0.4765124 0.493882 -0.9514988 0.1691283 0.256994 -0.982589 0.1677754 0.07981395 -0.9649881 0.001702308 0.2622881 -0.8626775 0.1935028 0.4672734 -0.8934471 0.03316843 0.4479424 -0.6505497 0.2614627 0.7130374 -0.7151055 0.0602948 0.6964114 -0.5145451 0.4688093 0.7179563 1.13025e-5 0.7559552 0.6546235 -0.1038104 0.5754457 0.8112248 -0.2467912 0.5243753 0.8149384 -0.2660066 0.4697858 0.8417493 -0.3506302 0.2979501 0.8878538 2.33668e-5 0.609053 0.7931296</float_array>
          <technique_common>
            <accessor source="#player_male_portal_player_mdl_Body_portal_player_reference_smd_-mesh-normals-array" count="2884" stride="3">
              <param name="X" type="float"/>
              <param name="Y" type="float"/>
              <param name="Z" type="float"/>
            </accessor>
          </technique_common>
        </source>
        <source id="player_male_portal_player_mdl_Body_portal_player_reference_smd_-mesh-map-0">
          <float_array id="player_male_portal_player_mdl_Body_portal_player_reference_smd_-mesh-map-0-array" count="27648">0.784315 0.319768 0.793772 0.314906 0.779759 0.297536 0.793772 0.314906 0.784315 0.319768 0.798633 0.332816 0.800661 0.326682 0.793772 0.314906 0.798633 0.332816 0.800661 0.326682 0.798633 0.332816 0.810677 0.338194 0.805802 0.326425 0.800661 0.326682 0.810677 0.338194 0.805802 0.326425 0.810677 0.338194 0.808729 0.324565 0.810677 0.338194 0.821664 0.32497 0.808729 0.324565 0.808729 0.324565 0.821664 0.32497 0.817544 0.317485 0.817544 0.317485 0.821664 0.32497 0.82237 0.311538 0.821664 0.32497 0.827432 0.314117 0.82237 0.311538 0.82237 0.311538 0.827432 0.314117 0.824744 0.301286 0.827432 0.314117 0.830698 0.303998 0.824744 0.301286 0.824744 0.301286 0.830698 0.303998 0.829012 0.287557 0.830698 0.303998 0.835394 0.29203 0.829012 0.287557 0.838563 0.280424 0.829012 0.287557 0.835394 0.29203 0.843207 0.284243 0.838563 0.280424 0.835394 0.29203 0.838563 0.280424 0.843207 0.284243 0.847553 0.282374 0.845533 0.278647 0.838563 0.280424 0.847553 0.282374 0.764946 0.84635 0.766613 0.85162 0.762079 0.85817 0.766613 0.85162 0.767777 0.857139 0.762079 0.85817 0.775622 0.855817 0.767777 0.857139 0.766613 0.85162 0.775622 0.855817 0.775529 0.861394 0.767777 0.857139 0.780382 0.861028 0.775529 0.861394 0.775622 0.855817 0.780382 0.861028 0.781554 0.865302 0.775529 0.861394 0.781554 0.865302 0.776192 0.866619 0.775529 0.861394 0.768956 0.863095 0.775529 0.861394 0.776192 0.866619 0.769857 0.866783 0.768956 0.863095 0.776192 0.866619 0.773317 0.868965 0.769857 0.866783 0.776192 0.866619 0.773317 0.868965 0.770676 0.871136 0.769857 0.866783 0.769857 0.866783 0.770676 0.871136 0.763535 0.871486 0.763535 0.871486 0.770676 0.871136 0.772141 0.87471 0.772141 0.87471 0.773292 0.878865 0.763535 0.871486 0.77756 0.875125 0.773292 0.878865 0.772141 0.87471 0.772141 0.87471 0.770676 0.871136 0.77756 0.875125 0.77756 0.875125 0.770676 0.871136 0.775187 0.871043 0.775187 0.871043 0.770676 0.871136 0.773317 0.868965 0.763299 0.07323801 0.774312 0.1116859 0.766507 0.07165801 0.763299 0.07323801 0.766507 0.07165801 0.761083 0.057958 0.756983 0.05942398 0.763299 0.07323801 0.761083 0.057958 0.761083 0.057958 0.753944 0.04117399 0.756983 0.05942398 0.753944 0.04117399 0.750042 0.04237198 0.756983 0.05942398 0.752194 0.918061 0.760918 0.920653 0.754754 0.92214 0.760918 0.920653 0.752194 0.918061 0.753557 0.914427 0.752194 0.918061 0.749864 0.914225 0.753557 0.914427 0.753557 0.914427 0.749864 0.914225 0.746439 0.905002 0.746439 0.905002 0.749864 0.914225 0.74143 0.914537 0.74143 0.914537 0.749864 0.914225 0.752194 0.918061 0.74143 0.914537 0.752194 0.918061 0.740572 0.921791 0.752194 0.918061 0.754754 0.92214 0.740572 0.921791 0.740572 0.921791 0.754754 0.92214 0.754782 0.926851 0.754782 0.926851 0.754754 0.92214 0.761305 0.929502 0.754754 0.92214 0.760676 0.923632 0.761305 0.929502 0.760918 0.920653 0.760676 0.923632 0.754754 0.92214 0.774312 0.1116859 0.757382 0.100878 0.764651 0.115978 0.757382 0.100878 0.774312 0.1116859 0.763299 0.07323801 0.748532 0.07976502 0.757382 0.100878 0.763299 0.07323801 0.763299 0.07323801 0.756983 0.05942398 0.748532 0.07976502 0.756983 0.05942398 0.742624 0.06589502 0.748532 0.07976502 0.756983 0.05942398 0.750042 0.04237198 0.742624 0.06589502 0.750042 0.04237198 0.735397 0.049021 0.742624 0.06589502 0.812063 0.918563 0.808788 0.915676 0.814022 0.914718 0.812063 0.918563 0.814022 0.914718 0.814999 0.919798 0.818782 0.92006 0.814999 0.919798 0.814022 0.914718 0.818295 0.91406 0.818782 0.92006 0.814022 0.914718 0.818782 0.92006 0.818295 0.91406 0.823483 0.914316 0.823791 0.919219 0.818782 0.92006 0.823483 0.914316 0.823791 0.919219 0.823483 0.914316 0.82788 0.916589 0.66793 0.904438 0.656613 0.896365 0.671007 0.894781 0.658343 0.910077 0.656613 0.896365 0.66793 0.904438 0.66793 0.904438 0.671815 0.913094 0.658343 0.910077 0.671815 0.913094 0.658468 0.92941 0.658343 0.910077 0.671815 0.913094 0.684004 0.913718 0.658468 0.92941 0.684004 0.913718 0.680843 0.926514 0.658468 0.92941 0.684004 0.913718 0.688325 0.91396 0.680843 0.926514 0.698889 0.926484 0.680843 0.926514 0.688325 0.91396 0.677695 0.946691 0.680843 0.926514 0.698889 0.926484 0.69885 0.946809 0.677695 0.946691 0.698889 0.926484 0.69885 0.946809 0.699255 0.95781 0.677695 0.946691 0.69885 0.946809 0.718748 0.946588 0.699255 0.95781 0.718748 0.946588 0.720076 0.957385 0.699255 0.95781 0.733112 0.957053 0.720076 0.957385 0.718748 0.946588 0.720076 0.957385 0.733112 0.957053 0.722037 0.970252 0.733112 0.957053 0.74992 0.956744 0.722037 0.970252 0.745823 0.969664 0.722037 0.970252 0.74992 0.956744 0.745823 0.969664 0.74992 0.956744 0.760774 0.967944 0.722037 0.970252 0.732633 0.983056 0.705997 0.983475 0.701089 0.971048 0.722037 0.970252 0.705997 0.983475 0.745823 0.969664 0.745719 0.982261 0.722037 0.970252 0.745719 0.982261 0.732633 0.983056 0.722037 0.970252 0.732633 0.983056 0.745719 0.982261 0.76438 0.99258 0.746319 0.992772 0.732633 0.983056 0.76438 0.99258 0.705997 0.983475 0.732633 0.983056 0.746319 0.992772 0.716561 0.993139 0.705997 0.983475 0.746319 0.992772 0.716561 0.993139 0.670312 0.993643 0.705997 0.983475 0.915915 0.915308 0.910778 0.917719 0.914749 0.914604 0.914749 0.914604 0.917489 0.910344 0.915915 0.915308 0.917489 0.910344 0.918728 0.910761 0.915915 0.915308 0.918728 0.910761 0.917489 0.910344 0.918243 0.904309 0.919777 0.904959 0.918728 0.910761 0.918243 0.904309 0.918243 0.904309 0.917546 0.898374 0.919777 0.904959 0.917546 0.898374 0.918619 0.897883 0.919777 0.904959 0.918619 0.897883 0.917546 0.898374 0.91588 0.893665 0.916579 0.893249 0.918619 0.897883 0.91588 0.893665 0.91636 0.896505 0.918619 0.897883 0.916579 0.893249 0.916579 0.893249 0.911521 0.887208 0.91636 0.896505 0.911521 0.887208 0.912655 0.890149 0.91636 0.896505 0.911521 0.887208 0.90659 0.884119 0.912655 0.890149 0.90659 0.884119 0.907642 0.886287 0.912655 0.890149 0.90659 0.884119 0.900594 0.881353 0.907642 0.886287 0.899883 0.882205 0.900594 0.881353 0.90659 0.884119 0.899883 0.882205 0.894854 0.881216 0.900594 0.881353 0.895327 0.883124 0.894854 0.881216 0.899883 0.882205 0.891632 0.904959 0.894567 0.912831 0.895852 0.912943 0.894567 0.912831 0.903338 0.917284 0.895852 0.912943 0.903338 0.917284 0.908143 0.915937 0.895852 0.912943 0.903338 0.917284 0.910778 0.917719 0.908143 0.915937 0.910778 0.917719 0.916026 0.912925 0.908143 0.915937 0.916026 0.912925 0.910778 0.917719 0.915915 0.915308 0.915915 0.915308 0.918728 0.910761 0.916026 0.912925 0.918728 0.910761 0.918208 0.905198 0.916026 0.912925 0.918208 0.905198 0.918728 0.910761 0.919777 0.904959 0.919777 0.904959 0.918619 0.897883 0.918208 0.905198 0.918619 0.897883 0.91636 0.896505 0.918208 0.905198 0.901353 0.907034 0.902894 0.911116 0.899669 0.90761 0.899122 0.911542 0.899669 0.90761 0.902894 0.911116 0.891632 0.904959 0.899669 0.90761 0.899122 0.911542 0.894293 0.9122 0.891632 0.904959 0.899122 0.911542 0.894567 0.912831 0.891632 0.904959 0.894293 0.9122 0.894293 0.9122 0.903652 0.915894 0.894567 0.912831 0.903652 0.915894 0.903338 0.917284 0.894567 0.912831 0.903652 0.915894 0.910258 0.916445 0.903338 0.917284 0.910258 0.916445 0.910778 0.917719 0.903338 0.917284 0.910778 0.917719 0.910258 0.916445 0.914749 0.914604 0.899122 0.911542 0.903854 0.914391 0.894293 0.9122 0.903854 0.914391 0.903652 0.915894 0.894293 0.9122 0.903854 0.914391 0.909752 0.915029 0.903652 0.915894 0.909752 0.915029 0.910258 0.916445 0.903652 0.915894 0.910258 0.916445 0.909752 0.915029 0.91364 0.914025 0.914749 0.914604 0.910258 0.916445 0.91364 0.914025 0.91364 0.914025 0.917032 0.908832 0.914749 0.914604 0.917032 0.908832 0.917489 0.910344 0.914749 0.914604 0.917489 0.910344 0.917032 0.908832 0.917486 0.904087 0.918243 0.904309 0.917489 0.910344 0.917486 0.904087 0.902894 0.911116 0.905257 0.912822 0.899122 0.911542 0.905257 0.912822 0.903854 0.914391 0.899122 0.911542 0.905257 0.912822 0.909458 0.912514 0.903854 0.914391 0.909458 0.912514 0.909752 0.915029 0.903854 0.914391 0.909752 0.915029 0.909458 0.912514 0.912943 0.911613 0.91364 0.914025 0.909752 0.915029 0.912943 0.911613 0.912943 0.911613 0.915804 0.908477 0.91364 0.914025 0.915804 0.908477 0.917032 0.908832 0.91364 0.914025 0.917032 0.908832 0.915804 0.908477 0.916208 0.903696 0.917486 0.904087 0.917032 0.908832 0.916208 0.903696 0.916208 0.903696 0.915682 0.899379 0.917486 0.904087 0.915682 0.899379 0.916799 0.898867 0.917486 0.904087 0.917486 0.904087 0.916799 0.898867 0.918243 0.904309 0.916799 0.898867 0.917546 0.898374 0.918243 0.904309 0.905989 0.905721 0.906928 0.90971 0.901353 0.907034 0.906928 0.90971 0.902894 0.911116 0.901353 0.907034 0.906928 0.90971 0.905257 0.912822 0.902894 0.911116 0.905257 0.912822 0.906928 0.90971 0.912943 0.911613 0.909458 0.912514 0.905257 0.912822 0.912943 0.911613 0.902078 0.903184 0.901353 0.907034 0.899669 0.90761 0.906077 0.903142 0.901353 0.907034 0.902078 0.903184 0.906077 0.903142 0.905989 0.905721 0.901353 0.907034 0.905989 0.905721 0.906077 0.903142 0.909487 0.904004 0.906928 0.90971 0.905989 0.905721 0.909487 0.904004 0.910417 0.907304 0.906928 0.90971 0.909487 0.904004 0.906928 0.90971 0.910417 0.907304 0.912943 0.911613 0.910417 0.907304 0.913442 0.904342 0.912943 0.911613 0.913442 0.904342 0.915804 0.908477 0.912943 0.911613 0.913442 0.904342 0.914388 0.901885 0.915804 0.908477 0.914388 0.901885 0.916208 0.903696 0.915804 0.908477 0.914388 0.901885 0.914633 0.899571 0.916208 0.903696 0.914633 0.899571 0.915682 0.899379 0.916208 0.903696 0.915682 0.899379 0.914633 0.899571 0.913678 0.894675 0.916799 0.898867 0.915682 0.899379 0.913678 0.894675 0.914774 0.894228 0.916799 0.898867 0.913678 0.894675 0.917546 0.898374 0.916799 0.898867 0.914774 0.894228 0.91588 0.893665 0.917546 0.898374 0.914774 0.894228 0.910779 0.899707 0.91173 0.901004 0.909487 0.904004 0.91173 0.901004 0.910779 0.899707 0.911796 0.896051 0.910779 0.899707 0.911047 0.897234 0.911796 0.896051 0.914633 0.899571 0.912641 0.89541 0.913678 0.894675 0.913442 0.904342 0.910417 0.907304 0.909487 0.904004 0.91173 0.901004 0.913442 0.904342 0.909487 0.904004 0.91173 0.901004 0.914388 0.901885 0.913442 0.904342 0.914388 0.901885 0.91173 0.901004 0.914633 0.899571 0.914633 0.899571 0.91173 0.901004 0.911796 0.896051 0.912641 0.89541 0.914633 0.899571 0.911796 0.896051 0.909798 0.892439 0.912641 0.89541 0.911796 0.896051 0.912641 0.89541 0.909798 0.892439 0.913678 0.894675 0.909798 0.892439 0.910062 0.890765 0.913678 0.894675 0.913678 0.894675 0.910062 0.890765 0.914774 0.894228 0.910062 0.890765 0.910346 0.888501 0.914774 0.894228 0.910062 0.890765 0.906438 0.888114 0.910346 0.888501 0.906438 0.888114 0.906143 0.886422 0.910346 0.888501 0.906438 0.888114 0.900764 0.884995 0.906143 0.886422 0.900764 0.884995 0.900143 0.883648 0.906143 0.886422 0.906143 0.886422 0.900143 0.883648 0.906106 0.884789 0.906143 0.886422 0.906106 0.884789 0.910656 0.88713 0.910346 0.888501 0.906143 0.886422 0.910656 0.88713 0.910346 0.888501 0.910656 0.88713 0.91588 0.893665 0.914774 0.894228 0.910346 0.888501 0.91588 0.893665 0.906438 0.888114 0.910062 0.890765 0.909798 0.892439 0.90886 0.896211 0.911047 0.897234 0.906924 0.899062 0.911047 0.897234 0.90886 0.896211 0.911796 0.896051 0.90886 0.896211 0.909646 0.893805 0.911796 0.896051 0.909646 0.893805 0.909798 0.892439 0.911796 0.896051 0.909646 0.893805 0.906246 0.890815 0.909798 0.892439 0.906246 0.890815 0.906438 0.888114 0.909798 0.892439 0.906246 0.890815 0.900539 0.88889 0.906438 0.888114 0.900539 0.88889 0.900764 0.884995 0.906438 0.888114 0.900764 0.884995 0.900539 0.88889 0.897258 0.886079 0.900764 0.884995 0.897258 0.886079 0.900143 0.883648 0.897258 0.886079 0.895327 0.883124 0.900143 0.883648 0.900143 0.883648 0.895327 0.883124 0.899883 0.882205 0.900143 0.883648 0.899883 0.882205 0.906106 0.884789 0.906106 0.884789 0.899883 0.882205 0.90659 0.884119 0.906106 0.884789 0.90659 0.884119 0.911521 0.887208 0.910656 0.88713 0.906106 0.884789 0.911521 0.887208 0.910656 0.88713 0.911521 0.887208 0.916579 0.893249 0.91588 0.893665 0.910656 0.88713 0.916579 0.893249 0.901048 0.901754 0.901405 0.900178 0.906924 0.899062 0.901405 0.900178 0.907099 0.896365 0.906924 0.899062 0.907099 0.896365 0.90886 0.896211 0.906924 0.899062 0.90886 0.896211 0.907099 0.896365 0.909646 0.893805 0.907099 0.896365 0.906246 0.890815 0.909646 0.893805 0.907099 0.896365 0.90107 0.892265 0.906246 0.890815 0.90107 0.892265 0.907099 0.896365 0.901792 0.896328 0.89857 0.894667 0.90107 0.892265 0.901792 0.896328 0.901792 0.896328 0.907099 0.896365 0.901405 0.900178 0.898548 0.899132 0.896805 0.899865 0.900076 0.897639 0.896805 0.899865 0.898548 0.899132 0.899004 0.9026 0.895447 0.902092 0.896805 0.899865 0.899004 0.9026 0.896805 0.899865 0.895447 0.902092 0.895562 0.896115 0.900076 0.897639 0.896805 0.899865 0.895562 0.896115 0.895562 0.896115 0.89857 0.894667 0.900076 0.897639 0.89857 0.894667 0.901792 0.896328 0.900076 0.897639 0.901792 0.896328 0.898548 0.899132 0.900076 0.897639 0.898548 0.899132 0.901792 0.896328 0.901405 0.900178 0.898548 0.899132 0.901405 0.900178 0.899004 0.9026 0.901405 0.900178 0.901048 0.901754 0.899004 0.9026 0.901048 0.901754 0.902078 0.903184 0.899004 0.9026 0.902078 0.903184 0.901048 0.901754 0.906924 0.899062 0.906077 0.903142 0.902078 0.903184 0.906924 0.899062 0.909041 0.90117 0.906077 0.903142 0.906924 0.899062 0.906077 0.903142 0.909041 0.90117 0.909487 0.904004 0.909041 0.90117 0.910779 0.899707 0.909487 0.904004 0.910779 0.899707 0.909041 0.90117 0.906924 0.899062 0.911047 0.897234 0.910779 0.899707 0.906924 0.899062 0.900539 0.88889 0.906246 0.890815 0.90107 0.892265 0.895447 0.902092 0.892999 0.895115 0.895562 0.896115 0.894854 0.881216 0.895327 0.883124 0.893442 0.885408 0.895327 0.883124 0.897258 0.886079 0.893442 0.885408 0.896682 0.888835 0.893442 0.885408 0.897258 0.886079 0.900539 0.88889 0.896682 0.888835 0.897258 0.886079 0.900539 0.88889 0.899372 0.890707 0.896682 0.888835 0.899372 0.890707 0.900539 0.88889 0.90107 0.892265 0.898512 0.891775 0.899372 0.890707 0.90107 0.892265 0.89857 0.894667 0.898512 0.891775 0.90107 0.892265 0.898512 0.891775 0.89857 0.894667 0.896139 0.89145 0.89857 0.894667 0.895562 0.896115 0.896139 0.89145 0.893346 0.891104 0.896139 0.89145 0.895562 0.896115 0.892999 0.895115 0.893346 0.891104 0.895562 0.896115 0.893346 0.891104 0.892999 0.895115 0.890305 0.893181 0.892999 0.895115 0.895447 0.902092 0.890305 0.893181 0.895447 0.902092 0.891632 0.904959 0.890305 0.893181 0.895447 0.902092 0.899004 0.9026 0.891632 0.904959 0.899669 0.90761 0.891632 0.904959 0.899004 0.9026 0.902078 0.903184 0.899669 0.90761 0.899004 0.9026 0.910604 0.94496 0.932583 0.946404 0.912797 0.958311 0.932583 0.946404 0.910604 0.94496 0.906365 0.928455 0.910604 0.94496 0.891137 0.945079 0.906365 0.928455 0.891137 0.945079 0.888063 0.928073 0.906365 0.928455 0.888063 0.928073 0.891137 0.945079 0.86937 0.927789 0.877845 0.916866 0.888063 0.928073 0.86937 0.927789 0.877845 0.916866 0.888687 0.915908 0.888063 0.928073 0.888687 0.915908 0.877845 0.916866 0.879863 0.903553 0.891632 0.904959 0.888687 0.915908 0.879863 0.903553 0.891632 0.904959 0.879863 0.903553 0.881609 0.891875 0.891632 0.904959 0.881609 0.891875 0.890305 0.893181 0.888601 0.881101 0.890305 0.893181 0.881609 0.891875 0.893346 0.891104 0.890305 0.893181 0.888601 0.881101 0.893442 0.885408 0.893346 0.891104 0.888601 0.881101 0.896139 0.89145 0.893346 0.891104 0.893442 0.885408 0.896682 0.888835 0.896139 0.89145 0.893442 0.885408 0.896682 0.888835 0.898512 0.891775 0.896139 0.89145 0.899372 0.890707 0.898512 0.891775 0.896682 0.888835 0.863901 0.905609 0.871985 0.904611 0.868539 0.916619 0.859449 0.915864 0.863901 0.905609 0.868539 0.916619 0.859449 0.915864 0.868539 0.916619 0.86937 0.927789 0.877845 0.916866 0.86937 0.927789 0.868539 0.916619 0.877845 0.916866 0.868539 0.916619 0.871985 0.904611 0.877845 0.916866 0.871985 0.904611 0.879863 0.903553 0.879863 0.903553 0.871985 0.904611 0.871864 0.891498 0.881609 0.891875 0.879863 0.903553 0.871864 0.891498 0.881609 0.891875 0.871864 0.891498 0.871235 0.875936 0.888601 0.881101 0.881609 0.891875 0.871235 0.875936 0.871235 0.875936 0.871476 0.868944 0.888601 0.881101 0.871476 0.868944 0.872572 0.860535 0.888601 0.881101 0.882136 0.863115 0.888601 0.881101 0.872572 0.860535 0.882136 0.863115 0.899053 0.881975 0.888601 0.881101 0.888601 0.881101 0.894854 0.881216 0.893442 0.885408 0.894449 0.879154 0.894854 0.881216 0.888601 0.881101 0.894854 0.881216 0.894449 0.879154 0.900594 0.881353 0.894449 0.879154 0.899053 0.881975 0.900594 0.881353 0.900594 0.881353 0.899053 0.881975 0.907642 0.886287 0.894449 0.879154 0.888601 0.881101 0.899053 0.881975 0.675989 0.912824 0.682525 0.912343 0.674961 0.914583 0.682525 0.912343 0.68236 0.913905 0.674961 0.914583 0.682525 0.912343 0.686617 0.909212 0.68236 0.913905 0.686617 0.909212 0.687274 0.911193 0.68236 0.913905 0.68236 0.913905 0.687274 0.911193 0.6831 0.91471 0.687274 0.911193 0.688233 0.911873 0.6831 0.91471 0.674961 0.914583 0.68236 0.913905 0.674558 0.915262 0.68236 0.913905 0.6831 0.91471 0.674558 0.915262 0.669219 0.907408 0.671603 0.911077 0.667435 0.90799 0.671603 0.911077 0.669881 0.91231 0.667435 0.90799 0.669881 0.91231 0.671603 0.911077 0.675989 0.912824 0.674961 0.914583 0.669881 0.91231 0.675989 0.912824 0.669173 0.912956 0.669881 0.91231 0.674961 0.914583 0.674558 0.915262 0.669173 0.912956 0.674961 0.914583 0.671815 0.913094 0.669173 0.912956 0.674558 0.915262 0.674558 0.915262 0.6831 0.91471 0.671815 0.913094 0.6831 0.91471 0.684004 0.913718 0.671815 0.913094 0.6831 0.91471 0.688325 0.91396 0.684004 0.913718 0.688233 0.911873 0.688325 0.91396 0.6831 0.91471 0.692613 0.903457 0.688325 0.91396 0.688233 0.911873 0.688233 0.911873 0.687274 0.911193 0.692613 0.903457 0.692613 0.903457 0.687274 0.911193 0.688257 0.904705 0.687274 0.911193 0.686617 0.909212 0.688257 0.904705 0.686617 0.909212 0.685183 0.908735 0.688257 0.904705 0.685183 0.908735 0.686617 0.909212 0.682525 0.912343 0.681738 0.911144 0.685183 0.908735 0.682525 0.912343 0.682637 0.881914 0.682606 0.884692 0.688671 0.880872 0.682637 0.881914 0.677617 0.884704 0.682606 0.884692 0.677617 0.884704 0.675253 0.888973 0.682606 0.884692 0.677617 0.884704 0.670898 0.890155 0.675253 0.888973 0.670898 0.890155 0.671007 0.894781 0.675253 0.888973 0.671007 0.894781 0.670898 0.890155 0.667752 0.896946 0.667752 0.896946 0.666126 0.902627 0.671007 0.894781 0.666126 0.902627 0.66793 0.904438 0.671007 0.894781 0.66793 0.904438 0.666126 0.902627 0.666838 0.908285 0.669173 0.912956 0.671815 0.913094 0.66793 0.904438 0.666838 0.908285 0.669173 0.912956 0.66793 0.904438 0.669881 0.91231 0.669173 0.912956 0.666838 0.908285 0.667435 0.90799 0.669881 0.91231 0.666838 0.908285 0.666838 0.908285 0.666126 0.902627 0.667435 0.90799 0.666126 0.902627 0.667226 0.902434 0.667435 0.90799 0.667226 0.902434 0.666126 0.902627 0.667752 0.896946 0.668818 0.896094 0.667226 0.902434 0.667752 0.896946 0.667752 0.896946 0.670898 0.890155 0.668818 0.896094 0.670898 0.890155 0.67173 0.890601 0.668818 0.896094 0.67173 0.890601 0.670898 0.890155 0.677617 0.884704 0.67902 0.884871 0.67173 0.890601 0.677617 0.884704 0.67902 0.884871 0.677617 0.884704 0.682637 0.881914 0.683929 0.882363 0.67902 0.884871 0.682637 0.881914 0.683929 0.882363 0.682637 0.881914 0.688876 0.8791 0.688876 0.8791 0.682637 0.881914 0.688671 0.880872 0.693682 0.878462 0.688876 0.8791 0.688671 0.880872 0.693682 0.878462 0.688671 0.880872 0.704535 0.880647 0.693682 0.878462 0.704535 0.880647 0.694523 0.878866 0.694523 0.878866 0.689733 0.879628 0.693682 0.878462 0.689733 0.879628 0.683929 0.882363 0.688876 0.8791 0.689733 0.879628 0.688876 0.8791 0.693682 0.878462 0.692003 0.882353 0.689171 0.881034 0.694523 0.878866 0.689171 0.881034 0.689733 0.879628 0.694523 0.878866 0.689171 0.881034 0.683244 0.883513 0.689733 0.879628 0.683244 0.883513 0.683929 0.882363 0.689733 0.879628 0.683244 0.883513 0.679043 0.88604 0.683929 0.882363 0.679043 0.88604 0.67902 0.884871 0.683929 0.882363 0.679043 0.88604 0.672324 0.891377 0.67902 0.884871 0.672324 0.891377 0.67173 0.890601 0.67902 0.884871 0.67173 0.890601 0.672324 0.891377 0.669844 0.8964 0.668818 0.896094 0.67173 0.890601 0.669844 0.8964 0.669844 0.8964 0.669018 0.901693 0.668818 0.896094 0.669018 0.901693 0.667226 0.902434 0.668818 0.896094 0.667226 0.902434 0.669018 0.901693 0.669219 0.907408 0.667435 0.90799 0.667226 0.902434 0.669219 0.907408 0.681738 0.911144 0.682525 0.912343 0.675989 0.912824 0.676162 0.911683 0.681738 0.911144 0.675989 0.912824 0.675989 0.912824 0.671603 0.911077 0.676162 0.911683 0.671603 0.911077 0.672767 0.909968 0.676162 0.911683 0.672767 0.909968 0.671603 0.911077 0.669219 0.907408 0.670608 0.907074 0.672767 0.909968 0.669219 0.907408 0.669219 0.907408 0.669018 0.901693 0.670608 0.907074 0.669018 0.901693 0.6705 0.900786 0.670608 0.907074 0.6705 0.900786 0.669018 0.901693 0.669844 0.8964 0.67153 0.897269 0.6705 0.900786 0.669844 0.8964 0.669844 0.8964 0.672324 0.891377 0.67153 0.897269 0.672324 0.891377 0.673065 0.893019 0.67153 0.897269 0.673065 0.893019 0.672324 0.891377 0.679043 0.88604 0.676752 0.888905 0.673065 0.893019 0.679043 0.88604 0.676752 0.888905 0.679043 0.88604 0.683244 0.883513 0.680344 0.887231 0.676752 0.888905 0.683244 0.883513 0.680344 0.887231 0.683244 0.883513 0.689171 0.881034 0.685983 0.885662 0.680344 0.887231 0.689171 0.881034 0.689633 0.887632 0.689723 0.890113 0.687313 0.890356 0.687313 0.890356 0.689723 0.890113 0.686935 0.893193 0.686935 0.893193 0.684721 0.890749 0.687313 0.890356 0.687313 0.890356 0.684721 0.890749 0.686635 0.889317 0.686635 0.889317 0.689633 0.887632 0.687313 0.890356 0.685799 0.88759 0.689633 0.887632 0.686635 0.889317 0.685799 0.88759 0.685983 0.885662 0.689633 0.887632 0.685799 0.88759 0.679791 0.889198 0.685983 0.885662 0.679791 0.889198 0.680344 0.887231 0.685983 0.885662 0.679791 0.889198 0.677019 0.890516 0.680344 0.887231 0.677019 0.890516 0.676896 0.88974 0.680344 0.887231 0.676896 0.88974 0.676752 0.888905 0.680344 0.887231 0.676896 0.88974 0.673515 0.89347 0.676752 0.888905 0.676896 0.88974 0.677019 0.890516 0.673515 0.89347 0.677019 0.890516 0.67424 0.894206 0.673515 0.89347 0.67153 0.897269 0.673065 0.893019 0.673515 0.89347 0.673515 0.89347 0.673065 0.893019 0.676752 0.888905 0.673515 0.89347 0.67424 0.894206 0.674054 0.899042 0.672359 0.897631 0.673515 0.89347 0.674054 0.899042 0.672359 0.897631 0.67153 0.897269 0.673515 0.89347 0.672359 0.897631 0.671844 0.900272 0.67153 0.897269 0.671844 0.900272 0.6705 0.900786 0.67153 0.897269 0.671844 0.900272 0.672891 0.902449 0.6705 0.900786 0.672891 0.902449 0.670608 0.907074 0.6705 0.900786 0.672891 0.902449 0.676162 0.90479 0.670608 0.907074 0.676162 0.90479 0.672767 0.909968 0.670608 0.907074 0.676162 0.911683 0.672767 0.909968 0.676162 0.90479 0.681738 0.911144 0.676162 0.911683 0.676162 0.90479 0.680521 0.90725 0.681738 0.911144 0.676162 0.90479 0.680521 0.90725 0.685183 0.908735 0.681738 0.911144 0.680521 0.90725 0.680628 0.903422 0.685183 0.908735 0.680628 0.903422 0.685406 0.904835 0.685183 0.908735 0.680123 0.90113 0.685406 0.904835 0.680628 0.903422 0.680628 0.903422 0.676767 0.901807 0.680123 0.90113 0.680123 0.90113 0.676767 0.901807 0.676812 0.899263 0.671844 0.900272 0.672359 0.897631 0.674054 0.899042 0.674054 0.899042 0.672891 0.902449 0.671844 0.900272 0.672891 0.902449 0.674054 0.899042 0.676162 0.90479 0.674054 0.899042 0.676767 0.901807 0.676162 0.90479 0.676162 0.90479 0.676767 0.901807 0.680628 0.903422 0.680521 0.90725 0.676162 0.90479 0.680628 0.903422 0.685406 0.904835 0.688257 0.904705 0.685183 0.908735 0.685406 0.904835 0.684049 0.901312 0.688257 0.904705 0.680123 0.90113 0.684049 0.901312 0.685406 0.904835 0.680123 0.90113 0.676812 0.899263 0.684049 0.901312 0.676812 0.899263 0.678683 0.897292 0.684049 0.901312 0.676812 0.899263 0.675534 0.897811 0.678683 0.897292 0.68477 0.900047 0.686846 0.900918 0.684049 0.901312 0.684049 0.901312 0.686846 0.900918 0.688257 0.904705 0.688257 0.904705 0.686846 0.900918 0.692613 0.903457 0.690036 0.900611 0.692613 0.903457 0.686846 0.900918 0.704535 0.880647 0.706409 0.89196 0.695272 0.891987 0.692613 0.903457 0.695272 0.891987 0.706409 0.89196 0.692331 0.893826 0.695272 0.891987 0.692613 0.903457 0.690036 0.900611 0.692331 0.893826 0.692613 0.903457 0.690036 0.900611 0.688494 0.898398 0.692331 0.893826 0.690036 0.900611 0.686846 0.900918 0.688494 0.898398 0.688494 0.898398 0.686846 0.900918 0.686782 0.89762 0.686782 0.89762 0.686846 0.900918 0.68477 0.900047 0.684176 0.898537 0.686782 0.89762 0.68477 0.900047 0.68477 0.900047 0.678683 0.897292 0.684176 0.898537 0.684049 0.901312 0.678683 0.897292 0.68477 0.900047 0.676812 0.899263 0.676767 0.901807 0.674054 0.899042 0.675534 0.897811 0.676812 0.899263 0.674054 0.899042 0.675534 0.897811 0.674054 0.899042 0.675767 0.895608 0.675534 0.897811 0.675767 0.895608 0.678683 0.897292 0.67856 0.894612 0.678683 0.897292 0.675767 0.895608 0.684176 0.898537 0.678683 0.897292 0.67856 0.894612 0.683685 0.894748 0.684176 0.898537 0.67856 0.894612 0.686782 0.89762 0.684176 0.898537 0.683685 0.894748 0.683685 0.894748 0.685257 0.89611 0.686782 0.89762 0.686782 0.89762 0.685257 0.89611 0.688494 0.898398 0.685257 0.89611 0.689722 0.894739 0.688494 0.898398 0.688494 0.898398 0.689722 0.894739 0.692331 0.893826 0.692331 0.893826 0.689722 0.894739 0.692553 0.889854 0.692553 0.889854 0.695272 0.891987 0.692331 0.893826 0.692553 0.889854 0.693462 0.884523 0.695272 0.891987 0.693462 0.884523 0.704535 0.880647 0.695272 0.891987 0.704535 0.880647 0.693462 0.884523 0.692003 0.882353 0.694523 0.878866 0.704535 0.880647 0.692003 0.882353 0.686635 0.889317 0.684721 0.890749 0.685799 0.88759 0.685799 0.88759 0.684721 0.890749 0.679791 0.889198 0.676862 0.894399 0.67856 0.894612 0.675767 0.895608 0.685983 0.885662 0.689171 0.881034 0.692003 0.882353 0.689642 0.885514 0.685983 0.885662 0.692003 0.882353 0.692003 0.882353 0.693462 0.884523 0.689642 0.885514 0.689633 0.887632 0.689642 0.885514 0.693462 0.884523 0.689633 0.887632 0.693462 0.884523 0.692553 0.889854 0.689723 0.890113 0.689633 0.887632 0.692553 0.889854 0.692553 0.889854 0.689722 0.894739 0.689723 0.890113 0.686935 0.893193 0.689723 0.890113 0.689722 0.894739 0.689722 0.894739 0.685257 0.89611 0.686935 0.893193 0.686935 0.893193 0.685257 0.89611 0.683685 0.894748 0.686935 0.893193 0.683685 0.894748 0.684721 0.890749 0.684721 0.890749 0.683685 0.894748 0.67856 0.894612 0.67856 0.894612 0.679791 0.889198 0.684721 0.890749 0.67856 0.894612 0.676862 0.894399 0.679791 0.889198 0.676862 0.894399 0.677019 0.890516 0.679791 0.889198 0.676862 0.894399 0.675767 0.895608 0.677019 0.890516 0.675767 0.895608 0.67424 0.894206 0.677019 0.890516 0.674054 0.899042 0.67424 0.894206 0.675767 0.895608 0.685983 0.885662 0.689642 0.885514 0.689633 0.887632 0.830339 0.918534 0.836011 0.914522 0.839826 0.914262 0.82923 0.921282 0.830339 0.918534 0.839826 0.914262 0.824997 0.92108 0.830339 0.918534 0.82923 0.921282 0.825074 0.922234 0.824997 0.92108 0.82923 0.921282 0.819754 0.921801 0.824997 0.92108 0.825074 0.922234 0.819973 0.923087 0.819754 0.921801 0.825074 0.922234 0.819754 0.921801 0.819973 0.923087 0.815378 0.922897 0.815243 0.9217 0.819754 0.921801 0.815378 0.922897 0.812979 0.921356 0.815243 0.9217 0.815378 0.922897 0.815243 0.9217 0.812979 0.921356 0.814556 0.920741 0.819754 0.921801 0.815243 0.9217 0.814556 0.920741 0.819356 0.92095 0.819754 0.921801 0.814556 0.920741 0.824997 0.92108 0.819754 0.921801 0.819356 0.92095 0.824634 0.919923 0.824997 0.92108 0.819356 0.92095 0.830339 0.918534 0.824997 0.92108 0.824634 0.919923 0.83004 0.916357 0.830339 0.918534 0.824634 0.919923 0.836011 0.914522 0.830339 0.918534 0.83004 0.916357 0.834826 0.910716 0.836011 0.914522 0.83004 0.916357 0.836011 0.914522 0.834826 0.910716 0.839826 0.914262 0.814999 0.919798 0.818782 0.92006 0.814556 0.920741 0.818782 0.92006 0.819356 0.92095 0.814556 0.920741 0.818782 0.92006 0.823791 0.919219 0.819356 0.92095 0.823791 0.919219 0.824634 0.919923 0.819356 0.92095 0.823791 0.919219 0.82788 0.916589 0.824634 0.919923 0.82788 0.916589 0.83004 0.916357 0.824634 0.919923 0.82788 0.916589 0.823483 0.914316 0.83004 0.916357 0.823483 0.914316 0.823123 0.913235 0.83004 0.916357 0.823483 0.914316 0.818295 0.91406 0.823123 0.913235 0.818295 0.91406 0.817807 0.912906 0.823123 0.913235 0.818295 0.91406 0.814022 0.914718 0.817807 0.912906 0.814022 0.914718 0.812779 0.91393 0.817807 0.912906 0.814022 0.914718 0.808788 0.915676 0.812779 0.91393 0.808788 0.915676 0.806108 0.914996 0.812779 0.91393 0.808788 0.915676 0.812063 0.918563 0.806108 0.914996 0.812063 0.918563 0.810911 0.919048 0.806108 0.914996 0.812063 0.918563 0.814999 0.919798 0.810911 0.919048 0.814999 0.919798 0.814556 0.920741 0.810911 0.919048 0.809123 0.91999 0.810911 0.919048 0.814556 0.920741 0.812979 0.921356 0.809123 0.91999 0.814556 0.920741 0.809123 0.91999 0.812979 0.921356 0.811509 0.92258 0.811509 0.92258 0.812979 0.921356 0.815378 0.922897 0.816508 0.925576 0.811509 0.92258 0.815378 0.922897 0.815378 0.922897 0.819973 0.923087 0.816508 0.925576 0.819973 0.923087 0.819831 0.925511 0.816508 0.925576 0.809123 0.91999 0.806414 0.917957 0.810911 0.919048 0.806414 0.917957 0.806108 0.914996 0.810911 0.919048 0.806414 0.917957 0.80459 0.916331 0.806108 0.914996 0.806414 0.917957 0.804403 0.919047 0.80459 0.916331 0.80756 0.920926 0.804403 0.919047 0.806414 0.917957 0.804403 0.919047 0.80756 0.920926 0.805386 0.921578 0.80756 0.920926 0.811509 0.92258 0.805386 0.921578 0.80756 0.920926 0.809123 0.91999 0.811509 0.92258 0.809123 0.91999 0.80756 0.920926 0.806414 0.917957 0.819139 0.930559 0.819446 0.944102 0.815288 0.930941 0.819446 0.944102 0.819139 0.930559 0.824276 0.930084 0.824276 0.930084 0.819139 0.930559 0.82449 0.924804 0.819139 0.930559 0.819831 0.925511 0.82449 0.924804 0.819831 0.925511 0.819139 0.930559 0.815288 0.930941 0.816508 0.925576 0.819831 0.925511 0.815288 0.930941 0.816508 0.925576 0.815288 0.930941 0.808031 0.925343 0.811509 0.92258 0.816508 0.925576 0.808031 0.925343 0.811509 0.92258 0.808031 0.925343 0.805386 0.921578 0.808031 0.925343 0.801064 0.925124 0.805386 0.921578 0.801064 0.925124 0.800739 0.921301 0.805386 0.921578 0.800739 0.921301 0.803414 0.919643 0.805386 0.921578 0.803414 0.919643 0.804403 0.919047 0.805386 0.921578 0.804403 0.919047 0.803414 0.919643 0.801822 0.916789 0.815288 0.930941 0.811551 0.945084 0.80681 0.931111 0.815288 0.930941 0.80681 0.931111 0.808031 0.925343 0.80681 0.931111 0.800632 0.930904 0.808031 0.925343 0.800632 0.930904 0.801064 0.925124 0.808031 0.925343 0.801064 0.925124 0.800632 0.930904 0.795208 0.924884 0.800739 0.921301 0.801064 0.925124 0.795208 0.924884 0.800739 0.921301 0.795208 0.924884 0.795389 0.920904 0.799487 0.919047 0.800739 0.921301 0.795389 0.920904 0.79833 0.91384 0.799487 0.919047 0.795389 0.920904 0.799487 0.919047 0.79833 0.91384 0.801822 0.916789 0.79833 0.91384 0.800724 0.913086 0.801822 0.916789 0.800724 0.913086 0.804215 0.913944 0.801822 0.916789 0.804215 0.913944 0.800724 0.913086 0.801133 0.907233 0.803927 0.906627 0.804215 0.913944 0.801133 0.907233 0.803815 0.89851 0.803927 0.906627 0.801133 0.907233 0.803927 0.906627 0.803815 0.89851 0.806738 0.906038 0.803815 0.89851 0.806421 0.897889 0.806738 0.906038 0.806421 0.897889 0.810193 0.898351 0.806738 0.906038 0.803414 0.919643 0.800739 0.921301 0.801822 0.916789 0.800739 0.921301 0.799487 0.919047 0.801822 0.916789 0.810193 0.898351 0.809466 0.905576 0.806738 0.906038 0.806738 0.906038 0.809466 0.905576 0.806309 0.912239 0.806309 0.912239 0.804215 0.913944 0.806738 0.906038 0.804215 0.913944 0.803927 0.906627 0.806738 0.906038 0.804403 0.919047 0.801822 0.916789 0.80459 0.916331 0.804215 0.913944 0.80459 0.916331 0.801822 0.916789 0.80459 0.916331 0.804215 0.913944 0.806108 0.914996 0.806108 0.914996 0.804215 0.913944 0.806309 0.912239 0.806108 0.914996 0.806309 0.912239 0.812779 0.91393 0.806309 0.912239 0.812138 0.910039 0.812779 0.91393 0.809466 0.905576 0.812138 0.910039 0.806309 0.912239 0.812138 0.910039 0.809466 0.905576 0.81278 0.904997 0.809466 0.905576 0.810193 0.898351 0.81278 0.904997 0.810193 0.898351 0.813497 0.898684 0.81278 0.904997 0.813497 0.898684 0.810193 0.898351 0.814109 0.893493 0.822528 0.899843 0.813497 0.898684 0.814109 0.893493 0.822995 0.894896 0.822528 0.899843 0.814109 0.893493 0.822528 0.899843 0.822995 0.894896 0.832285 0.895226 0.832285 0.895226 0.822995 0.894896 0.833675 0.886521 0.837981 0.896265 0.832285 0.895226 0.833675 0.886521 0.839428 0.88766 0.837981 0.896265 0.833675 0.886521 0.837981 0.896265 0.839428 0.88766 0.846194 0.889471 0.830189 0.908214 0.822378 0.90818 0.822178 0.904158 0.822378 0.90818 0.817155 0.909144 0.822178 0.904158 0.817155 0.909144 0.817299 0.904505 0.822178 0.904158 0.830407 0.904268 0.822528 0.899843 0.832285 0.895226 0.832285 0.895226 0.837981 0.896265 0.830407 0.904268 0.837981 0.896265 0.835222 0.904299 0.830407 0.904268 0.830407 0.904268 0.835222 0.904299 0.830189 0.908214 0.830407 0.904268 0.830189 0.908214 0.822178 0.904158 0.822528 0.899843 0.830407 0.904268 0.822178 0.904158 0.822528 0.899843 0.822178 0.904158 0.817299 0.904505 0.813497 0.898684 0.822528 0.899843 0.817299 0.904505 0.81278 0.904997 0.813497 0.898684 0.817299 0.904505 0.817299 0.904505 0.817155 0.909144 0.81278 0.904997 0.817155 0.909144 0.812138 0.910039 0.81278 0.904997 0.812138 0.910039 0.817155 0.909144 0.812779 0.91393 0.817155 0.909144 0.817807 0.912906 0.812779 0.91393 0.817807 0.912906 0.817155 0.909144 0.823123 0.913235 0.817155 0.909144 0.822378 0.90818 0.823123 0.913235 0.823123 0.913235 0.822378 0.90818 0.83004 0.916357 0.822378 0.90818 0.830189 0.908214 0.83004 0.916357 0.834826 0.910716 0.83004 0.916357 0.830189 0.908214 0.835222 0.904299 0.834826 0.910716 0.830189 0.908214 0.834826 0.910716 0.835222 0.904299 0.844108 0.904368 0.835222 0.904299 0.837981 0.896265 0.844108 0.904368 0.854957 0.898798 0.845125 0.897813 0.846194 0.889471 0.845125 0.897813 0.837981 0.896265 0.846194 0.889471 0.837981 0.896265 0.845125 0.897813 0.844108 0.904368 0.845125 0.897813 0.854957 0.898798 0.844108 0.904368 0.771135 0.930502 0.774977 0.930673 0.778505 0.945165 0.778505 0.945165 0.774977 0.930673 0.786177 0.945202 0.778505 0.945165 0.786177 0.945202 0.779693 0.956832 0.786177 0.945202 0.783216 0.930663 0.789385 0.93096 0.774977 0.930673 0.783216 0.930663 0.786177 0.945202 0.774977 0.930673 0.773846 0.925271 0.783216 0.930663 0.773846 0.925271 0.774977 0.930673 0.771135 0.930502 0.770453 0.925502 0.773846 0.925271 0.771135 0.930502 0.771135 0.930502 0.765978 0.930049 0.770453 0.925502 0.769724 0.94421 0.765978 0.930049 0.771135 0.930502 0.769724 0.94421 0.771135 0.930502 0.778505 0.945165 0.769724 0.94421 0.778505 0.945165 0.769372 0.956754 0.778505 0.945165 0.779693 0.956832 0.769372 0.956754 0.769372 0.956754 0.779693 0.956832 0.772093 0.967486 0.779693 0.956832 0.780637 0.967637 0.772093 0.967486 0.780637 0.967637 0.779693 0.956832 0.787035 0.957021 0.786177 0.945202 0.787035 0.957021 0.779693 0.956832 0.786177 0.945202 0.795035 0.945385 0.787035 0.957021 0.786177 0.945202 0.789385 0.93096 0.795035 0.945385 0.789385 0.93096 0.795012 0.930693 0.795035 0.945385 0.789385 0.93096 0.789212 0.925056 0.795012 0.930693 0.789385 0.93096 0.783216 0.930663 0.789212 0.925056 0.783216 0.930663 0.782032 0.924707 0.789212 0.925056 0.773846 0.925271 0.782032 0.924707 0.783216 0.930663 0.778356 0.921946 0.782032 0.924707 0.773846 0.925271 0.773846 0.925271 0.774534 0.922507 0.778356 0.921946 0.774534 0.922507 0.773846 0.925271 0.770453 0.925502 0.789152 0.967682 0.780637 0.967637 0.787035 0.957021 0.795035 0.945385 0.794994 0.957386 0.787035 0.957021 0.787035 0.957021 0.794994 0.957386 0.794994 0.967814 0.789152 0.967682 0.787035 0.957021 0.794994 0.967814 0.789152 0.967682 0.794994 0.967814 0.794994 0.979018 0.780637 0.967637 0.789152 0.967682 0.794994 0.979018 0.78087 0.979295 0.780637 0.967637 0.794994 0.979018 0.780637 0.967637 0.78087 0.979295 0.771002 0.980136 0.772093 0.967486 0.780637 0.967637 0.771002 0.980136 0.772093 0.967486 0.771002 0.980136 0.760774 0.967944 0.772093 0.967486 0.760774 0.967944 0.769372 0.956754 0.760774 0.967944 0.761512 0.956459 0.769372 0.956754 0.769372 0.956754 0.761512 0.956459 0.762138 0.942997 0.762138 0.942997 0.761512 0.956459 0.74992 0.956744 0.752076 0.9475 0.762138 0.942997 0.74992 0.956744 0.752076 0.9475 0.74992 0.956744 0.733112 0.957053 0.737416 0.946544 0.752076 0.9475 0.733112 0.957053 0.737416 0.946544 0.733112 0.957053 0.718748 0.946588 0.718748 0.946588 0.717805 0.929676 0.737416 0.946544 0.769724 0.94421 0.769372 0.956754 0.762138 0.942997 0.769724 0.94421 0.762138 0.942997 0.765978 0.930049 0.737416 0.946544 0.73928 0.935189 0.752076 0.9475 0.73928 0.935189 0.7537 0.940873 0.752076 0.9475 0.752076 0.9475 0.7537 0.940873 0.762138 0.942997 0.717805 0.929676 0.73928 0.935189 0.737416 0.946544 0.73928 0.935189 0.717805 0.929676 0.740572 0.921791 0.73928 0.935189 0.740572 0.921791 0.7537 0.940873 0.740572 0.921791 0.754782 0.926851 0.7537 0.940873 0.7537 0.940873 0.754782 0.926851 0.762138 0.942997 0.754782 0.926851 0.761305 0.929502 0.762138 0.942997 0.762138 0.942997 0.761305 0.929502 0.765978 0.930049 0.765978 0.930049 0.761305 0.929502 0.765715 0.924787 0.765978 0.930049 0.765715 0.924787 0.770453 0.925502 0.770453 0.925502 0.765715 0.924787 0.770446 0.922427 0.770446 0.922427 0.774534 0.922507 0.770453 0.925502 0.774608 0.921138 0.774534 0.922507 0.770446 0.922427 0.778356 0.921946 0.774534 0.922507 0.774608 0.921138 0.777042 0.920656 0.778356 0.921946 0.774608 0.921138 0.782127 0.920128 0.778356 0.921946 0.777042 0.920656 0.780742 0.919283 0.782127 0.920128 0.777042 0.920656 0.782127 0.920128 0.780742 0.919283 0.785155 0.918021 0.780742 0.919283 0.783651 0.917053 0.785155 0.918021 0.7752 0.919076 0.777978 0.91757 0.775485 0.91995 0.777978 0.91757 0.779141 0.918086 0.775485 0.91995 0.777978 0.91757 0.779961 0.915342 0.779141 0.918086 0.779961 0.915342 0.782508 0.914899 0.779141 0.918086 0.779961 0.915342 0.776109 0.914251 0.782508 0.914899 0.776109 0.914251 0.777284 0.913495 0.782508 0.914899 0.776109 0.914251 0.771471 0.913491 0.777284 0.913495 0.771471 0.913491 0.772001 0.912132 0.777284 0.913495 0.771471 0.913491 0.766176 0.91368 0.772001 0.912132 0.766176 0.91368 0.765886 0.912368 0.772001 0.912132 0.766176 0.91368 0.762343 0.915682 0.765886 0.912368 0.762343 0.915682 0.759524 0.915259 0.765886 0.912368 0.762343 0.915682 0.765871 0.918221 0.759524 0.915259 0.765871 0.918221 0.765363 0.919092 0.759524 0.915259 0.759524 0.915259 0.765363 0.919092 0.765194 0.920348 0.765194 0.920348 0.765363 0.919092 0.77028 0.921219 0.77028 0.921219 0.770446 0.922427 0.765194 0.920348 0.77028 0.921219 0.774608 0.921138 0.770446 0.922427 0.765871 0.918221 0.770525 0.919328 0.765363 0.919092 0.770525 0.919328 0.770621 0.920445 0.765363 0.919092 0.770525 0.919328 0.7752 0.919076 0.770621 0.920445 0.7752 0.919076 0.775485 0.91995 0.770621 0.920445 0.783651 0.917053 0.782508 0.914899 0.785436 0.915504 0.783651 0.917053 0.780742 0.919283 0.782508 0.914899 0.780742 0.919283 0.779141 0.918086 0.782508 0.914899 0.780742 0.919283 0.777042 0.920656 0.779141 0.918086 0.777042 0.920656 0.775485 0.91995 0.779141 0.918086 0.774608 0.921138 0.775485 0.91995 0.777042 0.920656 0.770621 0.920445 0.775485 0.91995 0.774608 0.921138 0.77028 0.921219 0.770621 0.920445 0.774608 0.921138 0.765363 0.919092 0.770621 0.920445 0.77028 0.921219 0.786847 0.906422 0.783914 0.905825 0.783403 0.897467 0.78376 0.911614 0.783914 0.905825 0.786847 0.906422 0.786071 0.913416 0.78376 0.911614 0.786847 0.906422 0.786847 0.906422 0.789686 0.907075 0.786071 0.913416 0.786103 0.898007 0.789686 0.907075 0.786847 0.906422 0.786103 0.898007 0.786847 0.906422 0.783403 0.897467 0.783403 0.897467 0.780663 0.892949 0.786103 0.898007 0.779973 0.892523 0.780663 0.892949 0.783403 0.897467 0.780783 0.889008 0.780663 0.892949 0.779973 0.892523 0.781975 0.88922 0.780663 0.892949 0.780783 0.889008 0.780783 0.889008 0.782902 0.887562 0.781975 0.88922 0.784074 0.88729 0.781975 0.88922 0.782902 0.887562 0.784074 0.88729 0.782902 0.887562 0.78557 0.887153 0.784074 0.88729 0.78557 0.887153 0.783795 0.890114 0.784074 0.88729 0.783795 0.890114 0.781975 0.88922 0.783795 0.890114 0.783399 0.891824 0.781975 0.88922 0.781975 0.88922 0.783399 0.891824 0.780663 0.892949 0.783399 0.891824 0.783454 0.894683 0.780663 0.892949 0.780663 0.892949 0.783454 0.894683 0.786103 0.898007 0.786103 0.898007 0.783454 0.894683 0.786944 0.894815 0.788675 0.898494 0.786103 0.898007 0.786944 0.894815 0.786944 0.894815 0.789847 0.89493 0.788675 0.898494 0.789847 0.89493 0.790997 0.89887 0.788675 0.898494 0.788675 0.898494 0.790997 0.89887 0.789686 0.907075 0.790997 0.89887 0.792776 0.908016 0.789686 0.907075 0.790033 0.912863 0.789686 0.907075 0.792776 0.908016 0.786071 0.913416 0.789686 0.907075 0.790033 0.912863 0.790033 0.912863 0.78893 0.916457 0.786071 0.913416 0.788675 0.898494 0.789686 0.907075 0.786103 0.898007 0.803038 0.874422 0.800696 0.87443 0.803533 0.873342 0.800696 0.87443 0.800366 0.873224 0.803533 0.873342 0.800366 0.873224 0.800696 0.87443 0.798177 0.874196 0.798133 0.873081 0.800366 0.873224 0.798177 0.874196 0.798133 0.873081 0.798177 0.874196 0.7951 0.872686 0.798177 0.874196 0.795092 0.873507 0.7951 0.872686 0.79202 0.873053 0.7951 0.872686 0.795092 0.873507 0.791946 0.874192 0.79202 0.873053 0.795092 0.873507 0.79202 0.873053 0.791946 0.874192 0.78934 0.874407 0.78934 0.874407 0.791946 0.874192 0.789278 0.87645 0.78934 0.874407 0.789278 0.87645 0.786584 0.874589 0.789278 0.87645 0.786342 0.876274 0.786584 0.874589 0.786584 0.874589 0.786342 0.876274 0.783553 0.874931 0.783553 0.874931 0.786342 0.876274 0.786917 0.879921 0.784135 0.878949 0.783553 0.874931 0.786917 0.879921 0.784135 0.878949 0.786917 0.879921 0.78547 0.884219 0.78547 0.884219 0.786917 0.879921 0.789651 0.880164 0.786917 0.879921 0.786342 0.876274 0.789278 0.87645 0.789651 0.880164 0.786917 0.879921 0.789278 0.87645 0.789278 0.87645 0.791756 0.876213 0.789651 0.880164 0.791946 0.874192 0.791756 0.876213 0.789278 0.87645 0.795086 0.874947 0.791756 0.876213 0.791946 0.874192 0.795092 0.873507 0.795086 0.874947 0.791946 0.874192 0.795086 0.874947 0.795092 0.873507 0.798351 0.876198 0.795092 0.873507 0.798177 0.874196 0.798351 0.876198 0.798177 0.874196 0.800696 0.87443 0.798351 0.876198 0.791949 0.884463 0.795012 0.884521 0.789509 0.889276 0.791949 0.884463 0.789509 0.889276 0.787359 0.888791 0.789436 0.884333 0.791949 0.884463 0.787359 0.888791 0.789436 0.884333 0.787359 0.888791 0.78547 0.884219 0.789436 0.884333 0.78547 0.884219 0.789651 0.880164 0.789651 0.880164 0.791915 0.879985 0.789436 0.884333 0.791756 0.876213 0.791915 0.879985 0.789651 0.880164 0.791915 0.879985 0.791756 0.876213 0.795052 0.879777 0.791756 0.876213 0.795086 0.874947 0.795052 0.879777 0.798146 0.879948 0.795052 0.879777 0.795086 0.874947 0.798351 0.876198 0.798146 0.879948 0.795086 0.874947 0.798351 0.876198 0.800753 0.876427 0.798146 0.879948 0.800696 0.87443 0.800753 0.876427 0.798351 0.876198 0.800753 0.876427 0.800696 0.87443 0.80309 0.876088 0.800696 0.87443 0.803038 0.874422 0.80309 0.876088 0.803038 0.874422 0.805059 0.874152 0.80309 0.876088 0.805059 0.874152 0.803038 0.874422 0.803533 0.873342 0.805059 0.874152 0.803533 0.873342 0.8077 0.872313 0.791915 0.879985 0.791949 0.884463 0.789436 0.884333 0.791949 0.884463 0.791915 0.879985 0.795012 0.884521 0.791915 0.879985 0.795052 0.879777 0.795012 0.884521 0.797908 0.884323 0.795012 0.884521 0.795052 0.879777 0.798146 0.879948 0.797908 0.884323 0.795052 0.879777 0.798146 0.879948 0.800351 0.880065 0.797908 0.884323 0.800351 0.880065 0.800229 0.884187 0.797908 0.884323 0.800229 0.884187 0.800351 0.880065 0.803053 0.879689 0.803053 0.879689 0.800351 0.880065 0.80309 0.876088 0.800351 0.880065 0.800753 0.876427 0.80309 0.876088 0.800753 0.876427 0.800351 0.880065 0.798146 0.879948 0.965711 0.773682 0.964107 0.788372 0.968591 0.789464 0.965711 0.773682 0.968591 0.789464 0.969163 0.774732 0.969163 0.774732 0.968591 0.789464 0.973651 0.791211 0.969163 0.774732 0.973651 0.791211 0.97333 0.776869 0.97333 0.776869 0.973651 0.791211 0.977106 0.778752 0.977106 0.778752 0.973651 0.791211 0.97333 0.776869 0.97333 0.776869 0.973651 0.791211 0.969163 0.774732 0.969163 0.774732 0.973651 0.791211 0.968591 0.789464 0.969163 0.774732 0.968591 0.789464 0.965711 0.773682 0.965711 0.773682 0.968591 0.789464 0.964107 0.788372 0.965711 0.773682 0.964107 0.788372 0.963071 0.773078 0.963071 0.773078 0.964107 0.788372 0.960413 0.787996 0.963071 0.773078 0.960413 0.787996 0.959666 0.772749 0.959666 0.772749 0.960413 0.787996 0.957098 0.788686 0.959666 0.772749 0.957098 0.788686 0.956355 0.773381 0.956355 0.773381 0.957098 0.788686 0.953982 0.774203 0.953982 0.774203 0.957098 0.788686 0.953266 0.789723 0.953982 0.774203 0.953266 0.789723 0.950718 0.77561 0.950718 0.77561 0.953266 0.789723 0.948086 0.792194 0.950718 0.77561 0.948086 0.792194 0.946856 0.778179 0.948086 0.792194 0.943168 0.780389 0.946856 0.778179 0.943168 0.780389 0.948086 0.792194 0.946856 0.778179 0.946856 0.778179 0.948086 0.792194 0.953266 0.789723 0.946856 0.778179 0.953266 0.789723 0.950718 0.77561 0.950718 0.77561 0.953266 0.789723 0.953982 0.774203 0.953982 0.774203 0.953266 0.789723 0.957098 0.788686 0.953982 0.774203 0.957098 0.788686 0.956355 0.773381 0.956355 0.773381 0.957098 0.788686 0.959666 0.772749 0.959666 0.772749 0.957098 0.788686 0.960413 0.787996 0.959666 0.772749 0.960413 0.787996 0.963071 0.773078 0.963071 0.773078 0.960413 0.787996 0.964107 0.788372 0.963071 0.773078 0.964107 0.788372 0.965711 0.773682 0.67098 0.983256 0.671612 0.993432 0.65259 0.993489 0.686776 0.993387 0.671612 0.993432 0.67098 0.983256 0.68623 0.983696 0.686776 0.993387 0.67098 0.983256 0.68623 0.983696 0.704 0.983977 0.686776 0.993387 0.704 0.983977 0.704919 0.993333 0.686776 0.993387 0.718745 0.993292 0.704919 0.993333 0.704 0.983977 0.71787 0.983793 0.718745 0.993292 0.704 0.983977 0.71787 0.983793 0.704 0.983977 0.712965 0.976006 0.704 0.983977 0.702883 0.972564 0.712965 0.976006 0.685568 0.971639 0.702883 0.972564 0.704 0.983977 0.68623 0.983696 0.685568 0.971639 0.704 0.983977 0.670172 0.970183 0.685568 0.971639 0.68623 0.983696 0.67098 0.983256 0.670172 0.970183 0.68623 0.983696 0.65143 0.972981 0.670172 0.970183 0.67098 0.983256 0.652045 0.983294 0.65143 0.972981 0.67098 0.983256 0.652045 0.983294 0.67098 0.983256 0.65259 0.993489 0.652045 0.983294 0.65259 0.993489 0.639873 0.98547 0.65259 0.993489 0.639733 0.993527 0.639873 0.98547 0.640018 0.977186 0.639873 0.98547 0.639733 0.993527 0.63212 0.98043 0.640018 0.977186 0.639733 0.993527 0.62686 0.985271 0.63212 0.98043 0.639733 0.993527 0.62653 0.993567 0.62686 0.985271 0.639733 0.993527 0.639873 0.98547 0.640018 0.977186 0.652045 0.983294 0.640018 0.977186 0.65143 0.972981 0.652045 0.983294 0.777978 0.91757 0.776109 0.914251 0.779961 0.915342 0.777978 0.91757 0.7752 0.919076 0.776109 0.914251 0.771471 0.913491 0.776109 0.914251 0.7752 0.919076 0.770525 0.919328 0.771471 0.913491 0.7752 0.919076 0.770525 0.919328 0.765871 0.918221 0.771471 0.913491 0.765871 0.918221 0.766176 0.91368 0.771471 0.913491 0.765871 0.918221 0.762343 0.915682 0.766176 0.91368 0.817721 0.868892 0.813698 0.866947 0.81435 0.86165 0.817721 0.868892 0.812087 0.870332 0.813698 0.866947 0.812087 0.870332 0.808009 0.870074 0.813698 0.866947 0.808009 0.870074 0.812087 0.870332 0.812131 0.870805 0.807749 0.871135 0.808009 0.870074 0.812131 0.870805 0.812131 0.870805 0.807682 0.871944 0.807749 0.871135 0.807749 0.871135 0.807682 0.871944 0.804068 0.871667 0.807682 0.871944 0.803594 0.873032 0.804068 0.871667 0.804068 0.871667 0.803594 0.873032 0.800829 0.871748 0.803594 0.873032 0.800448 0.872831 0.800829 0.871748 0.800829 0.871748 0.800448 0.872831 0.798417 0.871577 0.800448 0.872831 0.79818 0.872732 0.798417 0.871577 0.798417 0.871577 0.79818 0.872732 0.7951 0.871452 0.79818 0.872732 0.7951 0.872384 0.7951 0.871452 0.7951 0.871452 0.7951 0.872384 0.791833 0.871686 0.7951 0.872384 0.791982 0.872777 0.791833 0.871686 0.791833 0.871686 0.791982 0.872777 0.78923 0.871668 0.791982 0.872777 0.789557 0.873013 0.78923 0.871668 0.800829 0.871748 0.798417 0.871577 0.798718 0.869586 0.798718 0.869586 0.798417 0.871577 0.795102 0.869428 0.798417 0.871577 0.7951 0.871452 0.795102 0.869428 0.791431 0.869509 0.795102 0.869428 0.7951 0.871452 0.791833 0.871686 0.791431 0.869509 0.7951 0.871452 0.788768 0.869561 0.791431 0.869509 0.791833 0.871686 0.78923 0.871668 0.788768 0.869561 0.791833 0.871686 0.78923 0.871668 0.785814 0.871594 0.788768 0.869561 0.785814 0.871594 0.785843 0.869678 0.788768 0.869561 0.788768 0.869561 0.785843 0.869678 0.791305 0.864291 0.791431 0.869509 0.788768 0.869561 0.791305 0.864291 0.791305 0.864291 0.795105 0.86425 0.791431 0.869509 0.795105 0.86425 0.795102 0.869428 0.791431 0.869509 0.795105 0.86425 0.798842 0.864397 0.795102 0.869428 0.798842 0.864397 0.798718 0.869586 0.795102 0.869428 0.798718 0.869586 0.798842 0.864397 0.801279 0.869661 0.801279 0.869661 0.800829 0.871748 0.798718 0.869586 0.800829 0.871748 0.801279 0.869661 0.804392 0.869887 0.804068 0.871667 0.800829 0.871748 0.804392 0.869887 0.804714 0.860868 0.804153 0.864912 0.798842 0.864397 0.798842 0.864397 0.804153 0.864912 0.801279 0.869661 0.804153 0.864912 0.804392 0.869887 0.801279 0.869661 0.804153 0.864912 0.80834 0.865561 0.804392 0.869887 0.80834 0.865561 0.804153 0.864912 0.804714 0.860868 0.807749 0.871135 0.804068 0.871667 0.804392 0.869887 0.808009 0.870074 0.807749 0.871135 0.804392 0.869887 0.80834 0.865561 0.808009 0.870074 0.804392 0.869887 0.808009 0.870074 0.80834 0.865561 0.813698 0.866947 0.80834 0.865561 0.8095 0.861294 0.813698 0.866947 0.8095 0.861294 0.80834 0.865561 0.804714 0.860868 0.804714 0.860868 0.804718 0.855026 0.8095 0.861294 0.804718 0.855026 0.804714 0.860868 0.79895 0.860803 0.79895 0.860803 0.804714 0.860868 0.798842 0.864397 0.79895 0.860803 0.798842 0.864397 0.795081 0.860583 0.798842 0.864397 0.795105 0.86425 0.795081 0.860583 0.791142 0.860819 0.795081 0.860583 0.795105 0.86425 0.791305 0.864291 0.791142 0.860819 0.795105 0.86425 0.791142 0.860819 0.791305 0.864291 0.785738 0.864583 0.785738 0.864583 0.791305 0.864291 0.785843 0.869678 0.785738 0.864583 0.785843 0.869678 0.781894 0.869909 0.781894 0.869909 0.785843 0.869678 0.785814 0.871594 0.781883 0.870812 0.781894 0.869909 0.785814 0.871594 0.785159 0.849161 0.784686 0.842083 0.794994 0.848713 0.794994 0.848713 0.795003 0.854935 0.785159 0.849161 0.795003 0.854935 0.794994 0.848713 0.804718 0.855026 0.795003 0.854935 0.804718 0.855026 0.79895 0.860803 0.795081 0.860583 0.795003 0.854935 0.79895 0.860803 0.795003 0.854935 0.795081 0.860583 0.785269 0.855061 0.795081 0.860583 0.791142 0.860819 0.785269 0.855061 0.791142 0.860819 0.785194 0.860644 0.785269 0.855061 0.785194 0.860644 0.791142 0.860819 0.785738 0.864583 0.795003 0.854935 0.785269 0.855061 0.785159 0.849161 0.778265 0.870468 0.775187 0.871043 0.773317 0.868965 0.773317 0.868965 0.776192 0.866619 0.778265 0.870468 0.778265 0.870468 0.776192 0.866619 0.781894 0.869909 0.776192 0.866619 0.781554 0.865302 0.781894 0.869909 0.781554 0.865302 0.785738 0.864583 0.781894 0.869909 0.781554 0.865302 0.780382 0.861028 0.785738 0.864583 0.780382 0.861028 0.785194 0.860644 0.785738 0.864583 0.785194 0.860644 0.780382 0.861028 0.775622 0.855817 0.785269 0.855061 0.785194 0.860644 0.775622 0.855817 0.785269 0.855061 0.775622 0.855817 0.775598 0.85005 0.785159 0.849161 0.785269 0.855061 0.775598 0.85005 0.775598 0.85005 0.774692 0.843502 0.785159 0.849161 0.774692 0.843502 0.784686 0.842083 0.785159 0.849161 0.784368 0.836822 0.784686 0.842083 0.774692 0.843502 0.784368 0.836822 0.794994 0.83578 0.784686 0.842083 0.794994 0.83578 0.784368 0.836822 0.782417 0.833504 0.794994 0.832336 0.794994 0.83578 0.782417 0.833504 0.794994 0.832336 0.782417 0.833504 0.779938 0.83033 0.764198 0.827153 0.777957 0.827054 0.766221 0.831631 0.777957 0.827054 0.779938 0.83033 0.766221 0.831631 0.766221 0.831631 0.779938 0.83033 0.772421 0.834842 0.779938 0.83033 0.782417 0.833504 0.772421 0.834842 0.772421 0.834842 0.782417 0.833504 0.774871 0.83828 0.782417 0.833504 0.784368 0.836822 0.774871 0.83828 0.774871 0.83828 0.784368 0.836822 0.774692 0.843502 0.774871 0.83828 0.774692 0.843502 0.764946 0.84635 0.764946 0.84635 0.774692 0.843502 0.775598 0.85005 0.766613 0.85162 0.764946 0.84635 0.775598 0.85005 0.775598 0.85005 0.775622 0.855817 0.766613 0.85162 0.760753 0.837795 0.766221 0.831631 0.772421 0.834842 0.763511 0.842236 0.760753 0.837795 0.772421 0.834842 0.774871 0.83828 0.763511 0.842236 0.772421 0.834842 0.763511 0.842236 0.774871 0.83828 0.764946 0.84635 0.755581 0.844897 0.757697 0.84899 0.744747 0.846381 0.755581 0.844897 0.744747 0.846381 0.738016 0.841841 0.750796 0.840547 0.755581 0.844897 0.738016 0.841841 0.750796 0.840547 0.738016 0.841841 0.737024 0.836877 0.747241 0.835097 0.750796 0.840547 0.737024 0.836877 0.747241 0.835097 0.737024 0.836877 0.743141 0.830103 0.747241 0.835097 0.743141 0.830103 0.764198 0.827153 0.766221 0.831631 0.747241 0.835097 0.764198 0.827153 0.747241 0.835097 0.766221 0.831631 0.750796 0.840547 0.766221 0.831631 0.760753 0.837795 0.750796 0.840547 0.750796 0.840547 0.760753 0.837795 0.755581 0.844897 0.760753 0.837795 0.763511 0.842236 0.755581 0.844897 0.755581 0.844897 0.763511 0.842236 0.757697 0.84899 0.763511 0.842236 0.764946 0.84635 0.757697 0.84899 0.757697 0.84899 0.764946 0.84635 0.762079 0.85817 0.758368 0.819335 0.777957 0.827054 0.764198 0.827153 0.758368 0.819335 0.764198 0.827153 0.739237 0.823466 0.764198 0.827153 0.743141 0.830103 0.739237 0.823466 0.739237 0.823466 0.743141 0.830103 0.724277 0.83432 0.724277 0.83432 0.743141 0.830103 0.737024 0.836877 0.726321 0.841399 0.724277 0.83432 0.737024 0.836877 0.726321 0.841399 0.737024 0.836877 0.738016 0.841841 0.738016 0.841841 0.731797 0.848722 0.726321 0.841399 0.731797 0.848722 0.738016 0.841841 0.744747 0.846381 0.731797 0.848722 0.744747 0.846381 0.734466 0.855597 0.744747 0.846381 0.746716 0.851968 0.734466 0.855597 0.757697 0.84899 0.746716 0.851968 0.744747 0.846381 0.750903 0.860921 0.746716 0.851968 0.757697 0.84899 0.762079 0.85817 0.750903 0.860921 0.757697 0.84899 0.762079 0.85817 0.763535 0.871486 0.750903 0.860921 0.762079 0.85817 0.767777 0.857139 0.763535 0.871486 0.767777 0.857139 0.768956 0.863095 0.763535 0.871486 0.775529 0.861394 0.768956 0.863095 0.767777 0.857139 0.763535 0.871486 0.768956 0.863095 0.769857 0.866783 0.734466 0.855597 0.746716 0.851968 0.750903 0.860921 0.765348 0.879708 0.763535 0.871486 0.773292 0.878865 0.753349 0.871056 0.763535 0.871486 0.765348 0.879708 0.763535 0.871486 0.753349 0.871056 0.750903 0.860921 0.750903 0.860921 0.753349 0.871056 0.736557 0.864683 0.736557 0.864683 0.734466 0.855597 0.750903 0.860921 0.722967 0.85923 0.734466 0.855597 0.736557 0.864683 0.731797 0.848722 0.734466 0.855597 0.722967 0.85923 0.717028 0.851257 0.731797 0.848722 0.722967 0.85923 0.717028 0.851257 0.703616 0.846714 0.731797 0.848722 0.717028 0.851257 0.702415 0.855884 0.703616 0.846714 0.687606 0.854794 0.703616 0.846714 0.702415 0.855884 0.687606 0.854794 0.702415 0.855884 0.700385 0.866706 0.687606 0.854794 0.700385 0.866706 0.672996 0.869224 0.682606 0.884692 0.672996 0.869224 0.700385 0.866706 0.654393 0.871942 0.672996 0.869224 0.682606 0.884692 0.675253 0.888973 0.654393 0.871942 0.682606 0.884692 0.675253 0.888973 0.671007 0.894781 0.654393 0.871942 0.671007 0.894781 0.656613 0.896365 0.654393 0.871942 0.702415 0.855884 0.709236 0.863101 0.700385 0.866706 0.717028 0.851257 0.722967 0.85923 0.702415 0.855884 0.722967 0.85923 0.709236 0.863101 0.702415 0.855884 0.713272 0.870589 0.709236 0.863101 0.722967 0.85923 0.700385 0.866706 0.709236 0.863101 0.713272 0.870589 0.704535 0.880647 0.700385 0.866706 0.713272 0.870589 0.700385 0.866706 0.704535 0.880647 0.688671 0.880872 0.688671 0.880872 0.682606 0.884692 0.700385 0.866706 0.688325 0.91396 0.692613 0.903457 0.693476 0.911568 0.693476 0.911568 0.698889 0.926484 0.688325 0.91396 0.702868 0.913684 0.698889 0.926484 0.693476 0.911568 0.693476 0.911568 0.692613 0.903457 0.702868 0.913684 0.692613 0.903457 0.70434 0.904738 0.702868 0.913684 0.692613 0.903457 0.706409 0.89196 0.70434 0.904738 0.725019 0.868394 0.722967 0.85923 0.736557 0.864683 0.725019 0.868394 0.713272 0.870589 0.722967 0.85923 0.755089 0.879635 0.753349 0.871056 0.765348 0.879708 0.738045 0.872095 0.753349 0.871056 0.755089 0.879635 0.753349 0.871056 0.738045 0.872095 0.736557 0.864683 0.736557 0.864683 0.738045 0.872095 0.725019 0.868394 0.738045 0.872095 0.726373 0.875373 0.725019 0.868394 0.713272 0.870589 0.725019 0.868394 0.726373 0.875373 0.715882 0.877629 0.713272 0.870589 0.726373 0.875373 0.715882 0.877629 0.704535 0.880647 0.713272 0.870589 0.704535 0.880647 0.715882 0.877629 0.715755 0.892849 0.706409 0.89196 0.704535 0.880647 0.715755 0.892849 0.706409 0.89196 0.715755 0.892849 0.71604 0.906863 0.70434 0.904738 0.706409 0.89196 0.71604 0.906863 0.70434 0.904738 0.71604 0.906863 0.717162 0.917262 0.702868 0.913684 0.70434 0.904738 0.717162 0.917262 0.702868 0.913684 0.717162 0.917262 0.717805 0.929676 0.698889 0.926484 0.702868 0.913684 0.717805 0.929676 0.698889 0.926484 0.717805 0.929676 0.718748 0.946588 0.69885 0.946809 0.698889 0.926484 0.718748 0.946588 0.715755 0.892849 0.715593 0.900762 0.71604 0.906863 0.740572 0.921791 0.717805 0.929676 0.717162 0.917262 0.730743 0.91566 0.740572 0.921791 0.717162 0.917262 0.730743 0.91566 0.717162 0.917262 0.71604 0.906863 0.72407 0.906042 0.730743 0.91566 0.71604 0.906863 0.72407 0.906042 0.737362 0.905653 0.730743 0.91566 0.737362 0.905653 0.72407 0.906042 0.71604 0.906863 0.734735 0.899224 0.737362 0.905653 0.71604 0.906863 0.715593 0.900762 0.734735 0.899224 0.71604 0.906863 0.734735 0.899224 0.715593 0.900762 0.73121 0.890983 0.715593 0.900762 0.715755 0.892849 0.73121 0.890983 0.73121 0.890983 0.715755 0.892849 0.715888 0.884332 0.715882 0.877629 0.715888 0.884332 0.715755 0.892849 0.715888 0.884332 0.715882 0.877629 0.726373 0.875373 0.728882 0.883423 0.715888 0.884332 0.726373 0.875373 0.728882 0.883423 0.726373 0.875373 0.740081 0.88079 0.740081 0.88079 0.742064 0.889635 0.73121 0.890983 0.728882 0.883423 0.740081 0.88079 0.73121 0.890983 0.728882 0.883423 0.73121 0.890983 0.715888 0.884332 0.726373 0.875373 0.738045 0.872095 0.740081 0.88079 0.740081 0.88079 0.738045 0.872095 0.755089 0.879635 0.755089 0.879635 0.756381 0.88663 0.740081 0.88079 0.756381 0.88663 0.750658 0.887789 0.740081 0.88079 0.750658 0.887789 0.742064 0.889635 0.740081 0.88079 0.743989 0.898308 0.742064 0.889635 0.750658 0.887789 0.73121 0.890983 0.742064 0.889635 0.743989 0.898308 0.734735 0.899224 0.73121 0.890983 0.743989 0.898308 0.734735 0.899224 0.743989 0.898308 0.737362 0.905653 0.743989 0.898308 0.746439 0.905002 0.737362 0.905653 0.737362 0.905653 0.746439 0.905002 0.74143 0.914537 0.737362 0.905653 0.74143 0.914537 0.730743 0.91566 0.730743 0.91566 0.74143 0.914537 0.740572 0.921791 0.761305 0.929502 0.760676 0.923632 0.765715 0.924787 0.765705 0.921788 0.760918 0.920653 0.759664 0.917458 0.759664 0.917458 0.760918 0.920653 0.753557 0.914427 0.765715 0.924787 0.760676 0.923632 0.760918 0.920653 0.765705 0.921788 0.765715 0.924787 0.760918 0.920653 0.765715 0.924787 0.765705 0.921788 0.770446 0.922427 0.770446 0.922427 0.765705 0.921788 0.765194 0.920348 0.765194 0.920348 0.765705 0.921788 0.759664 0.917458 0.759664 0.917458 0.759524 0.915259 0.765194 0.920348 0.753557 0.914427 0.759524 0.915259 0.759664 0.917458 0.754817 0.910693 0.759524 0.915259 0.753557 0.914427 0.754817 0.910693 0.753557 0.914427 0.746439 0.905002 0.754817 0.910693 0.746439 0.905002 0.755109 0.904778 0.755109 0.904778 0.746439 0.905002 0.743989 0.898308 0.752343 0.896738 0.755109 0.904778 0.743989 0.898308 0.752343 0.896738 0.743989 0.898308 0.750658 0.887789 0.752343 0.896738 0.750658 0.887789 0.75802 0.895655 0.750658 0.887789 0.756381 0.88663 0.75802 0.895655 0.75802 0.895655 0.756381 0.88663 0.766508 0.886856 0.766508 0.886856 0.756381 0.88663 0.755089 0.879635 0.765348 0.879708 0.766508 0.886856 0.755089 0.879635 0.772001 0.912132 0.765886 0.912368 0.766881 0.907998 0.766881 0.907998 0.765886 0.912368 0.760031 0.90818 0.765886 0.912368 0.759524 0.915259 0.760031 0.90818 0.754817 0.910693 0.760031 0.90818 0.759524 0.915259 0.760134 0.904573 0.760031 0.90818 0.754817 0.910693 0.755109 0.904778 0.760134 0.904573 0.754817 0.910693 0.75802 0.895655 0.760134 0.904573 0.755109 0.904778 0.752343 0.896738 0.75802 0.895655 0.755109 0.904778 0.760031 0.90818 0.760134 0.904573 0.766881 0.907998 0.760134 0.904573 0.767283 0.904499 0.766881 0.907998 0.782508 0.914899 0.777284 0.913495 0.778339 0.90957 0.778339 0.90957 0.777284 0.913495 0.772001 0.912132 0.77342 0.908754 0.778339 0.90957 0.772001 0.912132 0.77342 0.908754 0.772001 0.912132 0.766881 0.907998 0.77342 0.908754 0.766881 0.907998 0.773438 0.904611 0.766881 0.907998 0.767283 0.904499 0.773438 0.904611 0.773438 0.904611 0.767283 0.904499 0.76781 0.900283 0.76781 0.900283 0.767283 0.904499 0.760134 0.904573 0.76781 0.900283 0.760134 0.904573 0.767158 0.89536 0.760134 0.904573 0.75802 0.895655 0.767158 0.89536 0.767158 0.89536 0.75802 0.895655 0.766508 0.886856 0.77342 0.908754 0.773438 0.904611 0.778339 0.90957 0.773438 0.904611 0.77795 0.90499 0.778339 0.90957 0.77795 0.90499 0.773438 0.904611 0.76781 0.900283 0.776581 0.898566 0.77795 0.90499 0.76781 0.900283 0.76781 0.900283 0.767158 0.89536 0.776581 0.898566 0.778339 0.90957 0.77795 0.90499 0.781178 0.905406 0.781178 0.905406 0.77795 0.90499 0.776581 0.898566 0.77961 0.897979 0.781178 0.905406 0.776581 0.898566 0.785155 0.918021 0.783651 0.917053 0.78893 0.916457 0.783651 0.917053 0.785436 0.915504 0.78893 0.916457 0.786071 0.913416 0.78893 0.916457 0.785436 0.915504 0.785436 0.915504 0.782508 0.914899 0.786071 0.913416 0.782508 0.914899 0.78376 0.911614 0.786071 0.913416 0.78376 0.911614 0.782508 0.914899 0.778339 0.90957 0.783914 0.905825 0.78376 0.911614 0.778339 0.90957 0.781178 0.905406 0.783914 0.905825 0.778339 0.90957 0.783403 0.897467 0.783914 0.905825 0.781178 0.905406 0.77961 0.897979 0.783403 0.897467 0.781178 0.905406 0.779973 0.892523 0.783403 0.897467 0.77961 0.897979 0.77961 0.897979 0.776581 0.898566 0.779973 0.892523 0.776581 0.898566 0.77598 0.89363 0.779973 0.892523 0.767158 0.89536 0.77598 0.89363 0.776581 0.898566 0.775686 0.886913 0.77598 0.89363 0.767158 0.89536 0.766508 0.886856 0.775686 0.886913 0.767158 0.89536 0.773292 0.878865 0.775686 0.886913 0.766508 0.886856 0.765348 0.879708 0.773292 0.878865 0.766508 0.886856 0.775686 0.886913 0.773292 0.878865 0.778568 0.883663 0.779834 0.881452 0.77756 0.875125 0.780693 0.876805 0.77756 0.875125 0.779834 0.881452 0.773292 0.878865 0.778568 0.883663 0.773292 0.878865 0.779834 0.881452 0.779834 0.881452 0.782902 0.887562 0.778568 0.883663 0.778568 0.883663 0.782902 0.887562 0.775686 0.886913 0.780783 0.889008 0.775686 0.886913 0.782902 0.887562 0.780783 0.889008 0.779973 0.892523 0.775686 0.886913 0.779973 0.892523 0.77598 0.89363 0.775686 0.886913 0.781894 0.869909 0.781883 0.870812 0.778265 0.870468 0.78923 0.871668 0.789557 0.873013 0.785814 0.871594 0.789557 0.873013 0.786005 0.872865 0.785814 0.871594 0.785814 0.871594 0.786005 0.872865 0.781883 0.870812 0.786005 0.872865 0.782076 0.871453 0.781883 0.870812 0.782076 0.871453 0.77848 0.871008 0.781883 0.870812 0.781883 0.870812 0.77848 0.871008 0.778265 0.870468 0.778265 0.870468 0.77848 0.871008 0.775187 0.871043 0.775187 0.871043 0.77848 0.871008 0.778205 0.871623 0.778205 0.871623 0.77756 0.875125 0.775187 0.871043 0.780929 0.873317 0.77756 0.875125 0.778205 0.871623 0.780693 0.876805 0.77756 0.875125 0.780929 0.873317 0.780693 0.876805 0.780929 0.873317 0.784135 0.878949 0.780693 0.876805 0.784135 0.878949 0.779834 0.881452 0.784135 0.878949 0.78547 0.884219 0.779834 0.881452 0.782902 0.887562 0.779834 0.881452 0.78547 0.884219 0.78547 0.884219 0.78557 0.887153 0.782902 0.887562 0.787359 0.888791 0.78557 0.887153 0.78547 0.884219 0.783795 0.890114 0.78557 0.887153 0.787359 0.888791 0.780929 0.873317 0.778205 0.871623 0.77848 0.871008 0.784424 0.873959 0.783553 0.874931 0.781251 0.8725 0.784424 0.873959 0.786584 0.874589 0.783553 0.874931 0.784424 0.873959 0.786036 0.873189 0.786584 0.874589 0.784424 0.873959 0.781251 0.8725 0.786036 0.873189 0.781251 0.8725 0.782012 0.871727 0.786036 0.873189 0.781251 0.8725 0.77848 0.871008 0.782012 0.871727 0.781251 0.8725 0.780929 0.873317 0.77848 0.871008 0.783553 0.874931 0.780929 0.873317 0.781251 0.8725 0.780929 0.873317 0.783553 0.874931 0.784135 0.878949 0.786584 0.874589 0.786036 0.873189 0.789597 0.873278 0.78934 0.874407 0.786584 0.874589 0.789597 0.873278 0.789597 0.873278 0.79202 0.873053 0.78934 0.874407 0.877361 0.977452 0.882339 0.96787 0.892009 0.963605 0.939743 0.976598 0.951188 0.979226 0.950998 0.989122 0.938819 0.989122 0.939743 0.976598 0.950998 0.989122 0.939743 0.976598 0.938819 0.989122 0.9208 0.989122 0.963525 0.978933 0.963506 0.989122 0.950998 0.989122 0.963525 0.978933 0.950998 0.989122 0.951188 0.979226 0.958736 0.973008 0.963525 0.978933 0.951188 0.979226 0.951383 0.969052 0.958736 0.973008 0.951188 0.979226 0.951383 0.969052 0.951188 0.979226 0.940739 0.963929 0.951188 0.979226 0.939743 0.976598 0.940739 0.963929 0.940739 0.963929 0.939743 0.976598 0.923095 0.960562 0.939743 0.976598 0.921806 0.97662 0.923095 0.960562 0.921806 0.97662 0.939743 0.976598 0.9208 0.989122 0.907341 0.977217 0.921806 0.97662 0.9208 0.989122 0.906435 0.989122 0.907341 0.977217 0.9208 0.989122 0.907341 0.977217 0.906435 0.989122 0.889248 0.989122 0.890493 0.977628 0.907341 0.977217 0.889248 0.989122 0.889248 0.989122 0.876151 0.989122 0.890493 0.977628 0.876151 0.989122 0.877361 0.977452 0.890493 0.977628 0.890493 0.977628 0.877361 0.977452 0.892009 0.963605 0.907341 0.977217 0.890493 0.977628 0.892009 0.963605 0.908451 0.962407 0.907341 0.977217 0.892009 0.963605 0.923095 0.960562 0.921806 0.97662 0.908451 0.962407 0.921806 0.97662 0.907341 0.977217 0.908451 0.962407 0.872163 0.798399 0.88965 0.802573 0.856749 0.811484 0.88965 0.802573 0.873354 0.815354 0.856749 0.811484 0.873354 0.815354 0.88965 0.802573 0.90242 0.806911 0.887772 0.820284 0.873354 0.815354 0.90242 0.806911 0.867601 0.822681 0.873354 0.815354 0.887772 0.820284 0.88079 0.826818 0.867601 0.822681 0.887772 0.820284 0.867601 0.822681 0.88079 0.826818 0.875584 0.833015 0.89351 0.839584 0.875584 0.833015 0.88079 0.826818 0.89351 0.839584 0.888166 0.851929 0.875584 0.833015 0.888166 0.851929 0.89351 0.839584 0.90998 0.844522 0.899371 0.866194 0.888166 0.851929 0.90998 0.844522 0.90998 0.844522 0.934396 0.848774 0.899371 0.866194 0.938951 0.833602 0.934396 0.848774 0.90998 0.844522 0.918772 0.830804 0.938951 0.833602 0.90998 0.844522 0.90998 0.844522 0.89351 0.839584 0.918772 0.830804 0.89351 0.839584 0.90244 0.825642 0.918772 0.830804 0.90244 0.825642 0.89351 0.839584 0.88079 0.826818 0.887772 0.820284 0.90244 0.825642 0.88079 0.826818 0.90244 0.825642 0.887772 0.820284 0.90242 0.806911 0.918127 0.811038 0.90244 0.825642 0.90242 0.806911 0.90244 0.825642 0.918127 0.811038 0.930734 0.815075 0.918772 0.830804 0.90244 0.825642 0.930734 0.815075 0.930734 0.815075 0.944917 0.817241 0.918772 0.830804 0.944917 0.817241 0.938951 0.833602 0.918772 0.830804 0.938951 0.833602 0.944917 0.817241 0.961798 0.818521 0.957486 0.83465 0.971298 0.835435 0.953058 0.851458 0.953058 0.851458 0.970337 0.853653 0.949185 0.873651 0.971298 0.835435 0.970337 0.853653 0.953058 0.851458 0.970337 0.853653 0.971298 0.835435 0.982612 0.836137 0.934396 0.848774 0.929966 0.872304 0.899371 0.866194 0.929966 0.872304 0.934396 0.848774 0.949185 0.873651 0.934396 0.848774 0.953058 0.851458 0.949185 0.873651 0.934396 0.848774 0.938951 0.833602 0.953058 0.851458 0.938951 0.833602 0.957486 0.83465 0.953058 0.851458 0.957486 0.83465 0.938951 0.833602 0.961798 0.818521 0.971298 0.835435 0.957486 0.83465 0.961798 0.818521 0.973367 0.818686 0.971298 0.835435 0.961798 0.818521 0.971298 0.835435 0.973367 0.818686 0.983264 0.819886 0.982612 0.836137 0.971298 0.835435 0.983264 0.819886 0.982612 0.836137 0.983264 0.819886 0.994222 0.820812 0.994222 0.836137 0.982612 0.836137 0.994222 0.820812 0.982612 0.836137 0.994222 0.836137 0.994222 0.855921 0.982302 0.854745 0.982612 0.836137 0.994222 0.855921 0.982302 0.854745 0.970337 0.853653 0.982612 0.836137 0.968472 0.875802 0.970337 0.853653 0.982302 0.854745 0.970337 0.853653 0.968472 0.875802 0.949185 0.873651 0.968472 0.875802 0.965784 0.90283 0.949185 0.873651 0.979944 0.918793 0.994222 0.91864 0.994222 0.935155 0.994222 0.91864 0.979944 0.918793 0.98207 0.903329 0.979944 0.918793 0.964528 0.918038 0.98207 0.903329 0.964528 0.918038 0.965784 0.90283 0.98207 0.903329 0.965784 0.90283 0.964528 0.918038 0.947035 0.90189 0.965784 0.90283 0.947035 0.90189 0.949185 0.873651 0.947035 0.90189 0.929036 0.897308 0.949185 0.873651 0.929036 0.897308 0.929966 0.872304 0.949185 0.873651 0.912655 0.890149 0.929966 0.872304 0.929036 0.897308 0.929966 0.872304 0.912655 0.890149 0.899371 0.866194 0.912655 0.890149 0.907642 0.886287 0.899371 0.866194 0.907642 0.886287 0.899053 0.881975 0.899371 0.866194 0.899053 0.881975 0.882136 0.863115 0.899371 0.866194 0.888166 0.851929 0.899371 0.866194 0.882136 0.863115 0.87458 0.852185 0.888166 0.851929 0.882136 0.863115 0.888166 0.851929 0.87458 0.852185 0.872232 0.841808 0.867604 0.850044 0.872232 0.841808 0.87458 0.852185 0.872232 0.841808 0.867604 0.850044 0.860211 0.839778 0.994222 0.903802 0.994222 0.91864 0.98207 0.903329 0.994222 0.903802 0.98207 0.903329 0.994222 0.877539 0.98207 0.903329 0.982664 0.877196 0.994222 0.877539 0.98207 0.903329 0.965784 0.90283 0.982664 0.877196 0.965784 0.90283 0.968472 0.875802 0.982664 0.877196 0.982664 0.877196 0.968472 0.875802 0.982302 0.854745 0.982664 0.877196 0.982302 0.854745 0.994222 0.877539 0.982302 0.854745 0.994222 0.855921 0.994222 0.877539 0.867935 0.643987 0.840329 0.646361 0.872811 0.650067 0.840329 0.646361 0.845397 0.654733 0.872811 0.650067 0.840329 0.646361 0.812453 0.647119 0.845397 0.654733 0.812453 0.647119 0.823709 0.656841 0.845397 0.654733 0.845397 0.654733 0.823709 0.656841 0.82756 0.697298 0.85095 0.692685 0.845397 0.654733 0.82756 0.697298 0.872811 0.650067 0.845397 0.654733 0.85095 0.692685 0.878689 0.688119 0.872811 0.650067 0.85095 0.692685 0.685563 0.648512 0.685479 0.659051 0.712472 0.662151 0.712871 0.650906 0.685563 0.648512 0.712472 0.662151 0.712472 0.662151 0.736387 0.660379 0.712871 0.650906 0.736387 0.660379 0.737188 0.650292 0.712871 0.650906 0.737188 0.650292 0.736387 0.660379 0.761254 0.659524 0.760317 0.650328 0.737188 0.650292 0.761254 0.659524 0.760317 0.650328 0.761254 0.659524 0.783643 0.659193 0.782398 0.647967 0.760317 0.650328 0.783643 0.659193 0.783643 0.659193 0.805753 0.658329 0.782398 0.647967 0.805753 0.658329 0.812453 0.647119 0.782398 0.647967 0.812453 0.647119 0.805753 0.658329 0.823709 0.656841 0.823709 0.656841 0.805753 0.658329 0.808149 0.700029 0.82756 0.697298 0.823709 0.656841 0.808149 0.700029 0.82756 0.697298 0.808149 0.700029 0.830217 0.706335 0.82756 0.697298 0.830217 0.706335 0.85095 0.692685 0.830217 0.706335 0.855311 0.699217 0.85095 0.692685 0.85095 0.692685 0.855311 0.699217 0.878689 0.688119 0.855311 0.699217 0.883375 0.694751 0.878689 0.688119 0.785271 0.711668 0.809352 0.710308 0.808149 0.700029 0.808149 0.700029 0.809352 0.710308 0.830217 0.706335 0.685479 0.659051 0.655708 0.655022 0.654708 0.693424 0.685464 0.698008 0.685479 0.659051 0.654708 0.693424 0.712472 0.662151 0.685479 0.659051 0.685464 0.698008 0.712344 0.70265 0.712472 0.662151 0.685464 0.698008 0.712344 0.70265 0.737547 0.703148 0.712472 0.662151 0.737547 0.703148 0.736387 0.660379 0.712472 0.662151 0.761254 0.659524 0.736387 0.660379 0.737547 0.703148 0.76236 0.701962 0.761254 0.659524 0.737547 0.703148 0.783643 0.659193 0.761254 0.659524 0.76236 0.701962 0.785053 0.701141 0.783643 0.659193 0.76236 0.701962 0.805753 0.658329 0.783643 0.659193 0.785053 0.701141 0.808149 0.700029 0.805753 0.658329 0.785053 0.701141 0.785053 0.701141 0.785271 0.711668 0.808149 0.700029 0.785053 0.701141 0.76236 0.701962 0.785271 0.711668 0.76236 0.701962 0.762273 0.71298 0.785271 0.711668 0.76236 0.701962 0.737547 0.703148 0.762273 0.71298 0.737547 0.703148 0.737514 0.714496 0.762273 0.71298 0.711023 0.711729 0.737514 0.714496 0.737547 0.703148 0.712344 0.70265 0.711023 0.711729 0.737547 0.703148 0.684257 0.705545 0.711023 0.711729 0.712344 0.70265 0.685464 0.698008 0.684257 0.705545 0.712344 0.70265 0.652515 0.700406 0.684257 0.705545 0.685464 0.698008 0.654708 0.693424 0.652515 0.700406 0.685464 0.698008 0.618745 0.69704 0.652515 0.700406 0.654708 0.693424 0.620634 0.689842 0.618745 0.69704 0.654708 0.693424 0.620634 0.689842 0.654708 0.693424 0.62133 0.651224 0.654708 0.693424 0.655708 0.655022 0.62133 0.651224 0.62133 0.651224 0.655708 0.655022 0.657216 0.644514 0.657216 0.644514 0.655708 0.655022 0.685479 0.659051 0.685563 0.648512 0.657216 0.644514 0.685479 0.659051 0.622894 0.644369 0.62133 0.651224 0.657216 0.644514 0.789625 0.1452959 0.778723 0.1504899 0.784965 0.133669 0.800837 0.2056689 0.778723 0.1504899 0.789625 0.1452959 0.804882 0.1878259 0.800837 0.2056689 0.789625 0.1452959 0.804882 0.1878259 0.823084 0.2219769 0.800837 0.2056689 0.823084 0.2219769 0.814814 0.228949 0.800837 0.2056689 0.846369 0.2453219 0.814814 0.228949 0.823084 0.2219769 0.84693 0.2334139 0.846369 0.2453219 0.823084 0.2219769 0.84693 0.2334139 0.868584 0.233906 0.846369 0.2453219 0.868584 0.233906 0.870072 0.2452539 0.846369 0.2453219 0.868584 0.233906 0.89548 0.2239339 0.870072 0.2452539 0.89548 0.2239339 0.903099 0.236728 0.870072 0.2452539 0.89548 0.2239339 0.91421 0.196424 0.903099 0.236728 0.91421 0.196424 0.920362 0.2164579 0.903099 0.236728 0.942871 0.146236 0.920362 0.2164579 0.91421 0.196424 0.926872 0.1596739 0.942871 0.146236 0.91421 0.196424 0.986327 0.04032999 0.979445 0.05558997 0.971202 0.03375202 0.979445 0.05558997 0.964207 0.04853498 0.971202 0.03375202 0.979445 0.05558997 0.973344 0.06960397 0.964207 0.04853498 0.973344 0.06960397 0.958954 0.06130897 0.964207 0.04853498 0.940463 0.1035739 0.958954 0.06130897 0.973344 0.06960397 0.944596 0.105479 0.940463 0.1035739 0.973344 0.06960397 0.940463 0.1035739 0.944596 0.105479 0.924354 0.1388019 0.944596 0.105479 0.936047 0.126052 0.924354 0.1388019 0.936047 0.126052 0.940084 0.146471 0.924354 0.1388019 0.926872 0.1596739 0.924354 0.1388019 0.940084 0.146471 0.954463 0.110027 0.944596 0.105479 0.973344 0.06960397 0.344005 0.920979 0.355626 0.937485 0.341782 0.945492 0.341782 0.945492 0.355626 0.937485 0.364303 0.956253 0.35118 0.962555 0.341782 0.945492 0.364303 0.956253 0.35118 0.962555 0.364303 0.956253 0.373858 0.968087 0.357318 0.975374 0.35118 0.962555 0.373858 0.968087 0.377043 0.98321 0.357318 0.975374 0.373858 0.968087 0.357318 0.975374 0.377043 0.98321 0.357636 0.999527 0.377043 0.98321 0.379651 0.998082 0.357636 0.999527 0.398992 0.995076 0.379651 0.998082 0.377043 0.98321 0.395951 0.978376 0.398992 0.995076 0.377043 0.98321 0.395951 0.978376 0.377043 0.98321 0.373858 0.968087 0.390601 0.959942 0.395951 0.978376 0.373858 0.968087 0.373858 0.968087 0.368957 0.952934 0.390601 0.959942 0.368957 0.952934 0.373858 0.968087 0.364303 0.956253 0.361301 0.933673 0.368957 0.952934 0.364303 0.956253 0.355626 0.937485 0.361301 0.933673 0.364303 0.956253 0.349711 0.916586 0.361301 0.933673 0.355626 0.937485 0.344005 0.920979 0.349711 0.916586 0.355626 0.937485 0.661844 0.252079 0.663092 0.2368649 0.65272 0.2362049 0.661844 0.252079 0.670934 0.255467 0.663092 0.2368649 0.670934 0.255467 0.671558 0.242213 0.663092 0.2368649 0.671558 0.242213 0.670934 0.255467 0.681043 0.258491 0.681915 0.2483459 0.671558 0.242213 0.681043 0.258491 0.681043 0.258491 0.68812 0.262046 0.681915 0.2483459 0.68812 0.262046 0.688103 0.25271 0.681915 0.2483459 0.68812 0.262046 0.695059 0.265412 0.688103 0.25271 0.695059 0.265412 0.693214 0.254687 0.688103 0.25271 0.693214 0.254687 0.695059 0.265412 0.698465 0.262336 0.693214 0.254687 0.698465 0.262336 0.696012 0.251597 0.698465 0.262336 0.705211 0.258973 0.696012 0.251597 0.705211 0.258973 0.701241 0.247052 0.696012 0.251597 0.705211 0.258973 0.71264 0.256792 0.701241 0.247052 0.71264 0.256792 0.706554 0.2420439 0.701241 0.247052 0.71264 0.256792 0.720569 0.250108 0.706554 0.2420439 0.720569 0.250108 0.715377 0.235251 0.706554 0.2420439 0.720569 0.250108 0.730832 0.2468869 0.715377 0.235251 0.694731 0.246598 0.696012 0.251597 0.701241 0.247052 0.697084 0.2400479 0.694731 0.246598 0.701241 0.247052 0.690494 0.2473819 0.694731 0.246598 0.697084 0.2400479 0.690494 0.2473819 0.693214 0.254687 0.694731 0.246598 0.693214 0.254687 0.696012 0.251597 0.694731 0.246598 0.830217 0.706335 0.809352 0.710308 0.812258 0.739428 0.812258 0.739428 0.809352 0.710308 0.787327 0.746928 0.809352 0.710308 0.785271 0.711668 0.787327 0.746928 0.787327 0.746928 0.785271 0.711668 0.762273 0.71298 0.763472 0.751297 0.787327 0.746928 0.762273 0.71298 0.763472 0.751297 0.762273 0.71298 0.737514 0.714496 0.738357 0.751951 0.763472 0.751297 0.737514 0.714496 0.738357 0.751951 0.737514 0.714496 0.710795 0.742849 0.737514 0.714496 0.711023 0.711729 0.710795 0.742849 0.710795 0.742849 0.711023 0.711729 0.684933 0.728358 0.711023 0.711729 0.684257 0.705545 0.684933 0.728358 0.684933 0.728358 0.684257 0.705545 0.652733 0.712328 0.684257 0.705545 0.652515 0.700406 0.652733 0.712328 0.855311 0.699217 0.830217 0.706335 0.835798 0.724063 0.835798 0.724063 0.830217 0.706335 0.812258 0.739428 0.835798 0.724063 0.812258 0.739428 0.841379 0.741792 0.812258 0.739428 0.815164 0.768548 0.841379 0.741792 0.812258 0.739428 0.787327 0.746928 0.815164 0.768548 0.787327 0.746928 0.789384 0.782188 0.815164 0.768548 0.764672 0.789614 0.789384 0.782188 0.787327 0.746928 0.763472 0.751297 0.764672 0.789614 0.787327 0.746928 0.739199 0.789405 0.764672 0.789614 0.763472 0.751297 0.738357 0.751951 0.739199 0.789405 0.763472 0.751297 0.710566 0.77397 0.739199 0.789405 0.738357 0.751951 0.710795 0.742849 0.710566 0.77397 0.738357 0.751951 0.685608 0.751171 0.710566 0.77397 0.710795 0.742849 0.684933 0.728358 0.685608 0.751171 0.710795 0.742849 0.652951 0.724251 0.685608 0.751171 0.684933 0.728358 0.652733 0.712328 0.652951 0.724251 0.684933 0.728358 0.620829 0.713792 0.652951 0.724251 0.652733 0.712328 0.619787 0.705416 0.620829 0.713792 0.652733 0.712328 0.652733 0.712328 0.652515 0.700406 0.619787 0.705416 0.652515 0.700406 0.618745 0.69704 0.619787 0.705416 0.887144 0.702596 0.883375 0.694751 0.855311 0.699217 0.858841 0.708849 0.887144 0.702596 0.855311 0.699217 0.858841 0.708849 0.855311 0.699217 0.835798 0.724063 0.835798 0.724063 0.841379 0.741792 0.858841 0.708849 0.841379 0.741792 0.86237 0.718481 0.858841 0.708849 0.858841 0.708849 0.86237 0.718481 0.887144 0.702596 0.86237 0.718481 0.890913 0.710442 0.887144 0.702596 0.900773 0.455669 0.959716 0.454672 0.896543 0.438993 0.959716 0.454672 0.957635 0.4138661 0.896543 0.438993 0.957635 0.4138661 0.946662 0.401206 0.896543 0.438993 0.946662 0.401206 0.927689 0.3966 0.896543 0.438993 0.927689 0.3966 0.90948 0.402087 0.896543 0.438993 0.90948 0.402087 0.897449 0.416017 0.896543 0.438993 0.624144 0.626873 0.622894 0.644369 0.657216 0.644514 0.737637 0.631959 0.737188 0.650292 0.760317 0.650328 0.712871 0.650906 0.737188 0.650292 0.737637 0.631959 0.713161 0.632802 0.712871 0.650906 0.737637 0.631959 0.685563 0.648512 0.712871 0.650906 0.713161 0.632802 0.685515 0.631158 0.685563 0.648512 0.713161 0.632802 0.657216 0.644514 0.685563 0.648512 0.685515 0.631158 0.657354 0.627844 0.657216 0.644514 0.685515 0.631158 0.657354 0.627844 0.624144 0.626873 0.657216 0.644514 0.657354 0.627844 0.657237 0.608612 0.624144 0.626873 0.657237 0.608612 0.625138 0.606815 0.624144 0.626873 0.657237 0.608612 0.655977 0.595764 0.625138 0.606815 0.655977 0.595764 0.626102 0.592315 0.625138 0.606815 0.626102 0.592315 0.655977 0.595764 0.6279 0.562449 0.655977 0.595764 0.656346 0.564622 0.6279 0.562449 0.633073 0.520491 0.6279 0.562449 0.656346 0.564622 0.657711 0.52373 0.633073 0.520491 0.656346 0.564622 0.633073 0.520491 0.657711 0.52373 0.638134 0.450006 0.657711 0.52373 0.657351 0.450525 0.638134 0.450006 0.737637 0.631959 0.737831 0.611064 0.713161 0.632802 0.737831 0.611064 0.713194 0.612137 0.713161 0.632802 0.713161 0.632802 0.713194 0.612137 0.685515 0.631158 0.713194 0.612137 0.685211 0.611243 0.685515 0.631158 0.685515 0.631158 0.685211 0.611243 0.657354 0.627844 0.685211 0.611243 0.657237 0.608612 0.657354 0.627844 0.657237 0.608612 0.685211 0.611243 0.655977 0.595764 0.685211 0.611243 0.683579 0.597027 0.655977 0.595764 0.685211 0.611243 0.713194 0.612137 0.683579 0.597027 0.713194 0.612137 0.712237 0.596422 0.683579 0.597027 0.713194 0.612137 0.737831 0.611064 0.712237 0.596422 0.737831 0.611064 0.737193 0.594891 0.712237 0.596422 0.712237 0.596422 0.737193 0.594891 0.709911 0.559511 0.712237 0.596422 0.709911 0.559511 0.683579 0.597027 0.709911 0.559511 0.682982 0.562471 0.683579 0.597027 0.683579 0.597027 0.682982 0.562471 0.655977 0.595764 0.682982 0.562471 0.656346 0.564622 0.655977 0.595764 0.657711 0.52373 0.656346 0.564622 0.682982 0.562471 0.680133 0.524934 0.657711 0.52373 0.682982 0.562471 0.657351 0.450525 0.657711 0.52373 0.680133 0.524934 0.682982 0.562471 0.709911 0.559511 0.680133 0.524934 0.657351 0.450525 0.644733 0.421636 0.638134 0.450006 0.644733 0.421636 0.657351 0.450525 0.678926 0.452607 0.678926 0.452607 0.657351 0.450525 0.680133 0.524934 0.680133 0.524934 0.707377 0.527432 0.678926 0.452607 0.709911 0.559511 0.707377 0.527432 0.680133 0.524934 0.709911 0.559511 0.738432 0.558451 0.707377 0.527432 0.737193 0.594891 0.738432 0.558451 0.709911 0.559511 0.738432 0.558451 0.737193 0.594891 0.760038 0.594772 0.760038 0.594772 0.737193 0.594891 0.737831 0.611064 0.760818 0.611023 0.760038 0.594772 0.737831 0.611064 0.760818 0.611023 0.737831 0.611064 0.737637 0.631959 0.760696 0.631956 0.760818 0.611023 0.737637 0.631959 0.760696 0.631956 0.737637 0.631959 0.760317 0.650328 0.760696 0.631956 0.760317 0.650328 0.783024 0.629882 0.760317 0.650328 0.782398 0.647967 0.783024 0.629882 0.783024 0.629882 0.782398 0.647967 0.812014 0.629334 0.782398 0.647967 0.812453 0.647119 0.812014 0.629334 0.812014 0.629334 0.812453 0.647119 0.840504 0.628908 0.811318 0.608988 0.808902 0.593912 0.783109 0.593559 0.783394 0.609236 0.811318 0.608988 0.783109 0.593559 0.783394 0.609236 0.783109 0.593559 0.760038 0.594772 0.760818 0.611023 0.783394 0.609236 0.760038 0.594772 0.783394 0.609236 0.760818 0.611023 0.760696 0.631956 0.783024 0.629882 0.783394 0.609236 0.760696 0.631956 0.811318 0.608988 0.783394 0.609236 0.783024 0.629882 0.812014 0.629334 0.811318 0.608988 0.783024 0.629882 0.840424 0.608894 0.811318 0.608988 0.812014 0.629334 0.811318 0.608988 0.840424 0.608894 0.808902 0.593912 0.840424 0.608894 0.839238 0.594482 0.808902 0.593912 0.806372 0.558751 0.808902 0.593912 0.839238 0.594482 0.808902 0.593912 0.806372 0.558751 0.783109 0.593559 0.806372 0.558751 0.783442 0.55865 0.783109 0.593559 0.783109 0.593559 0.783442 0.55865 0.760038 0.594772 0.783442 0.55865 0.758176 0.558411 0.760038 0.594772 0.877703 0.298777 0.872848 0.288838 0.871708 0.290933 0.872066 0.369256 0.891939 0.359567 0.886414 0.347472 0.854636 0.322942 0.865797 0.32539 0.857992 0.312022 0.865797 0.32539 0.871253 0.314832 0.857992 0.312022 0.857992 0.312022 0.871253 0.314832 0.862108 0.2985751 0.871253 0.314832 0.872596 0.301255 0.862108 0.2985751 0.862108 0.2985751 0.872596 0.301255 0.863254 0.290087 0.872596 0.301255 0.871708 0.290933 0.863254 0.290087 0.872596 0.301255 0.877703 0.298777 0.871708 0.290933 0.875365 0.31543 0.877703 0.298777 0.872596 0.301255 0.875365 0.31543 0.881046 0.313341 0.877703 0.298777 0.881231 0.323756 0.881046 0.313341 0.875365 0.31543 0.872771 0.326435 0.881231 0.323756 0.875365 0.31543 0.881587 0.333348 0.881231 0.323756 0.872771 0.326435 0.869982 0.335945 0.881587 0.333348 0.872771 0.326435 0.886414 0.347472 0.881587 0.333348 0.869982 0.335945 0.871565 0.349933 0.886414 0.347472 0.869982 0.335945 0.871565 0.349933 0.872066 0.369256 0.886414 0.347472 0.872066 0.369256 0.871565 0.349933 0.861651 0.36329 0.863776 0.377117 0.872066 0.369256 0.861651 0.36329 0.871565 0.349933 0.861296 0.349725 0.861651 0.36329 0.861296 0.349725 0.871565 0.349933 0.862726 0.335897 0.871565 0.349933 0.869982 0.335945 0.862726 0.335897 0.862726 0.335897 0.869982 0.335945 0.865797 0.32539 0.869982 0.335945 0.872771 0.326435 0.865797 0.32539 0.865797 0.32539 0.872771 0.326435 0.871253 0.314832 0.872771 0.326435 0.875365 0.31543 0.871253 0.314832 0.871253 0.314832 0.875365 0.31543 0.872596 0.301255 0.863776 0.377117 0.861651 0.36329 0.846314 0.378874 0.861651 0.36329 0.849615 0.357397 0.846314 0.378874 0.849615 0.357397 0.861651 0.36329 0.851137 0.347308 0.861651 0.36329 0.861296 0.349725 0.851137 0.347308 0.851137 0.347308 0.861296 0.349725 0.852852 0.334022 0.861296 0.349725 0.862726 0.335897 0.852852 0.334022 0.852852 0.334022 0.862726 0.335897 0.854636 0.322942 0.862726 0.335897 0.865797 0.32539 0.854636 0.322942 0.84354 0.331947 0.852852 0.334022 0.846337 0.321728 0.851137 0.347308 0.852852 0.334022 0.84354 0.331947 0.840806 0.344772 0.851137 0.347308 0.84354 0.331947 0.849615 0.357397 0.851137 0.347308 0.840806 0.344772 0.837486 0.35458 0.849615 0.357397 0.840806 0.344772 0.846314 0.378874 0.849615 0.357397 0.837486 0.35458 0.830145 0.373589 0.846314 0.378874 0.837486 0.35458 0.846314 0.378874 0.830145 0.373589 0.834016 0.39184 0.830145 0.373589 0.812908 0.388602 0.834016 0.39184 0.834016 0.39184 0.812908 0.388602 0.790781 0.401786 0.788498 0.380586 0.790781 0.401786 0.812908 0.388602 0.788498 0.380586 0.773771 0.379229 0.790781 0.401786 0.788498 0.380586 0.793644 0.350743 0.773771 0.379229 0.793644 0.350743 0.777188 0.349448 0.773771 0.379229 0.784315 0.319768 0.777188 0.349448 0.793644 0.350743 0.784315 0.319768 0.770509 0.32214 0.777188 0.349448 0.76859 0.300568 0.770509 0.32214 0.784315 0.319768 0.76859 0.300568 0.7534 0.302384 0.770509 0.32214 0.864118 0.287472 0.859582 0.284849 0.863254 0.290087 0.859582 0.284849 0.856956 0.288454 0.863254 0.290087 0.862108 0.2985751 0.863254 0.290087 0.856956 0.288454 0.853473 0.297448 0.862108 0.2985751 0.856956 0.288454 0.857992 0.312022 0.862108 0.2985751 0.853473 0.297448 0.849679 0.31082 0.857992 0.312022 0.853473 0.297448 0.854636 0.322942 0.857992 0.312022 0.849679 0.31082 0.846337 0.321728 0.854636 0.322942 0.849679 0.31082 0.852852 0.334022 0.854636 0.322942 0.846337 0.321728 0.793644 0.350743 0.788498 0.380586 0.806051 0.356848 0.788498 0.380586 0.81474 0.369335 0.806051 0.356848 0.81474 0.369335 0.788498 0.380586 0.812908 0.388602 0.812908 0.388602 0.830145 0.373589 0.81474 0.369335 0.81474 0.369335 0.830145 0.373589 0.827749 0.350195 0.830145 0.373589 0.837486 0.35458 0.827749 0.350195 0.827749 0.350195 0.837486 0.35458 0.831902 0.340926 0.837486 0.35458 0.840806 0.344772 0.831902 0.340926 0.806051 0.356848 0.81474 0.369335 0.827749 0.350195 0.853473 0.297448 0.856956 0.288454 0.850305 0.287031 0.847349 0.29581 0.853473 0.297448 0.850305 0.287031 0.849679 0.31082 0.853473 0.297448 0.847349 0.29581 0.842645 0.308389 0.849679 0.31082 0.847349 0.29581 0.846337 0.321728 0.849679 0.31082 0.842645 0.308389 0.839631 0.31982 0.846337 0.321728 0.842645 0.308389 0.84354 0.331947 0.846337 0.321728 0.839631 0.31982 0.835763 0.330159 0.84354 0.331947 0.839631 0.31982 0.840806 0.344772 0.84354 0.331947 0.835763 0.330159 0.831902 0.340926 0.840806 0.344772 0.835763 0.330159 0.831902 0.340926 0.835763 0.330159 0.827872 0.329684 0.827749 0.350195 0.831902 0.340926 0.827872 0.329684 0.818235 0.3445701 0.827749 0.350195 0.827872 0.329684 0.818235 0.3445701 0.806051 0.356848 0.827749 0.350195 0.806051 0.356848 0.818235 0.3445701 0.810677 0.338194 0.806051 0.356848 0.810677 0.338194 0.793644 0.350743 0.810677 0.338194 0.798633 0.332816 0.793644 0.350743 0.798633 0.332816 0.784315 0.319768 0.793644 0.350743 0.827872 0.329684 0.835763 0.330159 0.834106 0.317509 0.835763 0.330159 0.839631 0.31982 0.834106 0.317509 0.834106 0.317509 0.839631 0.31982 0.836557 0.306485 0.839631 0.31982 0.842645 0.308389 0.836557 0.306485 0.836557 0.306485 0.842645 0.308389 0.842404 0.29435 0.842645 0.308389 0.847349 0.29581 0.842404 0.29435 0.842404 0.29435 0.847349 0.29581 0.850305 0.287031 0.842404 0.29435 0.850305 0.287031 0.843207 0.284243 0.835394 0.29203 0.842404 0.29435 0.843207 0.284243 0.836557 0.306485 0.842404 0.29435 0.835394 0.29203 0.830698 0.303998 0.836557 0.306485 0.835394 0.29203 0.834106 0.317509 0.836557 0.306485 0.830698 0.303998 0.827432 0.314117 0.834106 0.317509 0.830698 0.303998 0.827872 0.329684 0.834106 0.317509 0.827432 0.314117 0.821664 0.32497 0.827872 0.329684 0.827432 0.314117 0.818235 0.3445701 0.827872 0.329684 0.821664 0.32497 0.810677 0.338194 0.818235 0.3445701 0.821664 0.32497 0.754084 0.04109799 0.761223 0.05788201 0.750182 0.04229599 0.761223 0.05788201 0.757123 0.05934798 0.750182 0.04229599 0.757123 0.05934798 0.761223 0.05788201 0.766647 0.07158201 0.76344 0.07316201 0.757123 0.05934798 0.766647 0.07158201 0.76344 0.07316201 0.766647 0.07158201 0.774452 0.1116099 0.90948 0.402087 0.927689 0.3966 0.897449 0.416017 0.927689 0.3966 0.946662 0.401206 0.897449 0.416017 0.946662 0.401206 0.957635 0.4138661 0.897449 0.416017 0.957635 0.4138661 0.959716 0.454672 0.897449 0.416017 0.959716 0.454672 0.900773 0.455669 0.897449 0.416017 0.900773 0.455669 0.896543 0.438993 0.897449 0.416017 0.750182 0.04229599 0.757123 0.05934798 0.735538 0.048945 0.757123 0.05934798 0.742764 0.06581902 0.735538 0.048945 0.757123 0.05934798 0.76344 0.07316201 0.742764 0.06581902 0.76344 0.07316201 0.748673 0.07968902 0.742764 0.06581902 0.748673 0.07968902 0.76344 0.07316201 0.774452 0.1116099 0.757522 0.100802 0.748673 0.07968902 0.774452 0.1116099 0.774452 0.1116099 0.764791 0.115902 0.757522 0.100802 0.971202 0.03375202 0.964207 0.04853498 0.967611 0.03160601 0.964207 0.04853498 0.961068 0.04717302 0.967611 0.03160601 0.964207 0.04853498 0.958954 0.06130897 0.961068 0.04717302 0.958954 0.06130897 0.956039 0.05991697 0.961068 0.04717302 0.937166 0.101427 0.956039 0.05991697 0.958954 0.06130897 0.940463 0.1035739 0.937166 0.101427 0.958954 0.06130897 0.920781 0.137004 0.937166 0.101427 0.940463 0.1035739 0.924354 0.1388019 0.920781 0.137004 0.940463 0.1035739 0.920781 0.137004 0.924354 0.1388019 0.926872 0.1596739 0.922162 0.1577569 0.920781 0.137004 0.926872 0.1596739 0.926872 0.1596739 0.91421 0.196424 0.922162 0.1577569 0.91421 0.196424 0.909916 0.1939529 0.922162 0.1577569 0.91421 0.196424 0.89548 0.2239339 0.909916 0.1939529 0.89548 0.2239339 0.89332 0.2205759 0.909916 0.1939529 0.89548 0.2239339 0.868584 0.233906 0.89332 0.2205759 0.868584 0.233906 0.867545 0.230697 0.89332 0.2205759 0.868584 0.233906 0.84693 0.2334139 0.867545 0.230697 0.84693 0.2334139 0.847682 0.229555 0.867545 0.230697 0.84693 0.2334139 0.823084 0.2219769 0.847682 0.229555 0.823084 0.2219769 0.82504 0.2183849 0.847682 0.229555 0.823084 0.2219769 0.804882 0.1878259 0.82504 0.2183849 0.804882 0.1878259 0.806069 0.18677 0.82504 0.2183849 0.804882 0.1878259 0.789625 0.1452959 0.806069 0.18677 0.789625 0.1452959 0.791948 0.1445429 0.806069 0.18677 0.789625 0.1452959 0.784965 0.133669 0.791948 0.1445429 0.959716 0.454672 0.900773 0.455669 0.959966 0.46391 0.900773 0.455669 0.900975 0.464765 0.959966 0.46391 0.900773 0.455669 0.959716 0.454672 0.900975 0.464765 0.959716 0.454672 0.959966 0.46391 0.900975 0.464765 0.902228 0.489175 0.900975 0.464765 0.9627 0.48416 0.900975 0.464765 0.959966 0.46391 0.9627 0.48416 0.846789 0.2334899 0.868443 0.2339819 0.847541 0.229631 0.868443 0.2339819 0.867405 0.2307729 0.847541 0.229631 0.868443 0.2339819 0.895339 0.2240099 0.867405 0.2307729 0.895339 0.2240099 0.89318 0.2206519 0.867405 0.2307729 0.895339 0.2240099 0.91407 0.1965 0.89318 0.2206519 0.91407 0.1965 0.909776 0.1940289 0.89318 0.2206519 0.91407 0.1965 0.926732 0.159749 0.909776 0.1940289 0.926732 0.159749 0.922022 0.1578329 0.909776 0.1940289 0.922022 0.1578329 0.926732 0.159749 0.924214 0.1388779 0.920641 0.13708 0.922022 0.1578329 0.924214 0.1388779 0.920641 0.13708 0.924214 0.1388779 0.937026 0.101503 0.924214 0.1388779 0.940323 0.1036499 0.937026 0.101503 0.937026 0.101503 0.940323 0.1036499 0.955898 0.05999302 0.940323 0.1036499 0.958814 0.06138497 0.955898 0.05999302 0.958814 0.06138497 0.964067 0.04861098 0.955898 0.05999302 0.964067 0.04861098 0.960928 0.04724901 0.955898 0.05999302 0.964067 0.04861098 0.971062 0.03382802 0.960928 0.04724901 0.971062 0.03382802 0.96747 0.03168201 0.960928 0.04724901 0.789485 0.145372 0.791808 0.1446189 0.784824 0.133744 0.789485 0.145372 0.804742 0.1879019 0.791808 0.1446189 0.804742 0.1879019 0.805928 0.186846 0.791808 0.1446189 0.804742 0.1879019 0.822943 0.2220529 0.805928 0.186846 0.822943 0.2220529 0.8249 0.2184599 0.805928 0.186846 0.822943 0.2220529 0.846789 0.2334899 0.8249 0.2184599 0.846789 0.2334899 0.847541 0.229631 0.8249 0.2184599 0.791808 0.1446189 0.805928 0.186846 0.829032 0.120288 0.791808 0.1446189 0.829032 0.120288 0.784824 0.133744 0.829032 0.120288 0.804862 0.08833998 0.784824 0.133744 0.804862 0.08833998 0.774312 0.1116859 0.784824 0.133744 0.774312 0.1116859 0.804862 0.08833998 0.766507 0.07165801 0.804862 0.08833998 0.791006 0.05832701 0.766507 0.07165801 0.791006 0.05832701 0.761083 0.057958 0.766507 0.07165801 0.791006 0.05832701 0.781862 0.03368401 0.761083 0.057958 0.781862 0.03368401 0.753944 0.04117399 0.761083 0.057958 0.847839 0.2191179 0.826204 0.209984 0.8249 0.2184599 0.847541 0.229631 0.847839 0.2191179 0.8249 0.2184599 0.869497 0.21938 0.847839 0.2191179 0.847541 0.229631 0.867405 0.2307729 0.869497 0.21938 0.847541 0.229631 0.889863 0.209993 0.869497 0.21938 0.867405 0.2307729 0.89318 0.2206519 0.889863 0.209993 0.867405 0.2307729 0.909776 0.1940289 0.889863 0.209993 0.89318 0.2206519 0.889863 0.209993 0.909776 0.1940289 0.893311 0.1731269 0.922022 0.1578329 0.893311 0.1731269 0.909776 0.1940289 0.922022 0.1578329 0.920641 0.13708 0.893311 0.1731269 0.920641 0.13708 0.888988 0.1121779 0.893311 0.1731269 0.920641 0.13708 0.937026 0.101503 0.888988 0.1121779 0.937026 0.101503 0.911006 0.08773899 0.888988 0.1121779 0.911006 0.08773899 0.937026 0.101503 0.931093 0.04029601 0.937026 0.101503 0.955898 0.05999302 0.931093 0.04029601 0.960928 0.04724901 0.931093 0.04029601 0.955898 0.05999302 0.960928 0.04724901 0.96747 0.03168201 0.931093 0.04029601 0.96747 0.03168201 0.942586 0.01557898 0.931093 0.04029601 0.870456 0.1762629 0.86965 0.205119 0.886879 0.1955739 0.870456 0.1762629 0.846332 0.1755959 0.86965 0.205119 0.846332 0.1755959 0.847927 0.205061 0.86965 0.205119 0.847927 0.205061 0.846332 0.1755959 0.831935 0.196964 0.846332 0.1755959 0.828633 0.174694 0.831935 0.196964 0.826204 0.209984 0.831935 0.196964 0.828633 0.174694 0.831935 0.196964 0.826204 0.209984 0.847927 0.205061 0.826204 0.209984 0.847839 0.2191179 0.847927 0.205061 0.847927 0.205061 0.847839 0.2191179 0.86965 0.205119 0.847839 0.2191179 0.869497 0.21938 0.86965 0.205119 0.86965 0.205119 0.869497 0.21938 0.886879 0.1955739 0.869497 0.21938 0.889863 0.209993 0.886879 0.1955739 0.886879 0.1955739 0.889863 0.209993 0.893311 0.1731269 0.893311 0.1731269 0.870456 0.1762629 0.886879 0.1955739 0.870456 0.1762629 0.893311 0.1731269 0.888988 0.1121779 0.857171 0.1371179 0.870456 0.1762629 0.888988 0.1121779 0.846332 0.1755959 0.870456 0.1762629 0.857171 0.1371179 0.846332 0.1755959 0.857171 0.1371179 0.829032 0.120288 0.828633 0.174694 0.846332 0.1755959 0.829032 0.120288 0.805928 0.186846 0.828633 0.174694 0.829032 0.120288 0.805928 0.186846 0.826204 0.209984 0.828633 0.174694 0.826204 0.209984 0.805928 0.186846 0.8249 0.2184599 0.858841 0.708849 0.835798 0.724063 0.830217 0.706335 0.830217 0.706335 0.835798 0.724063 0.809352 0.710308 0.835798 0.724063 0.812258 0.739428 0.809352 0.710308 0.809352 0.710308 0.812258 0.739428 0.785271 0.711668 0.812258 0.739428 0.787327 0.746928 0.785271 0.711668 0.738357 0.751951 0.710795 0.742849 0.711023 0.711729 0.737514 0.714496 0.738357 0.751951 0.711023 0.711729 0.738357 0.751951 0.737514 0.714496 0.762273 0.71298 0.763472 0.751297 0.738357 0.751951 0.762273 0.71298 0.763472 0.751297 0.762273 0.71298 0.785271 0.711668 0.787327 0.746928 0.763472 0.751297 0.785271 0.711668 0.763472 0.751297 0.787327 0.746928 0.789384 0.782188 0.787327 0.746928 0.812258 0.739428 0.789384 0.782188 0.812258 0.739428 0.815164 0.768548 0.789384 0.782188 0.812258 0.739428 0.835798 0.724063 0.815164 0.768548 0.835798 0.724063 0.841379 0.741792 0.815164 0.768548 0.841379 0.741792 0.835798 0.724063 0.86237 0.718481 0.835798 0.724063 0.858841 0.708849 0.86237 0.718481 0.86237 0.718481 0.858841 0.708849 0.890913 0.710442 0.858841 0.708849 0.887144 0.702596 0.890913 0.710442 0.887144 0.702596 0.858841 0.708849 0.883375 0.694751 0.858841 0.708849 0.855311 0.699217 0.883375 0.694751 0.855311 0.699217 0.858841 0.708849 0.830217 0.706335 0.620829 0.713792 0.619787 0.705416 0.652951 0.724251 0.619787 0.705416 0.652733 0.712328 0.652951 0.724251 0.652733 0.712328 0.619787 0.705416 0.618745 0.69704 0.652515 0.700406 0.652733 0.712328 0.618745 0.69704 0.684933 0.728358 0.652733 0.712328 0.652515 0.700406 0.684257 0.705545 0.684933 0.728358 0.652515 0.700406 0.710795 0.742849 0.684933 0.728358 0.684257 0.705545 0.711023 0.711729 0.710795 0.742849 0.684257 0.705545 0.652951 0.724251 0.652733 0.712328 0.685608 0.751171 0.652733 0.712328 0.684933 0.728358 0.685608 0.751171 0.685608 0.751171 0.684933 0.728358 0.710566 0.77397 0.684933 0.728358 0.710795 0.742849 0.710566 0.77397 0.710566 0.77397 0.710795 0.742849 0.739199 0.789405 0.710795 0.742849 0.738357 0.751951 0.739199 0.789405 0.739199 0.789405 0.738357 0.751951 0.764672 0.789614 0.738357 0.751951 0.763472 0.751297 0.764672 0.789614 0.764672 0.789614 0.763472 0.751297 0.789384 0.782188 0.623924 0.497411 0.624538 0.49993 0.586082 0.513364 0.567258 0.507259 0.623924 0.497411 0.586082 0.513364 0.567258 0.507259 0.613548 0.476915 0.623924 0.497411 0.613548 0.476915 0.567258 0.507259 0.605002 0.437474 0.567258 0.507259 0.564068 0.43855 0.605002 0.437474 0.605002 0.437474 0.564068 0.43855 0.6074 0.389875 0.564068 0.43855 0.56569 0.394163 0.6074 0.389875 0.602878 0.356138 0.6074 0.389875 0.56569 0.394163 0.568593 0.358505 0.602878 0.356138 0.56569 0.394163 0.538937 0.361589 0.568593 0.358505 0.56569 0.394163 0.568593 0.358505 0.538937 0.361589 0.566704 0.334315 0.568593 0.358505 0.566704 0.334315 0.599137 0.329359 0.599137 0.329359 0.566704 0.334315 0.569112 0.267057 0.60706 0.257983 0.599137 0.329359 0.569112 0.267057 0.569112 0.267057 0.573848 0.204253 0.60706 0.257983 0.573848 0.204253 0.614452 0.2071189 0.60706 0.257983 0.573848 0.204253 0.571458 0.1672769 0.614452 0.2071189 0.571458 0.1672769 0.613253 0.157989 0.614452 0.2071189 0.602878 0.356138 0.568593 0.358505 0.599137 0.329359 0.2472569 0.03947299 0.268635 0.042122 0.268609 0.06371498 0.268609 0.06371498 0.268635 0.042122 0.310873 0.04068303 0.310873 0.04068303 0.312072 0.05842697 0.268609 0.06371498 0.268635 0.042122 0.308744 0.032853 0.310873 0.04068303 0.782002 0.03360801 0.791146 0.05825102 0.754084 0.04109799 0.791146 0.05825102 0.761223 0.05788201 0.754084 0.04109799 0.791146 0.05825102 0.766647 0.07158201 0.761223 0.05788201 0.774452 0.1116099 0.766647 0.07158201 0.791146 0.05825102 0.805002 0.08826398 0.774452 0.1116099 0.791146 0.05825102 0.805002 0.08826398 0.829172 0.120212 0.774452 0.1116099 0.829172 0.120212 0.784965 0.133669 0.774452 0.1116099 0.791948 0.1445429 0.784965 0.133669 0.829172 0.120212 0.791948 0.1445429 0.829172 0.120212 0.828773 0.174618 0.86979 0.205043 0.88702 0.195499 0.890003 0.209917 0.869638 0.2193039 0.86979 0.205043 0.890003 0.209917 0.848067 0.204985 0.86979 0.205043 0.869638 0.2193039 0.84798 0.219042 0.848067 0.204985 0.869638 0.2193039 0.832075 0.1968879 0.848067 0.204985 0.84798 0.219042 0.848067 0.204985 0.832075 0.1968879 0.828773 0.174618 0.806069 0.18677 0.828773 0.174618 0.832075 0.1968879 0.806069 0.18677 0.791948 0.1445429 0.828773 0.174618 0.826345 0.209908 0.832075 0.1968879 0.84798 0.219042 0.828773 0.174618 0.829172 0.120212 0.857311 0.1370419 0.846472 0.17552 0.828773 0.174618 0.857311 0.1370419 0.846472 0.17552 0.848067 0.204985 0.828773 0.174618 0.846472 0.17552 0.870596 0.1761869 0.848067 0.204985 0.870596 0.1761869 0.86979 0.205043 0.848067 0.204985 0.870596 0.1761869 0.893452 0.1730509 0.86979 0.205043 0.893452 0.1730509 0.88702 0.195499 0.86979 0.205043 0.88702 0.195499 0.893452 0.1730509 0.909916 0.1939529 0.890003 0.209917 0.88702 0.195499 0.909916 0.1939529 0.909916 0.1939529 0.89332 0.2205759 0.890003 0.209917 0.890003 0.209917 0.89332 0.2205759 0.869638 0.2193039 0.89332 0.2205759 0.867545 0.230697 0.869638 0.2193039 0.869638 0.2193039 0.867545 0.230697 0.84798 0.219042 0.867545 0.230697 0.847682 0.229555 0.84798 0.219042 0.84798 0.219042 0.847682 0.229555 0.826345 0.209908 0.847682 0.229555 0.82504 0.2183849 0.826345 0.209908 0.826345 0.209908 0.82504 0.2183849 0.806069 0.18677 0.826345 0.209908 0.806069 0.18677 0.832075 0.1968879 0.846472 0.17552 0.857311 0.1370419 0.870596 0.1761869 0.870596 0.1761869 0.857311 0.1370419 0.893452 0.1730509 0.857311 0.1370419 0.889128 0.1121029 0.893452 0.1730509 0.922162 0.1577569 0.893452 0.1730509 0.889128 0.1121029 0.920781 0.137004 0.922162 0.1577569 0.889128 0.1121029 0.920781 0.137004 0.889128 0.1121029 0.911146 0.087664 0.937166 0.101427 0.920781 0.137004 0.911146 0.087664 0.937166 0.101427 0.911146 0.087664 0.956039 0.05991697 0.911146 0.087664 0.931233 0.04022002 0.956039 0.05991697 0.961068 0.04717302 0.956039 0.05991697 0.931233 0.04022002 0.961068 0.04717302 0.931233 0.04022002 0.942726 0.01550298 0.967611 0.03160601 0.961068 0.04717302 0.942726 0.01550298 0.922162 0.1577569 0.909916 0.1939529 0.893452 0.1730509 0.918611 0.59942 0.942059 0.599451 0.964566 0.586994 0.900019 0.583998 0.918611 0.59942 0.964566 0.586994 0.964566 0.586994 0.970528 0.572437 0.900019 0.583998 0.970528 0.572437 0.892248 0.567007 0.900019 0.583998 0.970528 0.572437 0.967825 0.504566 0.892248 0.567007 0.967825 0.504566 0.89762 0.507493 0.892248 0.567007 0.82756 0.697298 0.808149 0.700029 0.805753 0.658329 0.808149 0.700029 0.82756 0.697298 0.809352 0.710308 0.82756 0.697298 0.830217 0.706335 0.809352 0.710308 0.830217 0.706335 0.82756 0.697298 0.855311 0.699217 0.845397 0.654733 0.85095 0.692685 0.823709 0.656841 0.785053 0.701141 0.785271 0.711668 0.762273 0.71298 0.785271 0.711668 0.785053 0.701141 0.809352 0.710308 0.785053 0.701141 0.808149 0.700029 0.809352 0.710308 0.808149 0.700029 0.785053 0.701141 0.783643 0.659193 0.805753 0.658329 0.808149 0.700029 0.783643 0.659193 0.805753 0.658329 0.783643 0.659193 0.812453 0.647119 0.812453 0.647119 0.823709 0.656841 0.805753 0.658329 0.812453 0.647119 0.840329 0.646361 0.823709 0.656841 0.840329 0.646361 0.845397 0.654733 0.823709 0.656841 0.840329 0.646361 0.867935 0.643987 0.845397 0.654733 0.867935 0.643987 0.872811 0.650067 0.845397 0.654733 0.872811 0.650067 0.878689 0.688119 0.845397 0.654733 0.878689 0.688119 0.85095 0.692685 0.845397 0.654733 0.85095 0.692685 0.878689 0.688119 0.883375 0.694751 0.855311 0.699217 0.85095 0.692685 0.883375 0.694751 0.82756 0.697298 0.85095 0.692685 0.855311 0.699217 0.85095 0.692685 0.82756 0.697298 0.823709 0.656841 0.823709 0.656841 0.82756 0.697298 0.805753 0.658329 0.760317 0.650328 0.782398 0.647967 0.761254 0.659524 0.760317 0.650328 0.761254 0.659524 0.736387 0.660379 0.737188 0.650292 0.760317 0.650328 0.736387 0.660379 0.783643 0.659193 0.782398 0.647967 0.812453 0.647119 0.782398 0.647967 0.783643 0.659193 0.761254 0.659524 0.783643 0.659193 0.785053 0.701141 0.761254 0.659524 0.785053 0.701141 0.76236 0.701962 0.761254 0.659524 0.761254 0.659524 0.76236 0.701962 0.736387 0.660379 0.76236 0.701962 0.737547 0.703148 0.736387 0.660379 0.618745 0.69704 0.620634 0.689842 0.652515 0.700406 0.652515 0.700406 0.654708 0.693424 0.684257 0.705545 0.620634 0.689842 0.654708 0.693424 0.652515 0.700406 0.654708 0.693424 0.620634 0.689842 0.655708 0.655022 0.620634 0.689842 0.62133 0.651224 0.655708 0.655022 0.62133 0.651224 0.622894 0.644369 0.655708 0.655022 0.622894 0.644369 0.657216 0.644514 0.655708 0.655022 0.657216 0.644514 0.685563 0.648512 0.655708 0.655022 0.685563 0.648512 0.685479 0.659051 0.655708 0.655022 0.685563 0.648512 0.712871 0.650906 0.685479 0.659051 0.712871 0.650906 0.712472 0.662151 0.685479 0.659051 0.712472 0.662151 0.712871 0.650906 0.737188 0.650292 0.736387 0.660379 0.712472 0.662151 0.737188 0.650292 0.712344 0.70265 0.712472 0.662151 0.736387 0.660379 0.737547 0.703148 0.712344 0.70265 0.736387 0.660379 0.712344 0.70265 0.737547 0.703148 0.737514 0.714496 0.737547 0.703148 0.76236 0.701962 0.737514 0.714496 0.76236 0.701962 0.762273 0.71298 0.737514 0.714496 0.76236 0.701962 0.785053 0.701141 0.762273 0.71298 0.711023 0.711729 0.712344 0.70265 0.737514 0.714496 0.685464 0.698008 0.712344 0.70265 0.711023 0.711729 0.684257 0.705545 0.685464 0.698008 0.711023 0.711729 0.654708 0.693424 0.685464 0.698008 0.684257 0.705545 0.712472 0.662151 0.712344 0.70265 0.685479 0.659051 0.712344 0.70265 0.685464 0.698008 0.685479 0.659051 0.685479 0.659051 0.685464 0.698008 0.655708 0.655022 0.685464 0.698008 0.654708 0.693424 0.655708 0.655022 0.926732 0.159749 0.939943 0.146547 0.924214 0.1388779 0.935907 0.126128 0.924214 0.1388779 0.939943 0.146547 0.940323 0.1036499 0.924214 0.1388779 0.935907 0.126128 0.944456 0.1055549 0.940323 0.1036499 0.935907 0.126128 0.940323 0.1036499 0.944456 0.1055549 0.958814 0.06138497 0.944456 0.1055549 0.954323 0.110103 0.958814 0.06138497 0.954323 0.110103 0.973203 0.06967997 0.958814 0.06138497 0.973203 0.06967997 0.979304 0.05566596 0.958814 0.06138497 0.979304 0.05566596 0.964067 0.04861098 0.958814 0.06138497 0.979304 0.05566596 0.986187 0.04040598 0.964067 0.04861098 0.986187 0.04040598 0.971062 0.03382802 0.964067 0.04861098 0.942731 0.1463119 0.926732 0.159749 0.920222 0.216534 0.926732 0.159749 0.91407 0.1965 0.920222 0.216534 0.91407 0.1965 0.895339 0.2240099 0.920222 0.216534 0.895339 0.2240099 0.902959 0.236804 0.920222 0.216534 0.895339 0.2240099 0.868443 0.2339819 0.902959 0.236804 0.868443 0.2339819 0.869931 0.2453299 0.902959 0.236804 0.868443 0.2339819 0.846789 0.2334899 0.869931 0.2453299 0.846789 0.2334899 0.846229 0.2453979 0.869931 0.2453299 0.846229 0.2453979 0.846789 0.2334899 0.814674 0.2290239 0.846789 0.2334899 0.822943 0.2220529 0.814674 0.2290239 0.822943 0.2220529 0.804742 0.1879019 0.814674 0.2290239 0.804742 0.1879019 0.800697 0.2057449 0.814674 0.2290239 0.800697 0.2057449 0.804742 0.1879019 0.778583 0.1505659 0.804742 0.1879019 0.789485 0.145372 0.778583 0.1505659 0.789485 0.145372 0.784824 0.133744 0.778583 0.1505659 0.210195 0.766873 0.242124 0.759988 0.2454569 0.787544 0.242575 0.707415 0.242124 0.759988 0.210195 0.766873 0.207744 0.708999 0.242575 0.707415 0.210195 0.766873 0.207744 0.708999 0.210195 0.766873 0.169446 0.711926 0.207744 0.708999 0.169446 0.711926 0.205668 0.68172 0.207744 0.708999 0.205668 0.68172 0.242251 0.682011 0.242575 0.707415 0.207744 0.708999 0.242251 0.682011 0.242575 0.707415 0.242251 0.682011 0.286905 0.705889 0.242575 0.707415 0.286905 0.705889 0.285582 0.755675 0.242124 0.759988 0.242575 0.707415 0.285582 0.755675 0.285582 0.755675 0.286915 0.784868 0.242124 0.759988 0.286915 0.784868 0.2454569 0.787544 0.242124 0.759988 0.246214 0.822499 0.2454569 0.787544 0.286915 0.784868 0.918611 0.59942 0.900019 0.583998 0.942059 0.599451 0.900019 0.583998 0.964566 0.586994 0.942059 0.599451 0.964566 0.586994 0.900019 0.583998 0.892248 0.567007 0.970528 0.572437 0.964566 0.586994 0.892248 0.567007 0.970528 0.572437 0.892248 0.567007 0.89762 0.507493 0.967825 0.504566 0.970528 0.572437 0.89762 0.507493 0.624069 0.3380571 0.639162 0.341975 0.619508 0.341519 0.622012 0.296177 0.628105 0.296715 0.621232 0.30755 0.628105 0.296715 0.627885 0.308443 0.621232 0.30755 0.621232 0.30755 0.627885 0.308443 0.618454 0.322483 0.627885 0.308443 0.624534 0.323448 0.618454 0.322483 0.618454 0.322483 0.624534 0.323448 0.617769 0.338345 0.624534 0.323448 0.624069 0.3380571 0.617769 0.338345 0.624534 0.323448 0.642805 0.321779 0.624069 0.3380571 0.642805 0.321779 0.639162 0.341975 0.624069 0.3380571 0.642805 0.321779 0.664939 0.324466 0.639162 0.341975 0.664939 0.324466 0.658002 0.346676 0.639162 0.341975 0.664939 0.324466 0.681168 0.328353 0.658002 0.346676 0.681168 0.328353 0.672183 0.362715 0.658002 0.346676 0.681168 0.328353 0.699964 0.330683 0.672183 0.362715 0.699964 0.330683 0.700907 0.354283 0.672183 0.362715 0.699964 0.330683 0.707345 0.328547 0.700907 0.354283 0.707345 0.328547 0.707808 0.351254 0.700907 0.354283 0.707345 0.328547 0.721231 0.326911 0.707808 0.351254 0.721231 0.326911 0.721319 0.350266 0.707808 0.351254 0.706036 0.309123 0.707345 0.328547 0.699964 0.330683 0.697442 0.311045 0.706036 0.309123 0.699964 0.330683 0.697442 0.311045 0.699964 0.330683 0.681168 0.328353 0.681461 0.309812 0.697442 0.311045 0.681168 0.328353 0.681461 0.309812 0.681168 0.328353 0.664939 0.324466 0.665932 0.306079 0.681461 0.309812 0.664939 0.324466 0.665932 0.306079 0.664939 0.324466 0.642805 0.321779 0.644428 0.306043 0.665932 0.306079 0.642805 0.321779 0.644428 0.306043 0.642805 0.321779 0.624534 0.323448 0.627885 0.308443 0.644428 0.306043 0.624534 0.323448 0.640353 0.296718 0.644428 0.306043 0.627885 0.308443 0.628105 0.296715 0.640353 0.296718 0.627885 0.308443 0.640353 0.296718 0.628105 0.296715 0.63891 0.27951 0.628105 0.296715 0.628541 0.279662 0.63891 0.27951 0.63891 0.27951 0.628541 0.279662 0.638546 0.257556 0.628541 0.279662 0.631047 0.257172 0.638546 0.257556 0.638546 0.257556 0.631047 0.257172 0.639877 0.2423599 0.631047 0.257172 0.632454 0.2417659 0.639877 0.2423599 0.640353 0.296718 0.645224 0.290254 0.650786 0.29249 0.645224 0.290254 0.640353 0.296718 0.641842 0.27904 0.640353 0.296718 0.63891 0.27951 0.641842 0.27904 0.641842 0.27904 0.63891 0.27951 0.642114 0.257385 0.63891 0.27951 0.638546 0.257556 0.642114 0.257385 0.642114 0.257385 0.638546 0.257556 0.644025 0.2415009 0.638546 0.257556 0.639877 0.2423599 0.644025 0.2415009 0.644025 0.2415009 0.639877 0.2423599 0.640204 0.2316349 0.639877 0.2423599 0.639698 0.2365909 0.640204 0.2316349 0.639877 0.2423599 0.632454 0.2417659 0.639698 0.2365909 0.632454 0.2417659 0.633662 0.2352429 0.639698 0.2365909 0.629649 0.2392079 0.633662 0.2352429 0.632454 0.2417659 0.626413 0.254668 0.629649 0.2392079 0.632454 0.2417659 0.631047 0.257172 0.626413 0.254668 0.632454 0.2417659 0.623785 0.278006 0.626413 0.254668 0.631047 0.257172 0.628541 0.279662 0.623785 0.278006 0.631047 0.257172 0.622012 0.296177 0.623785 0.278006 0.628541 0.279662 0.628105 0.296715 0.622012 0.296177 0.628541 0.279662 0.645224 0.290254 0.64541 0.276991 0.651227 0.27576 0.651227 0.27576 0.64541 0.276991 0.651386 0.266208 0.651227 0.27576 0.651386 0.266208 0.661202 0.266691 0.661202 0.266691 0.651386 0.266208 0.661844 0.252079 0.661202 0.266691 0.661844 0.252079 0.670934 0.255467 0.670934 0.255467 0.661844 0.252079 0.671558 0.242213 0.671558 0.242213 0.681915 0.2483459 0.670934 0.255467 0.661844 0.252079 0.663092 0.2368649 0.671558 0.242213 0.64541 0.276991 0.646234 0.269205 0.651386 0.266208 0.651386 0.266208 0.646234 0.269205 0.652107 0.2514531 0.651386 0.266208 0.652107 0.2514531 0.661844 0.252079 0.661844 0.252079 0.652107 0.2514531 0.663092 0.2368649 0.652107 0.2514531 0.65272 0.2362049 0.663092 0.2368649 0.652107 0.2514531 0.647014 0.251535 0.65272 0.2362049 0.647014 0.251535 0.648762 0.236227 0.65272 0.2362049 0.646234 0.269205 0.647014 0.251535 0.652107 0.2514531 0.758274 0.399704 0.738937 0.399704 0.738066 0.419963 0.738937 0.399704 0.758274 0.399704 0.739295 0.379022 0.758274 0.399704 0.757381 0.379087 0.739295 0.379022 0.738788 0.350885 0.739295 0.379022 0.757381 0.379087 0.738788 0.350885 0.721319 0.350266 0.739295 0.379022 0.721231 0.326911 0.721319 0.350266 0.738788 0.350885 0.721231 0.326911 0.707345 0.328547 0.721319 0.350266 0.706036 0.309123 0.707345 0.328547 0.721231 0.326911 0.713998 0.308701 0.706036 0.309123 0.721231 0.326911 0.702361 0.297063 0.706036 0.309123 0.713998 0.308701 0.712075 0.296908 0.702361 0.297063 0.713998 0.308701 0.702361 0.297063 0.712075 0.296908 0.703822 0.283621 0.712075 0.296908 0.710948 0.281831 0.703822 0.283621 0.710948 0.281831 0.712075 0.296908 0.719504 0.297364 0.756274 0.350209 0.738788 0.350885 0.757381 0.379087 0.738064 0.325488 0.738788 0.350885 0.756274 0.350209 0.738064 0.325488 0.721231 0.326911 0.738788 0.350885 0.726434 0.305992 0.721231 0.326911 0.738064 0.325488 0.726434 0.305992 0.713998 0.308701 0.721231 0.326911 0.726434 0.305992 0.719504 0.297364 0.713998 0.308701 0.713998 0.308701 0.719504 0.297364 0.712075 0.296908 0.754228 0.32397 0.738064 0.325488 0.756274 0.350209 0.738408 0.3039 0.738064 0.325488 0.754228 0.32397 0.738408 0.3039 0.726434 0.305992 0.738064 0.325488 0.719061 0.281611 0.719504 0.297364 0.727455 0.29665 0.727455 0.29665 0.719504 0.297364 0.726434 0.305992 0.727455 0.29665 0.726434 0.305992 0.738237 0.295465 0.726434 0.305992 0.738408 0.3039 0.738237 0.295465 0.738237 0.295465 0.738408 0.3039 0.7534 0.302384 0.7534 0.302384 0.738408 0.3039 0.754228 0.32397 0.7534 0.302384 0.754228 0.32397 0.770509 0.32214 0.770509 0.32214 0.754228 0.32397 0.777188 0.349448 0.754228 0.32397 0.756274 0.350209 0.777188 0.349448 0.773771 0.379229 0.777188 0.349448 0.756274 0.350209 0.757381 0.379087 0.773771 0.379229 0.756274 0.350209 0.771739 0.399704 0.773771 0.379229 0.757381 0.379087 0.758274 0.399704 0.771739 0.399704 0.757381 0.379087 0.771739 0.399704 0.758274 0.399704 0.754833 0.420552 0.754833 0.420552 0.758274 0.399704 0.738066 0.419963 0.754678 0.454981 0.754833 0.420552 0.738066 0.419963 0.768226 0.420767 0.754833 0.420552 0.754678 0.454981 0.768226 0.420767 0.754678 0.454981 0.781877 0.422611 0.773771 0.379229 0.771739 0.399704 0.790781 0.401786 0.768226 0.420767 0.771739 0.399704 0.754833 0.420552 0.768226 0.420767 0.781877 0.422611 0.771739 0.399704 0.781877 0.422611 0.790781 0.401786 0.771739 0.399704 0.781877 0.422611 0.801663 0.426225 0.790781 0.401786 0.801663 0.426225 0.832508 0.409302 0.790781 0.401786 0.832508 0.409302 0.834016 0.39184 0.790781 0.401786 0.834016 0.39184 0.832508 0.409302 0.85085 0.406464 0.847282 0.424353 0.85085 0.406464 0.832508 0.409302 0.825155 0.427671 0.847282 0.424353 0.832508 0.409302 0.832508 0.409302 0.801663 0.426225 0.825155 0.427671 0.803712 0.523765 0.800162 0.454943 0.78111 0.454193 0.800162 0.454943 0.803712 0.523765 0.825594 0.454513 0.803712 0.523765 0.832185 0.52297 0.825594 0.454513 0.832185 0.52297 0.803712 0.523765 0.835514 0.562464 0.835514 0.562464 0.862461 0.562576 0.832185 0.52297 0.862461 0.562576 0.859336 0.520482 0.832185 0.52297 0.859336 0.520482 0.85228 0.450036 0.832185 0.52297 0.85228 0.450036 0.825594 0.454513 0.832185 0.52297 0.85228 0.450036 0.847282 0.424353 0.825594 0.454513 0.847282 0.424353 0.825155 0.433473 0.825594 0.454513 0.800162 0.454943 0.825594 0.454513 0.825155 0.433473 0.801663 0.426225 0.800162 0.454943 0.825155 0.433473 0.800162 0.454943 0.801663 0.426225 0.781877 0.422611 0.78111 0.454193 0.800162 0.454943 0.781877 0.422611 0.754678 0.454981 0.78111 0.454193 0.781877 0.422611 0.812453 0.647119 0.840329 0.646361 0.840504 0.628908 0.840504 0.628908 0.840329 0.646361 0.867971 0.626541 0.840329 0.646361 0.867935 0.643987 0.867971 0.626541 0.867971 0.626541 0.867751 0.606535 0.840504 0.628908 0.840504 0.628908 0.840424 0.608894 0.812014 0.629334 0.867751 0.606535 0.840424 0.608894 0.840504 0.628908 0.840424 0.608894 0.867751 0.606535 0.839238 0.594482 0.867751 0.606535 0.866286 0.592137 0.839238 0.594482 0.866286 0.592137 0.862461 0.562576 0.839238 0.594482 0.862461 0.562576 0.835514 0.562464 0.839238 0.594482 0.835514 0.562464 0.806372 0.558751 0.839238 0.594482 0.803712 0.523765 0.806372 0.558751 0.835514 0.562464 0.806372 0.558751 0.803712 0.523765 0.784243 0.524876 0.784243 0.524876 0.803712 0.523765 0.78111 0.454193 0.757185 0.525782 0.784243 0.524876 0.78111 0.454193 0.754678 0.454981 0.757185 0.525782 0.78111 0.454193 0.754678 0.454981 0.738245 0.456155 0.757185 0.525782 0.738245 0.456155 0.754678 0.454981 0.738066 0.419963 0.738245 0.456155 0.738066 0.419963 0.71061 0.419855 0.738066 0.419963 0.738937 0.399704 0.71061 0.419855 0.738937 0.399704 0.710539 0.399704 0.71061 0.419855 0.710539 0.399704 0.738937 0.399704 0.739295 0.379022 0.783442 0.55865 0.806372 0.558751 0.784243 0.524876 0.783442 0.55865 0.784243 0.524876 0.757185 0.525782 0.758176 0.558411 0.783442 0.55865 0.757185 0.525782 0.757185 0.525782 0.737971 0.52687 0.758176 0.558411 0.738245 0.456155 0.737971 0.52687 0.757185 0.525782 0.737971 0.52687 0.738245 0.456155 0.707853 0.456137 0.707853 0.456137 0.738245 0.456155 0.71061 0.419855 0.67547 0.400815 0.65344 0.405472 0.644733 0.421636 0.678796 0.420959 0.67547 0.400815 0.644733 0.421636 0.678796 0.420959 0.644733 0.421636 0.678926 0.452607 0.758176 0.558411 0.738432 0.558451 0.760038 0.594772 0.737971 0.52687 0.738432 0.558451 0.758176 0.558411 0.738432 0.558451 0.737971 0.52687 0.707377 0.527432 0.707377 0.527432 0.737971 0.52687 0.707853 0.456137 0.707377 0.527432 0.707853 0.456137 0.678926 0.452607 0.678926 0.452607 0.707853 0.456137 0.71061 0.419855 0.678796 0.420959 0.678926 0.452607 0.71061 0.419855 0.71061 0.419855 0.710539 0.399704 0.678796 0.420959 0.710539 0.399704 0.67547 0.400815 0.678796 0.420959 0.676753 0.387807 0.67547 0.400815 0.710539 0.399704 0.67547 0.400815 0.676753 0.387807 0.65344 0.405472 0.676753 0.387807 0.652302 0.388131 0.65344 0.405472 0.6268 0.405055 0.65344 0.405472 0.652302 0.388131 0.619005 0.386612 0.6268 0.405055 0.652302 0.388131 0.652302 0.388131 0.628635 0.373394 0.619005 0.386612 0.628635 0.373394 0.652302 0.388131 0.631607 0.36378 0.652302 0.388131 0.649795 0.366929 0.631607 0.36378 0.639162 0.341975 0.631607 0.36378 0.649795 0.366929 0.618454 0.322483 0.617769 0.338345 0.624069 0.3380571 0.621232 0.30755 0.618454 0.322483 0.624534 0.323448 0.624534 0.323448 0.618454 0.322483 0.624069 0.3380571 0.624534 0.323448 0.624069 0.3380571 0.639162 0.341975 0.624069 0.3380571 0.619508 0.341519 0.639162 0.341975 0.658002 0.346676 0.639162 0.341975 0.649795 0.366929 0.642805 0.321779 0.639162 0.341975 0.658002 0.346676 0.642805 0.321779 0.624534 0.323448 0.639162 0.341975 0.627885 0.308443 0.624534 0.323448 0.642805 0.321779 0.627885 0.308443 0.621232 0.30755 0.624534 0.323448 0.622012 0.296177 0.621232 0.30755 0.627885 0.308443 0.628105 0.296715 0.622012 0.296177 0.627885 0.308443 0.622012 0.296177 0.628105 0.296715 0.623785 0.278006 0.628105 0.296715 0.628541 0.279662 0.623785 0.278006 0.623785 0.278006 0.628541 0.279662 0.626413 0.254668 0.628541 0.279662 0.631047 0.257172 0.626413 0.254668 0.626413 0.254668 0.631047 0.257172 0.629649 0.2392079 0.631047 0.257172 0.632454 0.2417659 0.629649 0.2392079 0.629649 0.2392079 0.632454 0.2417659 0.633662 0.2352429 0.632454 0.2417659 0.639877 0.2423599 0.633662 0.2352429 0.639877 0.2423599 0.639698 0.2365909 0.633662 0.2352429 0.639877 0.2423599 0.644025 0.2415009 0.639698 0.2365909 0.644025 0.2415009 0.640204 0.2316349 0.639698 0.2365909 0.638546 0.257556 0.639877 0.2423599 0.632454 0.2417659 0.631047 0.257172 0.638546 0.257556 0.632454 0.2417659 0.63891 0.27951 0.638546 0.257556 0.631047 0.257172 0.628541 0.279662 0.63891 0.27951 0.631047 0.257172 0.640353 0.296718 0.63891 0.27951 0.628541 0.279662 0.628105 0.296715 0.640353 0.296718 0.628541 0.279662 0.640353 0.296718 0.628105 0.296715 0.644428 0.306043 0.628105 0.296715 0.627885 0.308443 0.644428 0.306043 0.644428 0.306043 0.627885 0.308443 0.642805 0.321779 0.644428 0.306043 0.642805 0.321779 0.664939 0.324466 0.664939 0.324466 0.642805 0.321779 0.658002 0.346676 0.664939 0.324466 0.658002 0.346676 0.672183 0.362715 0.700907 0.354283 0.699689 0.379307 0.708738 0.377121 0.700907 0.354283 0.672183 0.362715 0.699689 0.379307 0.681168 0.328353 0.672183 0.362715 0.700907 0.354283 0.681168 0.328353 0.664939 0.324466 0.672183 0.362715 0.665932 0.306079 0.664939 0.324466 0.681168 0.328353 0.665932 0.306079 0.644428 0.306043 0.664939 0.324466 0.650786 0.29249 0.644428 0.306043 0.665932 0.306079 0.650786 0.29249 0.640353 0.296718 0.644428 0.306043 0.640353 0.296718 0.650786 0.29249 0.645224 0.290254 0.640353 0.296718 0.645224 0.290254 0.63891 0.27951 0.645224 0.290254 0.641842 0.27904 0.63891 0.27951 0.63891 0.27951 0.641842 0.27904 0.638546 0.257556 0.641842 0.27904 0.642114 0.257385 0.638546 0.257556 0.638546 0.257556 0.642114 0.257385 0.639877 0.2423599 0.642114 0.257385 0.644025 0.2415009 0.639877 0.2423599 0.645224 0.290254 0.650786 0.29249 0.64541 0.276991 0.649795 0.366929 0.652302 0.388131 0.676753 0.387807 0.64541 0.276991 0.651227 0.27576 0.646234 0.269205 0.650786 0.29249 0.651227 0.27576 0.64541 0.276991 0.650786 0.29249 0.665729 0.292078 0.651227 0.27576 0.665729 0.292078 0.650786 0.29249 0.665932 0.306079 0.665729 0.292078 0.665932 0.306079 0.681461 0.309812 0.681461 0.309812 0.665932 0.306079 0.681168 0.328353 0.681461 0.309812 0.681168 0.328353 0.699964 0.330683 0.699964 0.330683 0.681168 0.328353 0.700907 0.354283 0.699964 0.330683 0.700907 0.354283 0.707808 0.351254 0.707808 0.351254 0.700907 0.354283 0.708738 0.377121 0.707808 0.351254 0.708738 0.377121 0.722087 0.377836 0.722087 0.377836 0.708738 0.377121 0.710539 0.399704 0.699689 0.379307 0.710539 0.399704 0.708738 0.377121 0.699689 0.379307 0.676753 0.387807 0.710539 0.399704 0.672183 0.362715 0.676753 0.387807 0.699689 0.379307 0.672183 0.362715 0.649795 0.366929 0.676753 0.387807 0.672183 0.362715 0.658002 0.346676 0.649795 0.366929 0.722087 0.377836 0.710539 0.399704 0.739295 0.379022 0.721319 0.350266 0.722087 0.377836 0.739295 0.379022 0.721319 0.350266 0.707808 0.351254 0.722087 0.377836 0.707345 0.328547 0.707808 0.351254 0.721319 0.350266 0.707345 0.328547 0.699964 0.330683 0.707808 0.351254 0.697442 0.311045 0.699964 0.330683 0.707345 0.328547 0.697442 0.311045 0.681461 0.309812 0.699964 0.330683 0.679922 0.292917 0.681461 0.309812 0.697442 0.311045 0.679922 0.292917 0.665729 0.292078 0.681461 0.309812 0.665729 0.292078 0.679922 0.292917 0.662206 0.277295 0.665729 0.292078 0.662206 0.277295 0.651227 0.27576 0.651227 0.27576 0.662206 0.277295 0.651386 0.266208 0.651227 0.27576 0.651386 0.266208 0.646234 0.269205 0.646234 0.269205 0.651386 0.266208 0.647014 0.251535 0.651386 0.266208 0.652107 0.2514531 0.647014 0.251535 0.647014 0.251535 0.652107 0.2514531 0.648762 0.236227 0.652107 0.2514531 0.65272 0.2362049 0.648762 0.236227 0.652107 0.2514531 0.661844 0.252079 0.65272 0.2362049 0.706036 0.309123 0.697442 0.311045 0.707345 0.328547 0.702361 0.297063 0.693519 0.294754 0.706036 0.309123 0.693519 0.294754 0.697442 0.311045 0.706036 0.309123 0.693519 0.294754 0.679922 0.292917 0.697442 0.311045 0.681043 0.258491 0.670934 0.255467 0.680219 0.269501 0.670934 0.255467 0.671492 0.267425 0.680219 0.269501 0.671492 0.267425 0.670934 0.255467 0.661844 0.252079 0.661202 0.266691 0.671492 0.267425 0.661844 0.252079 0.661202 0.266691 0.661844 0.252079 0.652107 0.2514531 0.651386 0.266208 0.661202 0.266691 0.652107 0.2514531 0.662206 0.277295 0.661202 0.266691 0.651386 0.266208 0.662206 0.277295 0.672182 0.278081 0.661202 0.266691 0.679922 0.292917 0.672182 0.278081 0.662206 0.277295 0.68014 0.279974 0.672182 0.278081 0.679922 0.292917 0.679922 0.292917 0.693519 0.294754 0.68014 0.279974 0.693519 0.294754 0.689587 0.27971 0.68014 0.279974 0.693519 0.294754 0.702361 0.297063 0.689587 0.27971 0.702361 0.297063 0.697636 0.282222 0.689587 0.27971 0.697636 0.282222 0.702361 0.297063 0.703822 0.283621 0.697636 0.282222 0.703822 0.283621 0.702647 0.276779 0.703822 0.283621 0.710948 0.281831 0.702647 0.276779 0.710948 0.281831 0.70914 0.275101 0.702647 0.276779 0.672182 0.278081 0.671492 0.267425 0.661202 0.266691 0.671492 0.267425 0.672182 0.278081 0.68014 0.279974 0.680219 0.269501 0.671492 0.267425 0.68014 0.279974 0.68014 0.279974 0.689587 0.27971 0.680219 0.269501 0.689587 0.27971 0.688683 0.271211 0.680219 0.269501 0.689587 0.27971 0.697636 0.282222 0.688683 0.271211 0.697636 0.282222 0.695907 0.272675 0.688683 0.271211 0.695907 0.272675 0.697636 0.282222 0.702647 0.276779 0.699166 0.265074 0.695907 0.272675 0.702647 0.276779 0.702647 0.276779 0.70914 0.275101 0.699166 0.265074 0.70914 0.275101 0.706483 0.263545 0.699166 0.265074 0.70914 0.275101 0.717883 0.274965 0.706483 0.263545 0.70914 0.275101 0.710948 0.281831 0.717883 0.274965 0.710948 0.281831 0.719061 0.281611 0.717883 0.274965 0.719061 0.281611 0.710948 0.281831 0.719504 0.297364 0.727799 0.277489 0.727455 0.29665 0.738237 0.295465 0.727799 0.277489 0.719061 0.281611 0.727455 0.29665 0.719061 0.281611 0.727799 0.277489 0.717883 0.274965 0.75621 0.291549 0.7534 0.302384 0.76859 0.300568 0.7534 0.302384 0.75621 0.291549 0.749086 0.292853 0.749086 0.292853 0.738237 0.295465 0.7534 0.302384 0.736036 0.275338 0.738237 0.295465 0.749086 0.292853 0.736036 0.275338 0.727799 0.277489 0.738237 0.295465 0.727799 0.277489 0.736036 0.275338 0.72651 0.270649 0.727799 0.277489 0.72651 0.270649 0.717883 0.274965 0.717883 0.274965 0.72651 0.270649 0.71264 0.256792 0.717883 0.274965 0.71264 0.256792 0.706483 0.263545 0.706483 0.263545 0.71264 0.256792 0.705211 0.258973 0.706483 0.263545 0.705211 0.258973 0.698465 0.262336 0.699166 0.265074 0.706483 0.263545 0.698465 0.262336 0.695059 0.265412 0.699166 0.265074 0.698465 0.262336 0.695059 0.265412 0.695907 0.272675 0.699166 0.265074 0.695907 0.272675 0.695059 0.265412 0.68812 0.262046 0.688683 0.271211 0.695907 0.272675 0.68812 0.262046 0.688683 0.271211 0.68812 0.262046 0.681043 0.258491 0.680219 0.269501 0.688683 0.271211 0.681043 0.258491 0.746208 0.271096 0.736036 0.275338 0.749086 0.292853 0.746208 0.271096 0.749086 0.292853 0.75621 0.291549 0.753171 0.266576 0.746208 0.271096 0.75621 0.291549 0.746208 0.271096 0.753171 0.266576 0.744317 0.263845 0.736036 0.275338 0.746208 0.271096 0.744317 0.263845 0.734479 0.267575 0.736036 0.275338 0.744317 0.263845 0.736036 0.275338 0.734479 0.267575 0.72651 0.270649 0.72651 0.270649 0.734479 0.267575 0.723083 0.256438 0.72651 0.270649 0.723083 0.256438 0.71264 0.256792 0.723083 0.256438 0.720569 0.250108 0.71264 0.256792 0.723083 0.256438 0.730832 0.2468869 0.720569 0.250108 0.734479 0.267575 0.730832 0.2468869 0.723083 0.256438 0.733026 0.2148299 0.727513 0.213943 0.729349 0.218284 0.722999 0.224904 0.729349 0.218284 0.727513 0.213943 0.733683 0.2232179 0.729349 0.218284 0.722999 0.224904 0.733683 0.2232179 0.738082 0.2203519 0.729349 0.218284 0.738082 0.2203519 0.733026 0.2148299 0.729349 0.218284 0.753171 0.266576 0.75135 0.259252 0.744317 0.263845 0.744317 0.263845 0.75135 0.259252 0.739685 0.246092 0.75135 0.259252 0.745953 0.2414389 0.739685 0.246092 0.734479 0.267575 0.744317 0.263845 0.730832 0.2468869 0.744317 0.263845 0.739685 0.246092 0.730832 0.2468869 0.739685 0.246092 0.737389 0.2387109 0.730832 0.2468869 0.739685 0.246092 0.745953 0.2414389 0.737389 0.2387109 0.745953 0.2414389 0.744524 0.235964 0.737389 0.2387109 0.715377 0.235251 0.709829 0.229056 0.706554 0.2420439 0.715377 0.235251 0.722999 0.224904 0.709829 0.229056 0.730832 0.2468869 0.722999 0.224904 0.715377 0.235251 0.730832 0.2468869 0.737389 0.2387109 0.722999 0.224904 0.737389 0.2387109 0.733683 0.2232179 0.722999 0.224904 0.737389 0.2387109 0.744524 0.235964 0.733683 0.2232179 0.744524 0.235964 0.738082 0.2203519 0.733683 0.2232179 0.738082 0.2203519 0.744524 0.235964 0.743771 0.222033 0.744524 0.235964 0.749663 0.2374309 0.743771 0.222033 0.744524 0.235964 0.745953 0.2414389 0.749663 0.2374309 0.745953 0.2414389 0.755636 0.25485 0.749663 0.2374309 0.745953 0.2414389 0.75135 0.259252 0.755636 0.25485 0.758743 0.263252 0.755636 0.25485 0.75135 0.259252 0.753171 0.266576 0.758743 0.263252 0.75135 0.259252 0.760596 0.279441 0.758743 0.263252 0.753171 0.266576 0.75621 0.291549 0.760596 0.279441 0.753171 0.266576 0.766928 0.288327 0.760596 0.279441 0.75621 0.291549 0.766928 0.288327 0.75621 0.291549 0.76859 0.300568 0.766928 0.288327 0.76859 0.300568 0.779759 0.297536 0.779759 0.297536 0.76859 0.300568 0.784315 0.319768 0.778437 0.285427 0.775312 0.269109 0.766729 0.270213 0.766729 0.270213 0.775312 0.269109 0.76625 0.264458 0.775312 0.269109 0.775297 0.2625491 0.76625 0.264458 0.76625 0.264458 0.775297 0.2625491 0.764746 0.246608 0.775297 0.2625491 0.772829 0.2446359 0.764746 0.246608 0.775297 0.2625491 0.781318 0.264146 0.772829 0.2446359 0.775297 0.2625491 0.775312 0.269109 0.781318 0.264146 0.786407 0.282011 0.781318 0.264146 0.775312 0.269109 0.778437 0.285427 0.786407 0.282011 0.775312 0.269109 0.78805 0.295923 0.786407 0.282011 0.778437 0.285427 0.760596 0.279441 0.766928 0.288327 0.761291 0.266817 0.781318 0.264146 0.777929 0.2414479 0.772829 0.2446359 0.793772 0.314906 0.78805 0.295923 0.779759 0.297536 0.779759 0.297536 0.78805 0.295923 0.778437 0.285427 0.778437 0.285427 0.766928 0.288327 0.779759 0.297536 0.766928 0.288327 0.778437 0.285427 0.766729 0.270213 0.766928 0.288327 0.766729 0.270213 0.761291 0.266817 0.761291 0.266817 0.766729 0.270213 0.76625 0.264458 0.761291 0.266817 0.76625 0.264458 0.760087 0.245526 0.76625 0.264458 0.764746 0.246608 0.760087 0.245526 0.760087 0.245526 0.764746 0.246608 0.764236 0.2420929 0.764746 0.246608 0.772829 0.2446359 0.764236 0.2420929 0.772829 0.2446359 0.772007 0.23966 0.764236 0.2420929 0.772007 0.23966 0.772829 0.2446359 0.777929 0.2414479 0.772007 0.23966 0.777929 0.2414479 0.769698 0.225848 0.777929 0.2414479 0.774626 0.2258949 0.769698 0.225848 0.769698 0.225848 0.774626 0.2258949 0.768411 0.2194499 0.774626 0.2258949 0.771281 0.2214 0.768411 0.2194499 0.760723 0.2148119 0.762453 0.2209389 0.765922 0.2137269 0.762453 0.2209389 0.768411 0.2194499 0.765922 0.2137269 0.769698 0.225848 0.768411 0.2194499 0.762453 0.2209389 0.762534 0.2276859 0.769698 0.225848 0.762453 0.2209389 0.772007 0.23966 0.769698 0.225848 0.762534 0.2276859 0.764236 0.2420929 0.772007 0.23966 0.762534 0.2276859 0.764236 0.2420929 0.762534 0.2276859 0.757631 0.2301859 0.760087 0.245526 0.764236 0.2420929 0.757631 0.2301859 0.757631 0.2301859 0.762534 0.2276859 0.762453 0.2209389 0.2010869 0.826579 0.198885 0.859709 0.194443 0.82783 0.198885 0.859709 0.19194 0.85944 0.194443 0.82783 0.1859779 0.881015 0.19194 0.85944 0.198885 0.859709 0.192916 0.884725 0.1859779 0.881015 0.198885 0.859709 0.1859779 0.881015 0.192916 0.884725 0.1771489 0.899412 0.192916 0.884725 0.183892 0.906431 0.1771489 0.899412 0.183892 0.906431 0.192916 0.884725 0.198022 0.9149 0.24633 0.895542 0.265578 0.905904 0.255578 0.927281 0.182792 0.795545 0.179961 0.799906 0.158686 0.79268 0.179961 0.799906 0.182792 0.795545 0.194443 0.82783 0.182792 0.795545 0.2010869 0.826579 0.194443 0.82783 0.2010869 0.826579 0.182792 0.795545 0.207861 0.825262 0.2010869 0.826579 0.207861 0.825262 0.198885 0.859709 0.207861 0.825262 0.211584 0.859605 0.198885 0.859709 0.192916 0.884725 0.198885 0.859709 0.211584 0.859605 0.208415 0.888921 0.192916 0.884725 0.211584 0.859605 0.192916 0.884725 0.208415 0.888921 0.198022 0.9149 0.198022 0.9149 0.208415 0.888921 0.223609 0.892239 0.2142969 0.922293 0.198022 0.9149 0.223609 0.892239 0.233986 0.929611 0.2142969 0.922293 0.223609 0.892239 0.24633 0.895542 0.233986 0.929611 0.223609 0.892239 0.233986 0.929611 0.24633 0.895542 0.255578 0.927281 0.233986 0.929611 0.255578 0.927281 0.247838 0.945495 0.264372 0.952934 0.247838 0.945495 0.255578 0.927281 0.272029 0.933673 0.264372 0.952934 0.255578 0.927281 0.272029 0.933673 0.255578 0.927281 0.265578 0.905904 0.223609 0.892239 0.208415 0.888921 0.211584 0.859605 0.182792 0.795545 0.186553 0.792573 0.207861 0.825262 0.146984 0.825554 0.147509 0.798028 0.1554819 0.799775 0.1554819 0.799775 0.147509 0.798028 0.158686 0.79268 0.147509 0.798028 0.1566359 0.786344 0.158686 0.79268 0.1566359 0.786344 0.182792 0.795545 0.158686 0.79268 0.182792 0.795545 0.1566359 0.786344 0.155429 0.781759 0.186553 0.792573 0.182792 0.795545 0.155429 0.781759 0.190392 0.788719 0.186553 0.792573 0.155429 0.781759 0.207861 0.825262 0.186553 0.792573 0.190392 0.788719 0.207861 0.825262 0.190392 0.788719 0.220821 0.823385 0.211584 0.859605 0.207861 0.825262 0.220821 0.823385 0.224545 0.858766 0.211584 0.859605 0.220821 0.823385 0.224545 0.858766 0.223609 0.892239 0.211584 0.859605 0.224545 0.858766 0.246384 0.858143 0.223609 0.892239 0.246384 0.858143 0.24633 0.895542 0.223609 0.892239 0.24633 0.895542 0.246384 0.858143 0.277866 0.893401 0.24633 0.895542 0.277866 0.893401 0.265578 0.905904 0.265578 0.905904 0.277866 0.893401 0.283618 0.916586 0.283618 0.916586 0.272029 0.933673 0.265578 0.905904 0.164716 0.870801 0.178588 0.891738 0.172652 0.898161 0.119103 0.927245 0.09925198 0.930363 0.08739095 0.921394 0.06887 0.90296 0.04534298 0.903452 0.07603299 0.867032 0.04532897 0.919499 0.04534298 0.903452 0.06887 0.90296 0.06453895 0.91984 0.04532897 0.919499 0.06887 0.90296 0.06453895 0.91984 0.06887 0.90296 0.08739095 0.921394 0.06887 0.90296 0.10654 0.901119 0.08739095 0.921394 0.10654 0.901119 0.119103 0.927245 0.08739095 0.921394 0.10654 0.901119 0.128608 0.891366 0.119103 0.927245 0.128608 0.891366 0.139591 0.916053 0.119103 0.927245 0.128608 0.891366 0.144884 0.884381 0.139591 0.916053 0.144884 0.884381 0.157983 0.908777 0.139591 0.916053 0.172652 0.898161 0.157983 0.908777 0.144884 0.884381 0.158397 0.878891 0.172652 0.898161 0.144884 0.884381 0.158397 0.878891 0.164716 0.870801 0.172652 0.898161 0.164716 0.870801 0.158397 0.878891 0.157873 0.851607 0.158397 0.878891 0.151017 0.854299 0.157873 0.851607 0.157873 0.851607 0.151017 0.854299 0.154251 0.82474 0.151017 0.854299 0.146984 0.825554 0.154251 0.82474 0.154251 0.82474 0.146984 0.825554 0.1554819 0.799775 0.132598 0.794247 0.121065 0.826584 0.100387 0.826428 0.100387 0.826428 0.121065 0.826584 0.102883 0.864029 0.102883 0.864029 0.07603299 0.867032 0.100387 0.826428 0.06887 0.90296 0.07603299 0.867032 0.102883 0.864029 0.10654 0.901119 0.06887 0.90296 0.102883 0.864029 0.102883 0.864029 0.122992 0.860883 0.10654 0.901119 0.122992 0.860883 0.128608 0.891366 0.10654 0.901119 0.122992 0.860883 0.138021 0.858785 0.128608 0.891366 0.138021 0.858785 0.144884 0.884381 0.128608 0.891366 0.158397 0.878891 0.144884 0.884381 0.138021 0.858785 0.151017 0.854299 0.158397 0.878891 0.138021 0.858785 0.122992 0.860883 0.121065 0.826584 0.138021 0.858785 0.121065 0.826584 0.122992 0.860883 0.102883 0.864029 0.155429 0.781759 0.1566359 0.786344 0.140907 0.800405 0.1566359 0.786344 0.147509 0.798028 0.140907 0.800405 0.1357949 0.827565 0.140907 0.800405 0.147509 0.798028 0.146984 0.825554 0.1357949 0.827565 0.147509 0.798028 0.146984 0.825554 0.151017 0.854299 0.1357949 0.827565 0.190392 0.788719 0.216277 0.791091 0.220821 0.823385 0.216277 0.791091 0.190392 0.788719 0.1794379 0.768369 0.151017 0.854299 0.138021 0.858785 0.1357949 0.827565 0.121065 0.826584 0.1357949 0.827565 0.138021 0.858785 0.140907 0.800405 0.1357949 0.827565 0.121065 0.826584 0.132598 0.794247 0.140907 0.800405 0.121065 0.826584 0.155429 0.781759 0.140907 0.800405 0.132598 0.794247 0.154668 0.77737 0.155429 0.781759 0.132598 0.794247 0.154668 0.77737 0.190392 0.788719 0.155429 0.781759 0.154668 0.77737 0.150472 0.771143 0.190392 0.788719 0.150472 0.771143 0.1794379 0.768369 0.190392 0.788719 0.169446 0.711926 0.1794379 0.768369 0.150472 0.771143 0.210195 0.766873 0.1794379 0.768369 0.169446 0.711926 0.210195 0.766873 0.216277 0.791091 0.1794379 0.768369 0.216277 0.791091 0.210195 0.766873 0.2454569 0.787544 0.216277 0.791091 0.2454569 0.787544 0.220821 0.823385 0.2454569 0.787544 0.246214 0.822499 0.220821 0.823385 0.220821 0.823385 0.246214 0.822499 0.224545 0.858766 0.246214 0.822499 0.246384 0.858143 0.224545 0.858766 0.246214 0.822499 0.271055 0.823287 0.246384 0.858143 0.256287 0.98321 0.276012 0.975374 0.253679 0.998082 0.276012 0.975374 0.275694 0.999527 0.253679 0.998082 0.234337 0.995076 0.237378 0.978376 0.253679 0.998082 0.237378 0.978376 0.256287 0.98321 0.253679 0.998082 0.237378 0.978376 0.2427279 0.959942 0.256287 0.98321 0.2427279 0.959942 0.259472 0.968087 0.256287 0.98321 0.256287 0.98321 0.259472 0.968087 0.276012 0.975374 0.276012 0.975374 0.259472 0.968087 0.269027 0.956253 0.291063 0.880646 0.277866 0.893401 0.294721 0.859439 0.277866 0.893401 0.273788 0.858246 0.294721 0.859439 0.246384 0.858143 0.273788 0.858246 0.277866 0.893401 0.271055 0.823287 0.273788 0.858246 0.246384 0.858143 0.271055 0.823287 0.294223 0.824201 0.273788 0.858246 0.294223 0.824201 0.294721 0.859439 0.273788 0.858246 0.271055 0.823287 0.246214 0.822499 0.286915 0.784868 0.286915 0.784868 0.294223 0.824201 0.271055 0.823287 0.294223 0.824201 0.286915 0.784868 0.305693 0.822675 0.305693 0.822675 0.294721 0.859439 0.294223 0.824201 0.294721 0.859439 0.305693 0.822675 0.307727 0.854072 0.294721 0.859439 0.307727 0.854072 0.29879 0.882377 0.291063 0.880646 0.294721 0.859439 0.29879 0.882377 0.29879 0.882377 0.297273 0.899057 0.291063 0.880646 0.297273 0.899057 0.277866 0.893401 0.291063 0.880646 0.277866 0.893401 0.297273 0.899057 0.283618 0.916586 0.283618 0.916586 0.297273 0.899057 0.289325 0.920979 0.283618 0.916586 0.289325 0.920979 0.272029 0.933673 0.289325 0.920979 0.277703 0.937485 0.272029 0.933673 0.272029 0.933673 0.277703 0.937485 0.264372 0.952934 0.277703 0.937485 0.269027 0.956253 0.264372 0.952934 0.264372 0.952934 0.269027 0.956253 0.259472 0.968087 0.264372 0.952934 0.259472 0.968087 0.247838 0.945495 0.259472 0.968087 0.2427279 0.959942 0.247838 0.945495 0.28215 0.962555 0.276012 0.975374 0.269027 0.956253 0.28215 0.962555 0.269027 0.956253 0.277703 0.937485 0.291548 0.945492 0.28215 0.962555 0.277703 0.937485 0.304353 0.925826 0.291548 0.945492 0.277703 0.937485 0.289325 0.920979 0.304353 0.925826 0.277703 0.937485 0.289325 0.920979 0.302761 0.902686 0.304353 0.925826 0.297273 0.899057 0.302761 0.902686 0.289325 0.920979 0.302761 0.902686 0.297273 0.899057 0.304797 0.884334 0.297273 0.899057 0.29879 0.882377 0.304797 0.884334 0.310731 0.85505 0.304797 0.884334 0.29879 0.882377 0.307727 0.854072 0.310731 0.85505 0.29879 0.882377 0.307727 0.854072 0.312196 0.819992 0.310731 0.85505 0.305693 0.822675 0.312196 0.819992 0.307727 0.854072 0.312196 0.819992 0.305693 0.822675 0.316665 0.785912 0.286915 0.784868 0.316665 0.785912 0.305693 0.822675 0.315997 0.753271 0.316665 0.785912 0.286915 0.784868 0.285582 0.755675 0.315997 0.753271 0.286915 0.784868 0.316665 0.70542 0.315997 0.753271 0.285582 0.755675 0.302761 0.902686 0.314599 0.90887 0.304353 0.925826 0.312196 0.819992 0.313698 0.820481 0.310731 0.85505 0.313698 0.820481 0.312196 0.819992 0.316665 0.785912 0.314518 0.82044 0.313698 0.820481 0.316665 0.785912 0.313698 0.820481 0.314518 0.82044 0.312371 0.854967 0.310731 0.85505 0.313698 0.820481 0.312371 0.854967 0.310731 0.85505 0.312371 0.854967 0.308077 0.884168 0.304797 0.884334 0.310731 0.85505 0.308077 0.884168 0.304797 0.884334 0.308077 0.884168 0.302761 0.902686 0.308077 0.884168 0.311427 0.895616 0.302761 0.902686 0.325602 0.854072 0.33454 0.882377 0.328532 0.884334 0.322599 0.85505 0.325602 0.854072 0.328532 0.884334 0.322599 0.85505 0.319632 0.820481 0.325602 0.854072 0.319632 0.820481 0.321134 0.819992 0.325602 0.854072 0.321134 0.819992 0.319632 0.820481 0.316665 0.785912 0.319632 0.820481 0.318812 0.82044 0.316665 0.785912 0.318812 0.82044 0.319632 0.820481 0.322599 0.85505 0.320959 0.854967 0.318812 0.82044 0.322599 0.85505 0.320959 0.854967 0.322599 0.85505 0.328532 0.884334 0.325253 0.884168 0.320959 0.854967 0.328532 0.884334 0.325253 0.884168 0.328532 0.884334 0.321903 0.895616 0.328532 0.884334 0.330569 0.902686 0.321903 0.895616 0.330569 0.902686 0.328532 0.884334 0.33454 0.882377 0.336057 0.899057 0.330569 0.902686 0.33454 0.882377 0.336057 0.899057 0.33454 0.882377 0.355464 0.893401 0.33454 0.882377 0.342266 0.880646 0.355464 0.893401 0.33454 0.882377 0.325602 0.854072 0.342266 0.880646 0.325602 0.854072 0.338609 0.859439 0.342266 0.880646 0.325602 0.854072 0.321134 0.819992 0.338609 0.859439 0.321134 0.819992 0.327637 0.822675 0.338609 0.859439 0.327637 0.822675 0.321134 0.819992 0.316665 0.785912 0.327637 0.822675 0.316665 0.785912 0.346415 0.784868 0.346411 0.755675 0.346415 0.784868 0.316665 0.785912 0.346415 0.784868 0.346411 0.755675 0.387872 0.787544 0.346411 0.755675 0.38987 0.759988 0.387872 0.787544 0.417053 0.791091 0.387872 0.787544 0.38987 0.759988 0.362274 0.823287 0.346415 0.784868 0.387872 0.787544 0.346415 0.784868 0.362274 0.823287 0.339106 0.824201 0.387872 0.787544 0.417053 0.791091 0.387116 0.822499 0.387116 0.822499 0.362274 0.823287 0.387872 0.787544 0.362274 0.823287 0.387116 0.822499 0.359541 0.858246 0.362274 0.823287 0.359541 0.858246 0.338609 0.859439 0.339106 0.824201 0.362274 0.823287 0.338609 0.859439 0.327637 0.822675 0.339106 0.824201 0.338609 0.859439 0.339106 0.824201 0.327637 0.822675 0.346415 0.784868 0.355464 0.893401 0.342266 0.880646 0.359541 0.858246 0.342266 0.880646 0.338609 0.859439 0.359541 0.858246 0.478662 0.77737 0.477901 0.781759 0.446777 0.792573 0.442938 0.788719 0.478662 0.77737 0.446777 0.792573 0.425468 0.825262 0.442938 0.788719 0.446777 0.792573 0.442938 0.788719 0.425468 0.825262 0.417053 0.791091 0.425468 0.825262 0.412509 0.823385 0.417053 0.791091 0.417053 0.791091 0.412509 0.823385 0.387116 0.822499 0.387116 0.822499 0.412509 0.823385 0.386945 0.858143 0.387116 0.822499 0.386945 0.858143 0.359541 0.858246 0.386945 0.858143 0.387 0.895542 0.359541 0.858246 0.387 0.895542 0.355464 0.893401 0.359541 0.858246 0.387 0.895542 0.367751 0.905904 0.355464 0.893401 0.355464 0.893401 0.367751 0.905904 0.336057 0.899057 0.367751 0.905904 0.349711 0.916586 0.336057 0.899057 0.336057 0.899057 0.349711 0.916586 0.330569 0.902686 0.349711 0.916586 0.344005 0.920979 0.330569 0.902686 0.330569 0.902686 0.344005 0.920979 0.31873 0.90887 0.344005 0.920979 0.328977 0.925826 0.31873 0.90887 0.328977 0.925826 0.344005 0.920979 0.341782 0.945492 0.408785 0.858766 0.412509 0.823385 0.425468 0.825262 0.412509 0.823385 0.408785 0.858766 0.386945 0.858143 0.386945 0.858143 0.408785 0.858766 0.387 0.895542 0.408785 0.858766 0.409721 0.892239 0.387 0.895542 0.399343 0.929611 0.385492 0.945495 0.377752 0.927281 0.450538 0.795545 0.476694 0.786344 0.453368 0.799906 0.450538 0.795545 0.446777 0.792573 0.476694 0.786344 0.450538 0.795545 0.432242 0.826579 0.446777 0.792573 0.432242 0.826579 0.425468 0.825262 0.446777 0.792573 0.425468 0.825262 0.432242 0.826579 0.421746 0.859605 0.421746 0.859605 0.408785 0.858766 0.425468 0.825262 0.408785 0.858766 0.421746 0.859605 0.424915 0.888921 0.409721 0.892239 0.408785 0.858766 0.424915 0.888921 0.419033 0.922293 0.409721 0.892239 0.424915 0.888921 0.387 0.895542 0.409721 0.892239 0.419033 0.922293 0.399343 0.929611 0.387 0.895542 0.419033 0.922293 0.387 0.895542 0.399343 0.929611 0.367751 0.905904 0.399343 0.929611 0.377752 0.927281 0.367751 0.905904 0.349711 0.916586 0.367751 0.905904 0.377752 0.927281 0.361301 0.933673 0.349711 0.916586 0.377752 0.927281 0.361301 0.933673 0.377752 0.927281 0.385492 0.945495 0.368957 0.952934 0.361301 0.933673 0.385492 0.945495 0.368957 0.952934 0.385492 0.945495 0.390601 0.959942 0.449438 0.906431 0.435308 0.9149 0.424915 0.888921 0.435308 0.9149 0.419033 0.922293 0.424915 0.888921 0.447351 0.881015 0.45618 0.899412 0.449438 0.906431 0.440414 0.884725 0.447351 0.881015 0.449438 0.906431 0.440414 0.884725 0.449438 0.906431 0.424915 0.888921 0.440414 0.884725 0.424915 0.888921 0.434445 0.859709 0.424915 0.888921 0.421746 0.859605 0.434445 0.859709 0.432242 0.826579 0.434445 0.859709 0.421746 0.859605 0.434445 0.859709 0.432242 0.826579 0.44139 0.85944 0.440414 0.884725 0.434445 0.859709 0.44139 0.85944 0.447351 0.881015 0.440414 0.884725 0.44139 0.85944 0.450538 0.795545 0.453368 0.799906 0.432242 0.826579 0.453368 0.799906 0.438887 0.82783 0.432242 0.826579 0.432242 0.826579 0.438887 0.82783 0.44139 0.85944 0.588 0.919499 0.568791 0.91984 0.587986 0.904555 0.514226 0.927245 0.52679 0.901119 0.534078 0.930363 0.52679 0.901119 0.545939 0.921394 0.534078 0.930363 0.568791 0.91984 0.545939 0.921394 0.52679 0.901119 0.56446 0.90296 0.568791 0.91984 0.52679 0.901119 0.568791 0.91984 0.56446 0.90296 0.587986 0.904555 0.587986 0.904555 0.56446 0.90296 0.587954 0.869754 0.56446 0.90296 0.557296 0.867032 0.587954 0.869754 0.587938 0.82852 0.587954 0.869754 0.557296 0.867032 0.559178 0.826535 0.587938 0.82852 0.557296 0.867032 0.587948 0.792241 0.587938 0.82852 0.559178 0.826535 0.56446 0.90296 0.52679 0.901119 0.557296 0.867032 0.557296 0.867032 0.530447 0.864029 0.559178 0.826535 0.52679 0.901119 0.530447 0.864029 0.557296 0.867032 0.530447 0.864029 0.52679 0.901119 0.504722 0.891366 0.504722 0.891366 0.52679 0.901119 0.493739 0.916053 0.52679 0.901119 0.514226 0.927245 0.493739 0.916053 0.479079 0.82474 0.477848 0.799775 0.485821 0.798028 0.485821 0.798028 0.477848 0.799775 0.476694 0.786344 0.477848 0.799775 0.474643 0.79268 0.476694 0.786344 0.476694 0.786344 0.474643 0.79268 0.453368 0.799906 0.446777 0.792573 0.477901 0.781759 0.476694 0.786344 0.476694 0.786344 0.477901 0.781759 0.485821 0.798028 0.504722 0.891366 0.493739 0.916053 0.475347 0.908777 0.553904 0.790112 0.559178 0.826535 0.532942 0.826428 0.530447 0.864029 0.532942 0.826428 0.559178 0.826535 0.532942 0.826428 0.530447 0.864029 0.510337 0.860883 0.510337 0.860883 0.530447 0.864029 0.504722 0.891366 0.510337 0.860883 0.504722 0.891366 0.488446 0.884381 0.488446 0.884381 0.504722 0.891366 0.475347 0.908777 0.474932 0.878891 0.488446 0.884381 0.475347 0.908777 0.460678 0.898161 0.474932 0.878891 0.475347 0.908777 0.474932 0.878891 0.460678 0.898161 0.454742 0.891738 0.468613 0.870801 0.474932 0.878891 0.454742 0.891738 0.474932 0.878891 0.468613 0.870801 0.482313 0.854299 0.468613 0.870801 0.475456 0.851607 0.482313 0.854299 0.482313 0.854299 0.475456 0.851607 0.486346 0.825554 0.475456 0.851607 0.479079 0.82474 0.486346 0.825554 0.486346 0.825554 0.479079 0.82474 0.485821 0.798028 0.486346 0.825554 0.485821 0.798028 0.492423 0.800405 0.477901 0.781759 0.492423 0.800405 0.485821 0.798028 0.477901 0.781759 0.478662 0.77737 0.492423 0.800405 0.478662 0.77737 0.442938 0.788719 0.452556 0.768369 0.481522 0.771143 0.478662 0.77737 0.452556 0.768369 0.488675 0.713438 0.481522 0.771143 0.452556 0.768369 0.463883 0.711926 0.488675 0.713438 0.452556 0.768369 0.513523 0.6798 0.488675 0.713438 0.463883 0.711926 0.488675 0.713438 0.513523 0.6798 0.513535 0.714954 0.488675 0.713438 0.513535 0.714954 0.481522 0.771143 0.513535 0.714954 0.518154 0.770162 0.481522 0.771143 0.478662 0.77737 0.481522 0.771143 0.518154 0.770162 0.500732 0.794247 0.478662 0.77737 0.518154 0.770162 0.478662 0.77737 0.500732 0.794247 0.492423 0.800405 0.492423 0.800405 0.500732 0.794247 0.497535 0.827565 0.497535 0.827565 0.486346 0.825554 0.492423 0.800405 0.486346 0.825554 0.497535 0.827565 0.495308 0.858785 0.482313 0.854299 0.486346 0.825554 0.495308 0.858785 0.474932 0.878891 0.482313 0.854299 0.488446 0.884381 0.482313 0.854299 0.495308 0.858785 0.488446 0.884381 0.495308 0.858785 0.510337 0.860883 0.488446 0.884381 0.510337 0.860883 0.495308 0.858785 0.497535 0.827565 0.512265 0.826584 0.510337 0.860883 0.497535 0.827565 0.500732 0.794247 0.512265 0.826584 0.497535 0.827565 0.500732 0.794247 0.527427 0.790899 0.512265 0.826584 0.527427 0.790899 0.500732 0.794247 0.518154 0.770162 0.518154 0.770162 0.550387 0.768575 0.527427 0.790899 0.550387 0.768575 0.518154 0.770162 0.513535 0.714954 0.550794 0.714906 0.550387 0.768575 0.513535 0.714954 0.550794 0.714906 0.513535 0.714954 0.513523 0.6798 0.549899 0.674687 0.550794 0.714906 0.513523 0.6798 0.512265 0.826584 0.532942 0.826428 0.510337 0.860883 0.527427 0.790899 0.532942 0.826428 0.512265 0.826584 0.527427 0.790899 0.553904 0.790112 0.532942 0.826428 0.550387 0.768575 0.553904 0.790112 0.527427 0.790899 0.550189 0.667871 0.587958 0.669092 0.587327 0.673617 0.421799 0.766873 0.417053 0.791091 0.38987 0.759988 0.417053 0.791091 0.421799 0.766873 0.442938 0.788719 0.421799 0.766873 0.452556 0.768369 0.442938 0.788719 0.421799 0.766873 0.425585 0.708999 0.452556 0.768369 0.425585 0.708999 0.463883 0.711926 0.452556 0.768369 0.463883 0.711926 0.425585 0.708999 0.465128 0.683788 0.465128 0.683788 0.513523 0.6798 0.463883 0.711926 0.513438 0.669152 0.513523 0.6798 0.465128 0.683788 0.513523 0.6798 0.513438 0.669152 0.549899 0.674687 0.513438 0.669152 0.550189 0.667871 0.549899 0.674687 0.549899 0.674687 0.550189 0.667871 0.587327 0.673617 0.549899 0.674687 0.587327 0.673617 0.550794 0.714906 0.587327 0.673617 0.587956 0.714741 0.550794 0.714906 0.550794 0.714906 0.587956 0.714741 0.550387 0.768575 0.587956 0.714741 0.587289 0.767529 0.550387 0.768575 0.553904 0.790112 0.550387 0.768575 0.587289 0.767529 0.587948 0.792241 0.553904 0.790112 0.587289 0.767529 0.553904 0.790112 0.587948 0.792241 0.559178 0.826535 0.425585 0.708999 0.426393 0.68172 0.465128 0.683788 0.425585 0.708999 0.421799 0.766873 0.38987 0.759988 0.390755 0.707415 0.425585 0.708999 0.38987 0.759988 0.425585 0.708999 0.390755 0.707415 0.426393 0.68172 0.390755 0.707415 0.38981 0.682011 0.426393 0.68172 0.468064 0.661865 0.513438 0.669152 0.465128 0.683788 0.468064 0.661865 0.465128 0.683788 0.426393 0.68172 0.427749 0.660638 0.468064 0.661865 0.426393 0.68172 0.389513 0.660782 0.427749 0.660638 0.426393 0.68172 0.38981 0.682011 0.389513 0.660782 0.426393 0.68172 0.346991 0.660211 0.389513 0.660782 0.38981 0.682011 0.345665 0.683108 0.346991 0.660211 0.38981 0.682011 0.38981 0.682011 0.390755 0.707415 0.345665 0.683108 0.390755 0.707415 0.346425 0.705889 0.345665 0.683108 0.390755 0.707415 0.38987 0.759988 0.346425 0.705889 0.38987 0.759988 0.346411 0.755675 0.346425 0.705889 0.316665 0.660171 0.346991 0.660211 0.31603 0.68323 0.346991 0.660211 0.345665 0.683108 0.31603 0.68323 0.345665 0.683108 0.346425 0.705889 0.31603 0.68323 0.286338 0.660211 0.286396 0.683108 0.243817 0.660782 0.286338 0.660211 0.316665 0.660171 0.286396 0.683108 0.316665 0.660171 0.31603 0.68323 0.286396 0.683108 0.286396 0.683108 0.31603 0.68323 0.316665 0.70542 0.346425 0.705889 0.316665 0.70542 0.31603 0.68323 0.316665 0.70542 0.346425 0.705889 0.315997 0.753271 0.346425 0.705889 0.346411 0.755675 0.315997 0.753271 0.315997 0.753271 0.346411 0.755675 0.316665 0.785912 0.154668 0.77737 0.132598 0.794247 0.150472 0.771143 0.286905 0.705889 0.316665 0.70542 0.285582 0.755675 0.286905 0.705889 0.286396 0.683108 0.316665 0.70542 0.242251 0.682011 0.286396 0.683108 0.286905 0.705889 0.286396 0.683108 0.242251 0.682011 0.243817 0.660782 0.243817 0.660782 0.242251 0.682011 0.2055799 0.660638 0.242251 0.682011 0.205668 0.68172 0.2055799 0.660638 0.2055799 0.660638 0.205668 0.68172 0.166932 0.683788 0.169446 0.711926 0.166932 0.683788 0.205668 0.68172 0.166932 0.683788 0.169446 0.711926 0.144655 0.713438 0.144655 0.713438 0.169446 0.711926 0.150472 0.771143 0.144655 0.713438 0.150472 0.771143 0.113839 0.770162 0.132598 0.794247 0.113839 0.770162 0.150472 0.771143 0.105903 0.790899 0.113839 0.770162 0.132598 0.794247 0.105903 0.790899 0.132598 0.794247 0.100387 0.826428 0.105903 0.790899 0.100387 0.826428 0.07415199 0.826535 0.07603299 0.867032 0.07415199 0.826535 0.100387 0.826428 0.07415199 0.826535 0.07603299 0.867032 0.045376 0.86916 0.04534298 0.903452 0.045376 0.86916 0.07603299 0.867032 0.04538196 0.792241 0.04470396 0.767529 0.08160698 0.768575 0.07942497 0.790112 0.04538196 0.792241 0.08160698 0.768575 0.04538196 0.792241 0.07942497 0.790112 0.04539096 0.82852 0.07942497 0.790112 0.07415199 0.826535 0.04539096 0.82852 0.04539096 0.82852 0.07415199 0.826535 0.045376 0.86916 0.165266 0.661865 0.2055799 0.660638 0.166932 0.683788 0.165266 0.661865 0.166932 0.683788 0.118537 0.6798 0.119892 0.669152 0.165266 0.661865 0.118537 0.6798 0.119892 0.669152 0.118537 0.6798 0.08314096 0.667871 0.118537 0.6798 0.08216196 0.674687 0.08314096 0.667871 0.08314096 0.667871 0.08216196 0.674687 0.04537099 0.669092 0.08216196 0.674687 0.044734 0.673617 0.04537099 0.669092 0.044734 0.673617 0.08216196 0.674687 0.04537296 0.714741 0.08216196 0.674687 0.08253496 0.714906 0.04537296 0.714741 0.04537296 0.714741 0.08253496 0.714906 0.04470396 0.767529 0.08253496 0.714906 0.08160698 0.768575 0.04470396 0.767529 0.08160698 0.768575 0.08253496 0.714906 0.113839 0.770162 0.08160698 0.768575 0.113839 0.770162 0.07942497 0.790112 0.113839 0.770162 0.105903 0.790899 0.07942497 0.790112 0.07942497 0.790112 0.105903 0.790899 0.07415199 0.826535 0.118537 0.6798 0.166932 0.683788 0.144655 0.713438 0.144655 0.713438 0.119795 0.714954 0.118537 0.6798 0.08216196 0.674687 0.118537 0.6798 0.119795 0.714954 0.08253496 0.714906 0.08216196 0.674687 0.119795 0.714954 0.08253496 0.714906 0.119795 0.714954 0.113839 0.770162 0.119795 0.714954 0.144655 0.713438 0.113839 0.770162 0.243817 0.660782 0.243082 0.641819 0.285969 0.64045 0.286338 0.660211 0.243817 0.660782 0.285969 0.64045 0.286338 0.660211 0.285969 0.64045 0.316665 0.660171 0.285969 0.64045 0.316665 0.64015 0.316665 0.660171 0.346991 0.660211 0.316665 0.660171 0.316665 0.64015 0.347361 0.64045 0.346991 0.660211 0.316665 0.64015 0.346991 0.660211 0.347361 0.64045 0.390248 0.641819 0.389513 0.660782 0.346991 0.660211 0.390248 0.641819 0.427749 0.660638 0.389513 0.660782 0.390248 0.641819 0.427875 0.639488 0.427749 0.660638 0.390248 0.641819 0.468064 0.661865 0.427749 0.660638 0.427875 0.639488 0.467654 0.639007 0.468064 0.661865 0.427875 0.639488 0.468064 0.661865 0.467654 0.639007 0.513438 0.669152 0.467654 0.639007 0.516347 0.640283 0.513438 0.669152 0.513438 0.669152 0.516347 0.640283 0.550189 0.667871 0.516347 0.640283 0.55158 0.63657 0.550189 0.667871 0.55158 0.63657 0.587942 0.638152 0.550189 0.667871 0.587942 0.638152 0.587958 0.669092 0.550189 0.667871 0.08314096 0.667871 0.04537099 0.669092 0.04538798 0.638152 0.08174997 0.63657 0.08314096 0.667871 0.04538798 0.638152 0.119892 0.669152 0.08314096 0.667871 0.08174997 0.63657 0.1169829 0.640283 0.119892 0.669152 0.08174997 0.63657 0.165266 0.661865 0.119892 0.669152 0.1169829 0.640283 0.1656759 0.639007 0.165266 0.661865 0.1169829 0.640283 0.165266 0.661865 0.1656759 0.639007 0.2055799 0.660638 0.1656759 0.639007 0.205455 0.639488 0.2055799 0.660638 0.2055799 0.660638 0.205455 0.639488 0.243817 0.660782 0.205455 0.639488 0.243082 0.641819 0.243817 0.660782 0.548681 0.578635 0.573484 0.552179 0.587936 0.579148 0.550173 0.61594 0.548681 0.578635 0.587936 0.579148 0.587941 0.618018 0.550173 0.61594 0.587936 0.579148 0.550173 0.61594 0.587941 0.618018 0.587942 0.638152 0.55158 0.63657 0.550173 0.61594 0.587942 0.638152 0.550173 0.61594 0.55158 0.63657 0.514541 0.620116 0.55158 0.63657 0.516347 0.640283 0.514541 0.620116 0.514541 0.620116 0.516347 0.640283 0.467654 0.639007 0.466298 0.616886 0.514541 0.620116 0.467654 0.639007 0.466298 0.616886 0.467654 0.639007 0.427875 0.639488 0.426621 0.618183 0.466298 0.616886 0.427875 0.639488 0.426621 0.618183 0.427875 0.639488 0.390248 0.641819 0.393785 0.619776 0.426621 0.618183 0.390248 0.641819 0.393785 0.619776 0.390248 0.641819 0.347361 0.64045 0.347856 0.620101 0.393785 0.619776 0.347361 0.64045 0.347856 0.620101 0.347361 0.64045 0.316665 0.64015 0.316665 0.621809 0.347856 0.620101 0.316665 0.64015 0.316665 0.621809 0.316665 0.64015 0.285969 0.64045 0.550173 0.61594 0.514541 0.620116 0.548681 0.578635 0.537538 0.444739 0.498531 0.442654 0.537967 0.396052 0.503238 0.50259 0.498531 0.442654 0.537538 0.444739 0.54073 0.504637 0.503238 0.50259 0.537538 0.444739 0.503238 0.50259 0.54073 0.504637 0.505451 0.532936 0.54073 0.504637 0.543545 0.53096 0.505451 0.532936 0.508165 0.555825 0.505451 0.532936 0.543545 0.53096 0.546844 0.551052 0.508165 0.555825 0.543545 0.53096 0.508165 0.555825 0.546844 0.551052 0.548681 0.578635 0.510667 0.580538 0.508165 0.555825 0.548681 0.578635 0.514541 0.620116 0.510667 0.580538 0.548681 0.578635 0.510667 0.580538 0.514541 0.620116 0.464977 0.580313 0.514541 0.620116 0.466298 0.616886 0.464977 0.580313 0.464977 0.580313 0.466298 0.616886 0.425678 0.580708 0.466298 0.616886 0.426621 0.618183 0.425678 0.580708 0.399808 0.580668 0.425678 0.580708 0.426621 0.618183 0.393785 0.619776 0.399808 0.580668 0.426621 0.618183 0.393785 0.619776 0.371002 0.580475 0.399808 0.580668 0.371002 0.580475 0.393785 0.619776 0.347856 0.620101 0.391762 0.562323 0.399808 0.580668 0.371002 0.580475 0.391762 0.562323 0.411528 0.548661 0.399808 0.580668 0.411528 0.548661 0.425678 0.580708 0.399808 0.580668 0.411528 0.548661 0.423378 0.541646 0.425678 0.580708 0.455894 0.390486 0.419914 0.390519 0.458705 0.358244 0.418987 0.441255 0.419914 0.390519 0.455894 0.390486 0.455082 0.442209 0.418987 0.441255 0.455894 0.390486 0.422602 0.506694 0.418987 0.441255 0.455082 0.442209 0.459096 0.504873 0.422602 0.506694 0.455082 0.442209 0.459096 0.504873 0.462303 0.535205 0.422602 0.506694 0.505451 0.532936 0.462303 0.535205 0.459096 0.504873 0.467076 0.562271 0.462303 0.535205 0.505451 0.532936 0.508165 0.555825 0.467076 0.562271 0.505451 0.532936 0.508165 0.555825 0.510667 0.580538 0.467076 0.562271 0.510667 0.580538 0.464977 0.580313 0.467076 0.562271 0.464977 0.580313 0.425678 0.580708 0.467076 0.562271 0.462303 0.535205 0.467076 0.562271 0.425678 0.580708 0.423378 0.541646 0.462303 0.535205 0.425678 0.580708 0.462303 0.535205 0.423378 0.541646 0.422602 0.506694 0.423378 0.541646 0.411528 0.548661 0.422602 0.506694 0.411528 0.548661 0.38676 0.510019 0.422602 0.506694 0.38676 0.510019 0.411528 0.548661 0.391762 0.562323 0.455894 0.390486 0.458705 0.358244 0.498699 0.392105 0.503238 0.50259 0.505451 0.532936 0.459096 0.504873 0.503238 0.50259 0.459096 0.504873 0.498531 0.442654 0.459096 0.504873 0.455082 0.442209 0.498531 0.442654 0.498531 0.442654 0.455082 0.442209 0.498699 0.392105 0.455082 0.442209 0.455894 0.390486 0.498699 0.392105 0.313181 0.1103259 0.273916 0.114876 0.313592 0.09832102 0.313181 0.1103259 0.312976 0.1583349 0.273916 0.114876 0.312976 0.1583349 0.272489 0.1624419 0.273916 0.114876 0.272489 0.1624419 0.312976 0.1583349 0.311971 0.207485 0.274553 0.205303 0.272489 0.1624419 0.311971 0.207485 0.274553 0.205303 0.311971 0.207485 0.272607 0.258372 0.311971 0.207485 0.312156 0.257921 0.272607 0.258372 0.271762 0.325431 0.272607 0.258372 0.312156 0.257921 0.311962 0.328877 0.271762 0.325431 0.312156 0.257921 0.270907 0.3560881 0.271762 0.325431 0.311962 0.328877 0.246894 0.353846 0.247255 0.390253 0.210399 0.354335 0.246894 0.353846 0.210399 0.354335 0.24595 0.324698 0.246894 0.353846 0.24595 0.324698 0.271762 0.325431 0.271762 0.325431 0.24595 0.324698 0.24621 0.256148 0.272607 0.258372 0.271762 0.325431 0.24621 0.256148 0.24621 0.256148 0.24334 0.207957 0.272607 0.258372 0.24334 0.207957 0.274553 0.205303 0.272607 0.258372 0.24334 0.207957 0.246823 0.170592 0.274553 0.205303 0.246823 0.170592 0.272489 0.1624419 0.274553 0.205303 0.272489 0.1624419 0.246823 0.170592 0.242418 0.1184369 0.273916 0.114876 0.272489 0.1624419 0.242418 0.1184369 0.273916 0.114876 0.242418 0.1184369 0.271495 0.09198397 0.273916 0.114876 0.271495 0.09198397 0.313592 0.09832102 0.312072 0.05842697 0.313592 0.09832102 0.271495 0.09198397 0.266226 0.06992101 0.312072 0.05842697 0.271495 0.09198397 0.312072 0.05842697 0.266226 0.06992101 0.268609 0.06371498 0.268609 0.06371498 0.266226 0.06992101 0.245078 0.05545198 0.245078 0.05545198 0.2472569 0.03947299 0.268609 0.06371498 0.1284109 0.09065198 0.134131 0.125333 0.1000069 0.070827 0.210399 0.354335 0.206598 0.325197 0.24595 0.324698 0.206598 0.325197 0.204147 0.255345 0.24595 0.324698 0.204147 0.255345 0.24621 0.256148 0.24595 0.324698 0.24334 0.207957 0.24621 0.256148 0.204147 0.255345 0.200286 0.2045789 0.24334 0.207957 0.204147 0.255345 0.200286 0.2045789 0.2021729 0.150614 0.24334 0.207957 0.169526 0.1466339 0.2021729 0.150614 0.200286 0.2045789 0.2021729 0.150614 0.169526 0.1466339 0.172854 0.1203169 0.172854 0.1203169 0.169526 0.1466339 0.134131 0.125333 0.172854 0.1203169 0.134131 0.125333 0.172579 0.1036469 0.134131 0.125333 0.1284109 0.09065198 0.172579 0.1036469 0.1284109 0.09065198 0.1298519 0.05491602 0.172579 0.1036469 0.1298519 0.05491602 0.1284109 0.09065198 0.1000069 0.070827 0.103128 0.05511897 0.1298519 0.05491602 0.1000069 0.070827 0.06040996 0.05728 0.103128 0.05511897 0.1000069 0.070827 0.103128 0.05511897 0.06040996 0.05728 0.06392699 0.04086798 0.101849 0.03711402 0.103128 0.05511897 0.06392699 0.04086798 0.103128 0.05511897 0.101849 0.03711402 0.133192 0.03314 0.1298519 0.05491602 0.1764169 0.05775398 0.172579 0.1036469 0.172579 0.1036469 0.1764169 0.05775398 0.194247 0.095335 0.172854 0.1203169 0.172579 0.1036469 0.194247 0.095335 0.1764169 0.05775398 0.20342 0.07105398 0.194247 0.095335 0.20342 0.07105398 0.243046 0.06131798 0.194247 0.095335 0.243046 0.06131798 0.243609 0.09755498 0.194247 0.095335 0.242418 0.1184369 0.246823 0.170592 0.202038 0.1228619 0.1298519 0.05491602 0.103128 0.05511897 0.133192 0.03314 0.1764169 0.05775398 0.1298519 0.05491602 0.133192 0.03314 0.178309 0.03092098 0.1764169 0.05775398 0.133192 0.03314 0.1764169 0.05775398 0.178309 0.03092098 0.20342 0.07105398 0.178309 0.03092098 0.21511 0.04466301 0.20342 0.07105398 0.243046 0.06131798 0.20342 0.07105398 0.21511 0.04466301 0.245078 0.05545198 0.243046 0.06131798 0.21511 0.04466301 0.266226 0.06992101 0.243046 0.06131798 0.245078 0.05545198 0.243046 0.06131798 0.266226 0.06992101 0.243609 0.09755498 0.266226 0.06992101 0.271495 0.09198397 0.243609 0.09755498 0.242418 0.1184369 0.243609 0.09755498 0.271495 0.09198397 0.243609 0.09755498 0.242418 0.1184369 0.194247 0.095335 0.242418 0.1184369 0.202038 0.1228619 0.194247 0.095335 0.202038 0.1228619 0.172854 0.1203169 0.194247 0.095335 0.202038 0.1228619 0.2021729 0.150614 0.172854 0.1203169 0.246823 0.170592 0.2021729 0.150614 0.202038 0.1228619 0.2021729 0.150614 0.246823 0.170592 0.24334 0.207957 0.025671 0.03985399 0.02646696 0.02894502 0.06409496 0.03062897 0.2189429 0.02979099 0.2472569 0.03947299 0.245078 0.05545198 0.21511 0.04466301 0.2189429 0.02979099 0.245078 0.05545198 0.176922 0.01422798 0.2189429 0.02979099 0.21511 0.04466301 0.178309 0.03092098 0.176922 0.01422798 0.21511 0.04466301 0.132142 0.01885801 0.176922 0.01422798 0.178309 0.03092098 0.133192 0.03314 0.132142 0.01885801 0.178309 0.03092098 0.09978199 0.02384197 0.132142 0.01885801 0.133192 0.03314 0.101849 0.03711402 0.09978199 0.02384197 0.133192 0.03314 0.06409496 0.03062897 0.09978199 0.02384197 0.101849 0.03711402 0.06392699 0.04086798 0.06409496 0.03062897 0.101849 0.03711402 0.06392699 0.04086798 0.025671 0.03985399 0.06409496 0.03062897 0.025671 0.03985399 0.06392699 0.04086798 0.06040996 0.05728 0.02519297 0.05772399 0.025671 0.03985399 0.06040996 0.05728 0.02519297 0.05772399 0.06040996 0.05728 0.06204795 0.116572 0.02723699 0.09803497 0.02519297 0.05772399 0.06204795 0.116572 0.06204795 0.116572 0.06401801 0.129839 0.02723699 0.09803497 0.06401801 0.129839 0.02323895 0.11 0.02723699 0.09803497 0.06401801 0.129839 0.06303399 0.1672769 0.02323895 0.11 0.06303399 0.1672769 0.02123898 0.157989 0.02323895 0.11 0.02123898 0.157989 0.06303399 0.1672769 0.06519097 0.204253 0.01843994 0.2071189 0.02123898 0.157989 0.06519097 0.204253 0.06519097 0.204253 0.06378096 0.267057 0.01843994 0.2071189 0.06378096 0.267057 0.02583295 0.257983 0.01843994 0.2071189 0.02583295 0.257983 0.06378096 0.267057 0.06618797 0.334315 0.033755 0.329359 0.02583295 0.257983 0.06618797 0.334315 0.03001397 0.356138 0.033755 0.329359 0.06618797 0.334315 0.0643 0.358505 0.03001397 0.356138 0.06618797 0.334315 0.03001397 0.356138 0.0643 0.358505 0.02549195 0.389875 0.0643 0.358505 0.06720197 0.394163 0.02549195 0.389875 0.02788996 0.437474 0.02549195 0.389875 0.06720197 0.394163 0.06882399 0.43855 0.02788996 0.437474 0.06720197 0.394163 0.01934498 0.476915 0.02788996 0.437474 0.06882399 0.43855 0.06563395 0.507259 0.01934498 0.476915 0.06882399 0.43855 0.06563395 0.507259 0.008967995 0.497411 0.01934498 0.476915 0.008967995 0.497411 0.06563395 0.507259 0.008353948 0.49993 0.06563395 0.507259 0.04746598 0.512118 0.008353948 0.49993 0.095739 0.148643 0.06303399 0.1672769 0.06401801 0.129839 0.06303399 0.1672769 0.095739 0.148643 0.09563601 0.203059 0.09563601 0.203059 0.095739 0.148643 0.134657 0.2199169 0.09563601 0.203059 0.134657 0.2199169 0.1285949 0.258769 0.09576797 0.261514 0.09563601 0.203059 0.1285949 0.258769 0.09458196 0.335702 0.09576797 0.261514 0.1285949 0.258769 0.06378096 0.267057 0.09576797 0.261514 0.09458196 0.335702 0.09563601 0.203059 0.09576797 0.261514 0.06378096 0.267057 0.06519097 0.204253 0.09563601 0.203059 0.06378096 0.267057 0.06519097 0.204253 0.06303399 0.1672769 0.09563601 0.203059 0.0643 0.358505 0.06618797 0.334315 0.09458196 0.335702 0.06618797 0.334315 0.06378096 0.267057 0.09458196 0.335702 0.100536 0.124405 0.06401801 0.129839 0.06204795 0.116572 0.100536 0.124405 0.095739 0.148643 0.06401801 0.129839 0.134268 0.1501159 0.095739 0.148643 0.100536 0.124405 0.095739 0.148643 0.134268 0.1501159 0.134657 0.2199169 0.134657 0.2199169 0.134268 0.1501159 0.169632 0.2009389 0.169632 0.2009389 0.166944 0.258866 0.134657 0.2199169 0.166944 0.258866 0.1285949 0.258769 0.134657 0.2199169 0.13178 0.331771 0.1285949 0.258769 0.166944 0.258866 0.13178 0.331771 0.09458196 0.335702 0.1285949 0.258769 0.09395498 0.361589 0.09458196 0.335702 0.13178 0.331771 0.09395498 0.361589 0.0643 0.358505 0.09458196 0.335702 0.09395498 0.361589 0.09492498 0.396052 0.0643 0.358505 0.09492498 0.396052 0.06720197 0.394163 0.0643 0.358505 0.06882399 0.43855 0.06720197 0.394163 0.09492498 0.396052 0.06563395 0.507259 0.06882399 0.43855 0.09535396 0.444739 0.09535396 0.444739 0.06882399 0.43855 0.09492498 0.396052 0.09535396 0.444739 0.09492498 0.396052 0.134194 0.392105 0.134194 0.392105 0.09492498 0.396052 0.09395498 0.361589 0.1329489 0.3570351 0.134194 0.392105 0.09395498 0.361589 0.1329489 0.3570351 0.09395498 0.361589 0.13178 0.331771 0.1329489 0.3570351 0.13178 0.331771 0.171665 0.326826 0.171665 0.326826 0.13178 0.331771 0.166944 0.258866 0.206598 0.325197 0.171665 0.326826 0.166944 0.258866 0.204147 0.255345 0.206598 0.325197 0.166944 0.258866 0.204147 0.255345 0.166944 0.258866 0.200286 0.2045789 0.166944 0.258866 0.169632 0.2009389 0.200286 0.2045789 0.169632 0.2009389 0.169526 0.1466339 0.200286 0.2045789 0.134268 0.1501159 0.169526 0.1466339 0.169632 0.2009389 0.169526 0.1466339 0.134268 0.1501159 0.134131 0.125333 0.134131 0.125333 0.134268 0.1501159 0.100536 0.124405 0.134131 0.125333 0.100536 0.124405 0.1000069 0.070827 0.1000069 0.070827 0.100536 0.124405 0.06204795 0.116572 0.06204795 0.116572 0.06040996 0.05728 0.1000069 0.070827 0.045798 0.530753 0.04700398 0.512287 0.06563395 0.507259 0.04538899 0.618018 0.045394 0.579148 0.08464896 0.578635 0.08464896 0.578635 0.045394 0.579148 0.04523795 0.552748 0.05940896 0.552179 0.08464896 0.578635 0.04523795 0.552748 0.05940896 0.552179 0.04523795 0.552748 0.045798 0.530753 0.06145095 0.530706 0.05940896 0.552179 0.045798 0.530753 0.06145095 0.530706 0.045798 0.530753 0.06563395 0.507259 0.06145095 0.530706 0.06563395 0.507259 0.09216195 0.504637 0.09216195 0.504637 0.06563395 0.507259 0.09535396 0.444739 0.09216195 0.504637 0.09535396 0.444739 0.134361 0.442654 0.134361 0.442654 0.09535396 0.444739 0.134194 0.392105 0.134361 0.442654 0.134194 0.392105 0.176999 0.390486 0.176999 0.390486 0.134194 0.392105 0.1329489 0.3570351 0.174187 0.358244 0.176999 0.390486 0.1329489 0.3570351 0.174187 0.358244 0.1329489 0.3570351 0.171665 0.326826 0.210399 0.354335 0.174187 0.358244 0.171665 0.326826 0.206598 0.325197 0.210399 0.354335 0.171665 0.326826 0.05940896 0.552179 0.086048 0.551052 0.08464896 0.578635 0.08934795 0.53096 0.086048 0.551052 0.05940896 0.552179 0.06145095 0.530706 0.08934795 0.53096 0.05940896 0.552179 0.08934795 0.53096 0.06145095 0.530706 0.09216195 0.504637 0.09216195 0.504637 0.129654 0.50259 0.08934795 0.53096 0.129654 0.50259 0.09216195 0.504637 0.134361 0.442654 0.129654 0.50259 0.134361 0.442654 0.177811 0.442209 0.177811 0.442209 0.134361 0.442654 0.176999 0.390486 0.177811 0.442209 0.176999 0.390486 0.212978 0.390519 0.212978 0.390519 0.176999 0.390486 0.210399 0.354335 0.176999 0.390486 0.174187 0.358244 0.210399 0.354335 0.129654 0.50259 0.127441 0.532936 0.08934795 0.53096 0.086048 0.551052 0.08934795 0.53096 0.127441 0.532936 0.08174997 0.63657 0.04538798 0.638152 0.04538899 0.618018 0.08315598 0.61594 0.08174997 0.63657 0.04538899 0.618018 0.08315598 0.61594 0.04538899 0.618018 0.08464896 0.578635 0.08315598 0.61594 0.08464896 0.578635 0.122663 0.580538 0.122663 0.580538 0.08464896 0.578635 0.086048 0.551052 0.124727 0.555825 0.122663 0.580538 0.086048 0.551052 0.124727 0.555825 0.086048 0.551052 0.127441 0.532936 0.124727 0.555825 0.127441 0.532936 0.170589 0.535205 0.127441 0.532936 0.129654 0.50259 0.170589 0.535205 0.129654 0.50259 0.1737959 0.504873 0.170589 0.535205 0.1737959 0.504873 0.129654 0.50259 0.177811 0.442209 0.1737959 0.504873 0.177811 0.442209 0.213906 0.441255 0.213906 0.441255 0.177811 0.442209 0.212978 0.390519 0.213906 0.441255 0.212978 0.390519 0.247255 0.390253 0.247255 0.390253 0.212978 0.390519 0.210399 0.354335 0.118789 0.620116 0.08315598 0.61594 0.122663 0.580538 0.270907 0.3560881 0.246894 0.353846 0.271762 0.325431 0.270907 0.3560881 0.270604 0.39269 0.246894 0.353846 0.270604 0.39269 0.247255 0.390253 0.246894 0.353846 0.246288 0.442982 0.247255 0.390253 0.270604 0.39269 0.246288 0.442982 0.213906 0.441255 0.247255 0.390253 0.210291 0.506694 0.213906 0.441255 0.246288 0.442982 0.210291 0.506694 0.1737959 0.504873 0.213906 0.441255 0.1737959 0.504873 0.210291 0.506694 0.209515 0.541646 0.170589 0.535205 0.1737959 0.504873 0.209515 0.541646 0.170589 0.535205 0.209515 0.541646 0.165818 0.562271 0.165818 0.562271 0.124727 0.555825 0.170589 0.535205 0.124727 0.555825 0.165818 0.562271 0.168352 0.580313 0.122663 0.580538 0.124727 0.555825 0.168352 0.580313 0.122663 0.580538 0.168352 0.580313 0.167031 0.616886 0.118789 0.620116 0.122663 0.580538 0.167031 0.616886 0.118789 0.620116 0.167031 0.616886 0.1169829 0.640283 0.08315598 0.61594 0.118789 0.620116 0.1169829 0.640283 0.08174997 0.63657 0.08315598 0.61594 0.1169829 0.640283 0.167031 0.616886 0.168352 0.580313 0.206708 0.618183 0.168352 0.580313 0.207651 0.580708 0.206708 0.618183 0.168352 0.580313 0.165818 0.562271 0.207651 0.580708 0.209515 0.541646 0.207651 0.580708 0.165818 0.562271 0.2335219 0.580668 0.239544 0.619776 0.207651 0.580708 0.239544 0.619776 0.206708 0.618183 0.207651 0.580708 0.206708 0.618183 0.239544 0.619776 0.205455 0.639488 0.206708 0.618183 0.205455 0.639488 0.1656759 0.639007 0.167031 0.616886 0.206708 0.618183 0.1656759 0.639007 0.167031 0.616886 0.1656759 0.639007 0.1169829 0.640283 0.239544 0.619776 0.243082 0.641819 0.205455 0.639488 0.285473 0.620101 0.316665 0.621809 0.285969 0.64045 0.285473 0.620101 0.285969 0.64045 0.243082 0.641819 0.239544 0.619776 0.285473 0.620101 0.243082 0.641819 0.262787 0.58047 0.285473 0.620101 0.239544 0.619776 0.262787 0.58047 0.239544 0.619776 0.2335219 0.580668 0.241137 0.562323 0.262787 0.58047 0.2335219 0.580668 0.241137 0.562323 0.2335219 0.580668 0.207651 0.580708 0.221365 0.548661 0.241137 0.562323 0.207651 0.580708 0.221365 0.548661 0.207651 0.580708 0.209515 0.541646 0.221365 0.548661 0.209515 0.541646 0.246132 0.510019 0.209515 0.541646 0.210291 0.506694 0.246132 0.510019 0.246132 0.510019 0.210291 0.506694 0.246288 0.442982 0.246132 0.510019 0.246288 0.442982 0.276599 0.442082 0.276599 0.442082 0.246288 0.442982 0.270604 0.39269 0.276599 0.442082 0.270604 0.39269 0.310293 0.389575 0.270604 0.39269 0.270907 0.3560881 0.310293 0.389575 0.270907 0.3560881 0.310859 0.355775 0.310293 0.389575 0.310859 0.355775 0.270907 0.3560881 0.311962 0.328877 0.281281 0.480728 0.246132 0.510019 0.276599 0.442082 0.371002 0.580475 0.347856 0.620101 0.339252 0.580346 0.339252 0.580346 0.347856 0.620101 0.316665 0.621809 0.316665 0.580896 0.339252 0.580346 0.316665 0.621809 0.316665 0.580896 0.316665 0.621809 0.285473 0.620101 0.294078 0.580346 0.316665 0.580896 0.285473 0.620101 0.285473 0.620101 0.262787 0.58047 0.294078 0.580346 0.262787 0.58047 0.275787 0.552535 0.294078 0.580346 0.275787 0.552535 0.262787 0.58047 0.241137 0.562323 0.256845 0.531222 0.275787 0.552535 0.241137 0.562323 0.256845 0.531222 0.241137 0.562323 0.221365 0.548661 0.246132 0.510019 0.256845 0.531222 0.221365 0.548661 0.301813 0.510679 0.256845 0.531222 0.246132 0.510019 0.281281 0.480728 0.301813 0.510679 0.246132 0.510019 0.316766 0.494113 0.301813 0.510679 0.281281 0.480728 0.316849 0.473233 0.316766 0.494113 0.281281 0.480728 0.316849 0.473233 0.281281 0.480728 0.312421 0.436683 0.281281 0.480728 0.276599 0.442082 0.312421 0.436683 0.312421 0.436683 0.276599 0.442082 0.310293 0.389575 0.313974 0.466224 0.316446 0.46617 0.301813 0.510679 0.275787 0.552535 0.256845 0.531222 0.301813 0.510679 0.316446 0.554298 0.299528 0.554213 0.301672 0.530661 0.371002 0.580475 0.339252 0.580346 0.333364 0.554213 0.316446 0.554298 0.333364 0.554213 0.339252 0.580346 0.316446 0.554298 0.316446 0.528763 0.333364 0.554213 0.316446 0.528763 0.316446 0.554298 0.301672 0.530661 0.316446 0.528763 0.301672 0.530661 0.316446 0.510721 0.376047 0.531222 0.38676 0.510019 0.391762 0.562323 0.376047 0.531222 0.391762 0.562323 0.371002 0.580475 0.357105 0.552535 0.376047 0.531222 0.371002 0.580475 0.357105 0.552535 0.371002 0.580475 0.333364 0.554213 0.33122 0.530661 0.357105 0.552535 0.333364 0.554213 0.316446 0.528763 0.33122 0.530661 0.333364 0.554213 0.33122 0.530661 0.316446 0.528763 0.328437 0.510091 0.316446 0.528763 0.316446 0.510721 0.328437 0.510091 0.318919 0.466224 0.328437 0.510091 0.316446 0.510721 0.316446 0.46617 0.318919 0.466224 0.316446 0.510721 0.316446 0.46617 0.316446 0.510721 0.301813 0.510679 0.301672 0.530661 0.301813 0.510679 0.316446 0.510721 0.301672 0.530661 0.275787 0.552535 0.301813 0.510679 0.301672 0.530661 0.299528 0.554213 0.275787 0.552535 0.275787 0.552535 0.299528 0.554213 0.294078 0.580346 0.316665 0.580896 0.294078 0.580346 0.299528 0.554213 0.316446 0.554298 0.316665 0.580896 0.299528 0.554213 0.316665 0.580896 0.316446 0.554298 0.339252 0.580346 0.316126 0.494113 0.316043 0.473233 0.328437 0.510091 0.357105 0.552535 0.33122 0.530661 0.376047 0.531222 0.33122 0.530661 0.328437 0.510091 0.376047 0.531222 0.328437 0.510091 0.351611 0.480728 0.376047 0.531222 0.316043 0.473233 0.351611 0.480728 0.328437 0.510091 0.351611 0.480728 0.316043 0.473233 0.356293 0.442082 0.316043 0.473233 0.320471 0.436683 0.356293 0.442082 0.356293 0.442082 0.320471 0.436683 0.362289 0.39269 0.320471 0.436683 0.322599 0.389575 0.362289 0.39269 0.362289 0.39269 0.322599 0.389575 0.322033 0.355775 0.361986 0.3560881 0.362289 0.39269 0.322033 0.355775 0.362289 0.39269 0.361986 0.3560881 0.385637 0.390253 0.356293 0.442082 0.362289 0.39269 0.385637 0.390253 0.386604 0.442982 0.356293 0.442082 0.385637 0.390253 0.351611 0.480728 0.356293 0.442082 0.386604 0.442982 0.38676 0.510019 0.351611 0.480728 0.386604 0.442982 0.351611 0.480728 0.38676 0.510019 0.376047 0.531222 0.422602 0.506694 0.38676 0.510019 0.418987 0.441255 0.38676 0.510019 0.386604 0.442982 0.418987 0.441255 0.418987 0.441255 0.386604 0.442982 0.419914 0.390519 0.386604 0.442982 0.385637 0.390253 0.419914 0.390519 0.385637 0.390253 0.385998 0.353846 0.419914 0.390519 0.361986 0.3560881 0.385998 0.353846 0.385637 0.390253 0.385998 0.353846 0.422494 0.354335 0.419914 0.390519 0.320922 0.207485 0.321516 0.1583349 0.361805 0.205303 0.320922 0.207485 0.361805 0.205303 0.320736 0.257921 0.361805 0.205303 0.360285 0.258372 0.320736 0.257921 0.32093 0.328877 0.320736 0.257921 0.360285 0.258372 0.36113 0.325431 0.32093 0.328877 0.360285 0.258372 0.322033 0.355775 0.32093 0.328877 0.36113 0.325431 0.361986 0.3560881 0.322033 0.355775 0.36113 0.325431 0.361986 0.3560881 0.36113 0.325431 0.386942 0.324698 0.385998 0.353846 0.361986 0.3560881 0.386942 0.324698 0.385998 0.353846 0.386942 0.324698 0.426294 0.325197 0.422494 0.354335 0.385998 0.353846 0.426294 0.325197 0.422494 0.354335 0.426294 0.325197 0.458705 0.358244 0.419914 0.390519 0.422494 0.354335 0.458705 0.358244 0.428745 0.255345 0.465948 0.258866 0.461228 0.326826 0.426294 0.325197 0.428745 0.255345 0.461228 0.326826 0.428745 0.255345 0.426294 0.325197 0.386683 0.256148 0.426294 0.325197 0.386942 0.324698 0.386683 0.256148 0.360285 0.258372 0.386683 0.256148 0.386942 0.324698 0.36113 0.325431 0.360285 0.258372 0.386942 0.324698 0.386683 0.256148 0.360285 0.258372 0.361805 0.205303 0.426294 0.325197 0.461228 0.326826 0.458705 0.358244 0.394601 0.170592 0.362003 0.1624419 0.365693 0.114876 0.365693 0.114876 0.362003 0.1624419 0.321311 0.1103259 0.362003 0.1624419 0.321516 0.1583349 0.321311 0.1103259 0.321516 0.1583349 0.362003 0.1624419 0.361805 0.205303 0.361805 0.205303 0.362003 0.1624419 0.391285 0.207957 0.391285 0.207957 0.386683 0.256148 0.361805 0.205303 0.391285 0.207957 0.432606 0.2045789 0.386683 0.256148 0.432606 0.2045789 0.428745 0.255345 0.386683 0.256148 0.428745 0.255345 0.432606 0.2045789 0.464797 0.2009389 0.465948 0.258866 0.428745 0.255345 0.464797 0.2009389 0.465948 0.258866 0.464797 0.2009389 0.504298 0.258769 0.461228 0.326826 0.465948 0.258866 0.504298 0.258769 0.501112 0.331771 0.461228 0.326826 0.504298 0.258769 0.458705 0.358244 0.461228 0.326826 0.501112 0.331771 0.499944 0.3570351 0.458705 0.358244 0.501112 0.331771 0.458705 0.358244 0.499944 0.3570351 0.498699 0.392105 0.498699 0.392105 0.499944 0.3570351 0.537967 0.396052 0.498531 0.442654 0.498699 0.392105 0.537967 0.396052 0.362003 0.1624419 0.394601 0.170592 0.391285 0.207957 0.391285 0.207957 0.394601 0.170592 0.432606 0.2045789 0.432606 0.2045789 0.434052 0.150614 0.464797 0.2009389 0.394601 0.170592 0.434052 0.150614 0.432606 0.2045789 0.434052 0.150614 0.394601 0.170592 0.390028 0.1184369 0.390028 0.1184369 0.394601 0.170592 0.365693 0.114876 0.416947 0.02979099 0.42078 0.04466301 0.388633 0.03947299 0.42078 0.04466301 0.391959 0.05545198 0.388633 0.03947299 0.388633 0.03947299 0.391959 0.05545198 0.367255 0.042122 0.391959 0.05545198 0.369576 0.06371498 0.367255 0.042122 0.367255 0.042122 0.369576 0.06371498 0.327146 0.032853 0.369576 0.06371498 0.325017 0.04068303 0.327146 0.032853 0.325017 0.04068303 0.369576 0.06371498 0.369664 0.06992101 0.323818 0.05842697 0.325017 0.04068303 0.369664 0.06992101 0.323818 0.05842697 0.369664 0.06992101 0.3209 0.09832102 0.369664 0.06992101 0.367191 0.09198397 0.3209 0.09832102 0.321311 0.1103259 0.3209 0.09832102 0.367191 0.09198397 0.365693 0.114876 0.321311 0.1103259 0.367191 0.09198397 0.365693 0.114876 0.367191 0.09198397 0.390883 0.09755498 0.390028 0.1184369 0.365693 0.114876 0.390883 0.09755498 0.433477 0.1228619 0.390028 0.1184369 0.390883 0.09755498 0.433477 0.1228619 0.434052 0.150614 0.390028 0.1184369 0.463233 0.1466339 0.434052 0.150614 0.433477 0.1228619 0.434052 0.150614 0.463233 0.1466339 0.464797 0.2009389 0.613253 0.157989 0.571458 0.1672769 0.572207 0.129839 0.611253 0.11 0.613253 0.157989 0.572207 0.129839 0.611253 0.11 0.572207 0.129839 0.569769 0.116572 0.607255 0.09803497 0.611253 0.11 0.569769 0.116572 0.569769 0.116572 0.567284 0.068448 0.607255 0.09803497 0.567284 0.068448 0.610697 0.05772399 0.607255 0.09803497 0.610697 0.05772399 0.567284 0.068448 0.610219 0.03985399 0.567284 0.068448 0.571963 0.04086798 0.610219 0.03985399 0.610219 0.03985399 0.571963 0.04086798 0.609423 0.02894502 0.571963 0.04086798 0.571795 0.03062897 0.609423 0.02894502 0.571795 0.03062897 0.571963 0.04086798 0.536109 0.02384197 0.571963 0.04086798 0.534041 0.03711402 0.536109 0.02384197 0.536109 0.02384197 0.534041 0.03711402 0.503748 0.01885801 0.534041 0.03711402 0.502698 0.03314 0.503748 0.01885801 0.503748 0.01885801 0.502698 0.03314 0.454752 0.01746201 0.502698 0.03314 0.45758 0.03092098 0.454752 0.01746201 0.454752 0.01746201 0.45758 0.03092098 0.416947 0.02979099 0.45758 0.03092098 0.42078 0.04466301 0.416947 0.02979099 0.571963 0.04086798 0.567284 0.068448 0.534041 0.03711402 0.369664 0.06992101 0.392844 0.06131798 0.367191 0.09198397 0.369664 0.06992101 0.369576 0.06371498 0.392844 0.06131798 0.369576 0.06371498 0.391959 0.05545198 0.392844 0.06131798 0.392844 0.06131798 0.391959 0.05545198 0.430423 0.07105398 0.391959 0.05545198 0.42078 0.04466301 0.430423 0.07105398 0.459414 0.05691099 0.430423 0.07105398 0.42078 0.04466301 0.45758 0.03092098 0.459414 0.05691099 0.42078 0.04466301 0.502183 0.05385899 0.459414 0.05691099 0.45758 0.03092098 0.502698 0.03314 0.502183 0.05385899 0.45758 0.03092098 0.502183 0.05385899 0.502698 0.03314 0.534041 0.03711402 0.537546 0.05532997 0.502183 0.05385899 0.534041 0.03711402 0.567284 0.068448 0.537546 0.05532997 0.534041 0.03711402 0.537546 0.05532997 0.567284 0.068448 0.569769 0.116572 0.537161 0.070827 0.537546 0.05532997 0.569769 0.116572 0.569769 0.116572 0.572207 0.129839 0.537161 0.070827 0.572207 0.129839 0.539155 0.124405 0.537161 0.070827 0.572207 0.129839 0.571458 0.1672769 0.539155 0.124405 0.571458 0.1672769 0.535957 0.14691 0.539155 0.124405 0.430423 0.07105398 0.459414 0.05691099 0.461913 0.1036469 0.461913 0.1036469 0.459414 0.05691099 0.504208 0.09065198 0.459414 0.05691099 0.502183 0.05385899 0.504208 0.09065198 0.502183 0.05385899 0.537546 0.05532997 0.504208 0.09065198 0.537546 0.05532997 0.537161 0.070827 0.504208 0.09065198 0.537161 0.070827 0.539155 0.124405 0.504208 0.09065198 0.539155 0.124405 0.510759 0.125333 0.504208 0.09065198 0.539155 0.124405 0.535957 0.14691 0.510759 0.125333 0.535957 0.14691 0.509755 0.151849 0.510759 0.125333 0.509755 0.151849 0.535957 0.14691 0.53572 0.203059 0.53572 0.203059 0.535957 0.14691 0.573848 0.204253 0.535957 0.14691 0.571458 0.1672769 0.573848 0.204253 0.510759 0.125333 0.509755 0.151849 0.465104 0.1203169 0.510759 0.125333 0.465104 0.1203169 0.504208 0.09065198 0.465104 0.1203169 0.461913 0.1036469 0.504208 0.09065198 0.440245 0.095335 0.433477 0.1228619 0.390883 0.09755498 0.538937 0.361589 0.53831 0.335702 0.566704 0.334315 0.566704 0.334315 0.53831 0.335702 0.537125 0.261514 0.569112 0.267057 0.566704 0.334315 0.537125 0.261514 0.573848 0.204253 0.569112 0.267057 0.537125 0.261514 0.53572 0.203059 0.573848 0.204253 0.537125 0.261514 0.53572 0.203059 0.537125 0.261514 0.510736 0.2199169 0.510736 0.2199169 0.509755 0.151849 0.53572 0.203059 0.463233 0.1466339 0.509755 0.151849 0.510736 0.2199169 0.509755 0.151849 0.463233 0.1466339 0.465104 0.1203169 0.465104 0.1203169 0.463233 0.1466339 0.433477 0.1228619 0.465104 0.1203169 0.433477 0.1228619 0.461913 0.1036469 0.433477 0.1228619 0.440245 0.095335 0.461913 0.1036469 0.440245 0.095335 0.430423 0.07105398 0.461913 0.1036469 0.430423 0.07105398 0.440245 0.095335 0.390883 0.09755498 0.392844 0.06131798 0.430423 0.07105398 0.390883 0.09755498 0.392844 0.06131798 0.390883 0.09755498 0.367191 0.09198397 0.464797 0.2009389 0.463233 0.1466339 0.510736 0.2199169 0.464797 0.2009389 0.510736 0.2199169 0.504298 0.258769 0.537125 0.261514 0.504298 0.258769 0.510736 0.2199169 0.501112 0.331771 0.504298 0.258769 0.537125 0.261514 0.53831 0.335702 0.501112 0.331771 0.537125 0.261514 0.499944 0.3570351 0.501112 0.331771 0.53831 0.335702 0.538937 0.361589 0.499944 0.3570351 0.53831 0.335702 0.499944 0.3570351 0.538937 0.361589 0.537967 0.396052 0.537967 0.396052 0.538937 0.361589 0.56569 0.394163 0.537538 0.444739 0.537967 0.396052 0.56569 0.394163 0.564068 0.43855 0.537538 0.444739 0.56569 0.394163 0.54073 0.504637 0.537538 0.444739 0.564068 0.43855 0.567258 0.507259 0.54073 0.504637 0.564068 0.43855 0.543545 0.53096 0.54073 0.504637 0.567258 0.507259 0.571441 0.530706 0.543545 0.53096 0.567258 0.507259 0.543545 0.53096 0.571441 0.530706 0.546844 0.551052 0.571441 0.530706 0.573484 0.552179 0.546844 0.551052 0.573484 0.552179 0.548681 0.578635 0.546844 0.551052 0.573484 0.552179 0.587655 0.552748 0.587936 0.579148 0.573484 0.552179 0.571441 0.530706 0.587655 0.552748 0.571441 0.530706 0.587094 0.530753 0.587655 0.552748 0.587094 0.530753 0.571441 0.530706 0.586082 0.513364 0.571441 0.530706 0.567258 0.507259 0.586082 0.513364 0.902228 0.489175 0.89762 0.507493 0.9627 0.48416 0.89762 0.507493 0.967825 0.504566 0.9627 0.48416 0.900975 0.464765 0.902228 0.489175 0.959966 0.46391 0.902228 0.489175 0.9627 0.48416 0.959966 0.46391 0.89762 0.507493 0.902228 0.489175 0.967825 0.504566 0.902228 0.489175 0.9627 0.48416 0.967825 0.504566 0.595406 0.836137 0.595406 0.820812 0.606723 0.819886 0.674289 0.1389219 0.682196 0.124831 0.691273 0.1363719 0.691273 0.1363719 0.691273 0.1492559 0.674289 0.1389219 0.691273 0.1492559 0.664636 0.1571699 0.674289 0.1389219 0.691273 0.1020709 0.695811 0.1022499 0.691273 0.126873 0.695811 0.1022499 0.70035 0.124831 0.691273 0.126873 0.70035 0.124831 0.708257 0.1389219 0.691273 0.126873 0.664636 0.1571699 0.673032 0.167481 0.659233 0.181267 0.691273 0.157734 0.673032 0.167481 0.664636 0.1571699 0.691273 0.1492559 0.691273 0.157734 0.664636 0.1571699 0.707866 0.165835 0.691273 0.157734 0.691273 0.1492559 0.717909 0.1571699 0.707866 0.165835 0.691273 0.1492559 0.691273 0.1492559 0.691273 0.1363719 0.717909 0.1571699 0.691273 0.1363719 0.708257 0.1389219 0.717909 0.1571699 0.708257 0.1389219 0.691273 0.1363719 0.691273 0.126873 0.682196 0.124831 0.691273 0.126873 0.691273 0.1363719 0.691273 0.1020709 0.691273 0.126873 0.682196 0.124831 0.686734 0.1022499 0.691273 0.1020709 0.682196 0.124831 0.686734 0.1022499 0.688994 0.07538998 0.691273 0.1020709 0.688994 0.07538998 0.691263 0.07529997 0.691273 0.1020709 0.691263 0.07529997 0.688994 0.07538998 0.691454 0.04717999 0.693532 0.07538998 0.691263 0.07529997 0.691454 0.04717999 0.691263 0.07529997 0.693532 0.07538998 0.695811 0.1022499 0.691273 0.1020709 0.691263 0.07529997 0.695811 0.1022499 0.707866 0.165835 0.717909 0.1571699 0.723312 0.181267 0.85228 0.450036 0.859336 0.520482 0.825594 0.454513 0.847282 0.424353 0.85228 0.450036 0.825155 0.433473 0.85228 0.450036 0.825594 0.454513 0.825155 0.433473 0.801663 0.426225 0.825155 0.433473 0.825594 0.454513 0.800162 0.454943 0.801663 0.426225 0.825594 0.454513 0.800162 0.454943 0.825594 0.454513 0.832185 0.52297 0.859336 0.520482 0.832185 0.52297 0.825594 0.454513 0.835514 0.562464 0.832185 0.52297 0.859336 0.520482 0.862461 0.562576 0.835514 0.562464 0.859336 0.520482 0.862461 0.562576 0.866286 0.592137 0.835514 0.562464 0.847282 0.424353 0.825155 0.427671 0.85085 0.406464 0.825155 0.427671 0.832508 0.409302 0.85085 0.406464 0.834016 0.39184 0.85085 0.406464 0.832508 0.409302 0.834016 0.39184 0.832508 0.409302 0.812908 0.388602 0.803712 0.523765 0.800162 0.454943 0.832185 0.52297 0.803712 0.523765 0.832185 0.52297 0.806372 0.558751 0.832185 0.52297 0.835514 0.562464 0.806372 0.558751 0.832508 0.409302 0.825155 0.427671 0.801663 0.426225 0.832508 0.409302 0.790781 0.401786 0.812908 0.388602 0.781877 0.422611 0.790781 0.401786 0.832508 0.409302 0.801663 0.426225 0.781877 0.422611 0.832508 0.409302 0.78111 0.454193 0.781877 0.422611 0.801663 0.426225 0.800162 0.454943 0.78111 0.454193 0.801663 0.426225 0.784243 0.524876 0.78111 0.454193 0.800162 0.454943 0.803712 0.523765 0.784243 0.524876 0.800162 0.454943 0.783442 0.55865 0.784243 0.524876 0.803712 0.523765 0.806372 0.558751 0.783442 0.55865 0.803712 0.523765 0.806372 0.558751 0.808902 0.593912 0.783442 0.55865 0.806372 0.558751 0.835514 0.562464 0.808902 0.593912 0.835514 0.562464 0.839238 0.594482 0.808902 0.593912 0.866286 0.592137 0.839238 0.594482 0.835514 0.562464 0.840424 0.608894 0.839238 0.594482 0.866286 0.592137 0.867751 0.606535 0.840424 0.608894 0.866286 0.592137 0.867751 0.606535 0.867971 0.626541 0.840424 0.608894 0.867971 0.626541 0.840504 0.628908 0.840424 0.608894 0.657354 0.627844 0.657216 0.644514 0.622894 0.644369 0.624144 0.626873 0.657354 0.627844 0.622894 0.644369 0.657354 0.627844 0.624144 0.626873 0.625138 0.606815 0.657237 0.608612 0.657354 0.627844 0.625138 0.606815 0.685515 0.631158 0.657354 0.627844 0.657237 0.608612 0.685211 0.611243 0.685515 0.631158 0.657237 0.608612 0.713161 0.632802 0.685515 0.631158 0.685211 0.611243 0.713194 0.612137 0.713161 0.632802 0.685211 0.611243 0.737637 0.631959 0.713161 0.632802 0.713194 0.612137 0.737831 0.611064 0.737637 0.631959 0.713194 0.612137 0.760696 0.631956 0.737637 0.631959 0.737831 0.611064 0.737637 0.631959 0.760696 0.631956 0.737188 0.650292 0.713161 0.632802 0.737637 0.631959 0.737188 0.650292 0.712871 0.650906 0.713161 0.632802 0.737188 0.650292 0.685515 0.631158 0.713161 0.632802 0.712871 0.650906 0.685563 0.648512 0.685515 0.631158 0.712871 0.650906 0.657354 0.627844 0.685515 0.631158 0.685563 0.648512 0.657216 0.644514 0.657354 0.627844 0.685563 0.648512 0.760696 0.631956 0.760317 0.650328 0.737188 0.650292 0.760317 0.650328 0.760696 0.631956 0.782398 0.647967 0.840504 0.628908 0.867971 0.626541 0.867935 0.643987 0.840329 0.646361 0.840504 0.628908 0.867935 0.643987 0.812014 0.629334 0.840504 0.628908 0.840329 0.646361 0.812453 0.647119 0.812014 0.629334 0.840329 0.646361 0.783024 0.629882 0.812014 0.629334 0.812453 0.647119 0.782398 0.647967 0.783024 0.629882 0.812453 0.647119 0.760696 0.631956 0.783024 0.629882 0.782398 0.647967 0.783024 0.629882 0.760696 0.631956 0.760818 0.611023 0.760818 0.611023 0.760696 0.631956 0.737831 0.611064 0.760818 0.611023 0.737831 0.611064 0.737193 0.594891 0.737831 0.611064 0.713194 0.612137 0.737193 0.594891 0.713194 0.612137 0.712237 0.596422 0.737193 0.594891 0.713194 0.612137 0.685211 0.611243 0.712237 0.596422 0.685211 0.611243 0.683579 0.597027 0.712237 0.596422 0.685211 0.611243 0.657237 0.608612 0.683579 0.597027 0.657237 0.608612 0.655977 0.595764 0.683579 0.597027 0.655977 0.595764 0.657237 0.608612 0.626102 0.592315 0.655977 0.595764 0.626102 0.592315 0.656346 0.564622 0.712237 0.596422 0.683579 0.597027 0.682982 0.562471 0.682982 0.562471 0.683579 0.597027 0.656346 0.564622 0.683579 0.597027 0.655977 0.595764 0.656346 0.564622 0.760038 0.594772 0.760818 0.611023 0.737193 0.594891 0.657711 0.52373 0.680133 0.524934 0.656346 0.564622 0.680133 0.524934 0.682982 0.562471 0.656346 0.564622 0.682982 0.562471 0.680133 0.524934 0.707377 0.527432 0.709911 0.559511 0.682982 0.562471 0.707377 0.527432 0.709911 0.559511 0.712237 0.596422 0.682982 0.562471 0.712237 0.596422 0.709911 0.559511 0.738432 0.558451 0.737193 0.594891 0.712237 0.596422 0.738432 0.558451 0.738432 0.558451 0.758176 0.558411 0.737193 0.594891 0.758176 0.558411 0.760038 0.594772 0.737193 0.594891 0.783109 0.593559 0.760038 0.594772 0.758176 0.558411 0.760818 0.611023 0.760038 0.594772 0.783109 0.593559 0.783394 0.609236 0.760818 0.611023 0.783109 0.593559 0.783394 0.609236 0.783024 0.629882 0.760818 0.611023 0.812014 0.629334 0.783024 0.629882 0.783394 0.609236 0.709911 0.559511 0.707377 0.527432 0.737971 0.52687 0.738432 0.558451 0.709911 0.559511 0.737971 0.52687 0.737971 0.52687 0.757185 0.525782 0.738432 0.558451 0.757185 0.525782 0.758176 0.558411 0.738432 0.558451 0.811318 0.608988 0.808902 0.593912 0.839238 0.594482 0.678926 0.452607 0.680133 0.524934 0.657711 0.52373 0.680133 0.524934 0.678926 0.452607 0.707853 0.456137 0.707377 0.527432 0.680133 0.524934 0.707853 0.456137 0.707377 0.527432 0.707853 0.456137 0.738245 0.456155 0.737971 0.52687 0.707377 0.527432 0.738245 0.456155 0.738245 0.456155 0.754678 0.454981 0.737971 0.52687 0.754678 0.454981 0.757185 0.525782 0.737971 0.52687 0.757185 0.525782 0.754678 0.454981 0.784243 0.524876 0.758176 0.558411 0.757185 0.525782 0.784243 0.524876 0.783442 0.55865 0.758176 0.558411 0.784243 0.524876 0.783442 0.55865 0.783109 0.593559 0.758176 0.558411 0.808902 0.593912 0.783109 0.593559 0.783442 0.55865 0.783394 0.609236 0.783109 0.593559 0.808902 0.593912 0.811318 0.608988 0.783394 0.609236 0.808902 0.593912 0.811318 0.608988 0.812014 0.629334 0.783394 0.609236 0.840504 0.628908 0.812014 0.629334 0.811318 0.608988 0.840424 0.608894 0.840504 0.628908 0.811318 0.608988 0.840424 0.608894 0.811318 0.608988 0.839238 0.594482 0.657237 0.608612 0.625138 0.606815 0.626102 0.592315 0.754678 0.454981 0.78111 0.454193 0.784243 0.524876 0.781877 0.422611 0.768226 0.420767 0.790781 0.401786 0.768226 0.420767 0.781877 0.422611 0.78111 0.454193 0.754678 0.454981 0.768226 0.420767 0.78111 0.454193 0.768226 0.420767 0.754678 0.454981 0.754833 0.420552 0.754678 0.454981 0.738245 0.456155 0.754833 0.420552 0.738245 0.456155 0.738066 0.419963 0.754833 0.420552 0.738245 0.456155 0.707853 0.456137 0.738066 0.419963 0.707853 0.456137 0.71061 0.419855 0.738066 0.419963 0.678796 0.420959 0.71061 0.419855 0.707853 0.456137 0.678926 0.452607 0.678796 0.420959 0.707853 0.456137 0.678796 0.420959 0.678926 0.452607 0.657351 0.450525 0.657351 0.450525 0.678926 0.452607 0.657711 0.52373 0.626102 0.592315 0.6279 0.562449 0.656346 0.564622 0.657711 0.52373 0.656346 0.564622 0.6279 0.562449 0.633073 0.520491 0.657711 0.52373 0.6279 0.562449 0.657711 0.52373 0.633073 0.520491 0.657351 0.450525 0.633073 0.520491 0.638134 0.450006 0.657351 0.450525 0.657351 0.450525 0.638134 0.450006 0.644733 0.421636 0.644733 0.421636 0.678796 0.420959 0.657351 0.450525 0.678796 0.420959 0.644733 0.421636 0.65344 0.405472 0.67547 0.400815 0.678796 0.420959 0.65344 0.405472 0.71061 0.419855 0.678796 0.420959 0.67547 0.400815 0.710539 0.399704 0.71061 0.419855 0.67547 0.400815 0.738066 0.419963 0.71061 0.419855 0.710539 0.399704 0.738937 0.399704 0.738066 0.419963 0.710539 0.399704 0.754833 0.420552 0.738066 0.419963 0.738937 0.399704 0.758274 0.399704 0.754833 0.420552 0.738937 0.399704 0.768226 0.420767 0.754833 0.420552 0.758274 0.399704 0.771739 0.399704 0.768226 0.420767 0.758274 0.399704 0.768226 0.420767 0.771739 0.399704 0.790781 0.401786 0.652302 0.388131 0.619005 0.386612 0.628635 0.373394 0.6268 0.405055 0.619005 0.386612 0.65344 0.405472 0.619005 0.386612 0.652302 0.388131 0.65344 0.405472 0.67547 0.400815 0.65344 0.405472 0.652302 0.388131 0.676753 0.387807 0.67547 0.400815 0.652302 0.388131 0.676753 0.387807 0.699689 0.379307 0.67547 0.400815 0.699689 0.379307 0.710539 0.399704 0.67547 0.400815 0.672183 0.362715 0.649795 0.366929 0.658002 0.346676 0.707808 0.351254 0.721319 0.350266 0.708738 0.377121 0.721319 0.350266 0.722087 0.377836 0.708738 0.377121 0.738408 0.3039 0.738064 0.325488 0.721231 0.326911 0.721231 0.326911 0.738064 0.325488 0.721319 0.350266 0.738064 0.325488 0.738788 0.350885 0.721319 0.350266 0.721319 0.350266 0.738788 0.350885 0.722087 0.377836 0.738788 0.350885 0.739295 0.379022 0.722087 0.377836 0.722087 0.377836 0.739295 0.379022 0.738937 0.399704 0.710539 0.399704 0.722087 0.377836 0.738937 0.399704 0.722087 0.377836 0.710539 0.399704 0.708738 0.377121 0.699689 0.379307 0.708738 0.377121 0.710539 0.399704 0.707808 0.351254 0.708738 0.377121 0.699689 0.379307 0.700907 0.354283 0.707808 0.351254 0.699689 0.379307 0.700907 0.354283 0.699689 0.379307 0.676753 0.387807 0.672183 0.362715 0.700907 0.354283 0.676753 0.387807 0.672183 0.362715 0.676753 0.387807 0.652302 0.388131 0.649795 0.366929 0.672183 0.362715 0.652302 0.388131 0.652302 0.388131 0.628635 0.373394 0.649795 0.366929 0.628635 0.373394 0.631607 0.36378 0.649795 0.366929 0.658002 0.346676 0.649795 0.366929 0.631607 0.36378 0.639162 0.341975 0.658002 0.346676 0.631607 0.36378 0.773771 0.379229 0.757381 0.379087 0.777188 0.349448 0.757381 0.379087 0.756274 0.350209 0.777188 0.349448 0.770509 0.32214 0.777188 0.349448 0.756274 0.350209 0.754228 0.32397 0.770509 0.32214 0.756274 0.350209 0.76859 0.300568 0.770509 0.32214 0.754228 0.32397 0.7534 0.302384 0.76859 0.300568 0.754228 0.32397 0.758274 0.399704 0.738937 0.399704 0.757381 0.379087 0.738937 0.399704 0.739295 0.379022 0.757381 0.379087 0.756274 0.350209 0.757381 0.379087 0.739295 0.379022 0.738788 0.350885 0.756274 0.350209 0.739295 0.379022 0.754228 0.32397 0.756274 0.350209 0.738788 0.350885 0.738064 0.325488 0.754228 0.32397 0.738788 0.350885 0.7534 0.302384 0.754228 0.32397 0.738064 0.325488 0.738408 0.3039 0.7534 0.302384 0.738064 0.325488 0.749086 0.292853 0.7534 0.302384 0.738408 0.3039 0.738237 0.295465 0.749086 0.292853 0.738408 0.3039 0.746208 0.271096 0.749086 0.292853 0.738237 0.295465 0.736036 0.275338 0.746208 0.271096 0.738237 0.295465 0.736036 0.275338 0.734479 0.267575 0.746208 0.271096 0.736036 0.275338 0.727799 0.277489 0.734479 0.267575 0.727799 0.277489 0.72651 0.270649 0.734479 0.267575 0.727799 0.277489 0.719061 0.281611 0.72651 0.270649 0.719061 0.281611 0.717883 0.274965 0.72651 0.270649 0.70914 0.275101 0.717883 0.274965 0.719061 0.281611 0.699166 0.265074 0.702647 0.276779 0.695907 0.272675 0.695907 0.272675 0.702647 0.276779 0.697636 0.282222 0.697636 0.282222 0.702647 0.276779 0.703822 0.283621 0.697636 0.282222 0.703822 0.283621 0.702361 0.297063 0.702361 0.297063 0.703822 0.283621 0.710948 0.281831 0.712075 0.296908 0.702361 0.297063 0.710948 0.281831 0.710948 0.281831 0.719061 0.281611 0.712075 0.296908 0.719061 0.281611 0.719504 0.297364 0.712075 0.296908 0.719061 0.281611 0.727799 0.277489 0.719504 0.297364 0.727799 0.277489 0.727455 0.29665 0.719504 0.297364 0.727799 0.277489 0.736036 0.275338 0.727455 0.29665 0.736036 0.275338 0.738237 0.295465 0.727455 0.29665 0.727455 0.29665 0.738237 0.295465 0.738408 0.3039 0.726434 0.305992 0.727455 0.29665 0.738408 0.3039 0.726434 0.305992 0.738408 0.3039 0.721231 0.326911 0.726434 0.305992 0.721231 0.326911 0.713998 0.308701 0.713998 0.308701 0.721231 0.326911 0.707345 0.328547 0.706036 0.309123 0.713998 0.308701 0.707345 0.328547 0.727455 0.29665 0.726434 0.305992 0.719504 0.297364 0.726434 0.305992 0.713998 0.308701 0.719504 0.297364 0.713998 0.308701 0.712075 0.296908 0.719504 0.297364 0.712075 0.296908 0.713998 0.308701 0.706036 0.309123 0.702361 0.297063 0.712075 0.296908 0.706036 0.309123 0.702361 0.297063 0.706036 0.309123 0.697442 0.311045 0.693519 0.294754 0.702361 0.297063 0.697442 0.311045 0.702361 0.297063 0.693519 0.294754 0.697636 0.282222 0.693519 0.294754 0.689587 0.27971 0.697636 0.282222 0.693519 0.294754 0.679922 0.292917 0.689587 0.27971 0.679922 0.292917 0.68014 0.279974 0.689587 0.27971 0.693519 0.294754 0.697442 0.311045 0.681461 0.309812 0.679922 0.292917 0.693519 0.294754 0.681461 0.309812 0.679922 0.292917 0.681461 0.309812 0.665932 0.306079 0.697636 0.282222 0.689587 0.27971 0.695907 0.272675 0.689587 0.27971 0.688683 0.271211 0.695907 0.272675 0.689587 0.27971 0.68014 0.279974 0.688683 0.271211 0.68014 0.279974 0.680219 0.269501 0.688683 0.271211 0.680219 0.269501 0.68014 0.279974 0.672182 0.278081 0.68014 0.279974 0.679922 0.292917 0.672182 0.278081 0.679922 0.292917 0.665729 0.292078 0.672182 0.278081 0.665729 0.292078 0.679922 0.292917 0.665932 0.306079 0.665729 0.292078 0.665932 0.306079 0.644428 0.306043 0.650786 0.29249 0.644428 0.306043 0.640353 0.296718 0.650786 0.29249 0.665729 0.292078 0.644428 0.306043 0.665729 0.292078 0.650786 0.29249 0.662206 0.277295 0.665729 0.292078 0.662206 0.277295 0.672182 0.278081 0.672182 0.278081 0.662206 0.277295 0.671492 0.267425 0.671492 0.267425 0.680219 0.269501 0.672182 0.278081 0.681043 0.258491 0.680219 0.269501 0.671492 0.267425 0.680219 0.269501 0.681043 0.258491 0.68812 0.262046 0.688683 0.271211 0.680219 0.269501 0.68812 0.262046 0.688683 0.271211 0.68812 0.262046 0.695059 0.265412 0.695907 0.272675 0.688683 0.271211 0.695059 0.265412 0.695059 0.265412 0.699166 0.265074 0.695907 0.272675 0.710948 0.281831 0.70914 0.275101 0.719061 0.281611 0.710948 0.281831 0.703822 0.283621 0.70914 0.275101 0.703822 0.283621 0.702647 0.276779 0.70914 0.275101 0.70914 0.275101 0.702647 0.276779 0.706483 0.263545 0.702647 0.276779 0.699166 0.265074 0.706483 0.263545 0.717883 0.274965 0.70914 0.275101 0.71264 0.256792 0.70914 0.275101 0.706483 0.263545 0.71264 0.256792 0.706483 0.263545 0.705211 0.258973 0.71264 0.256792 0.706483 0.263545 0.699166 0.265074 0.705211 0.258973 0.699166 0.265074 0.698465 0.262336 0.705211 0.258973 0.695059 0.265412 0.698465 0.262336 0.699166 0.265074 0.693214 0.254687 0.698465 0.262336 0.695059 0.265412 0.695059 0.265412 0.68812 0.262046 0.693214 0.254687 0.68812 0.262046 0.688103 0.25271 0.693214 0.254687 0.68812 0.262046 0.681043 0.258491 0.688103 0.25271 0.681043 0.258491 0.681915 0.2483459 0.688103 0.25271 0.681915 0.2483459 0.681043 0.258491 0.670934 0.255467 0.670934 0.255467 0.681043 0.258491 0.671492 0.267425 0.671492 0.267425 0.661202 0.266691 0.670934 0.255467 0.662206 0.277295 0.661202 0.266691 0.671492 0.267425 0.662206 0.277295 0.651227 0.27576 0.661202 0.266691 0.650786 0.29249 0.651227 0.27576 0.662206 0.277295 0.650786 0.29249 0.645224 0.290254 0.651227 0.27576 0.694731 0.246598 0.701241 0.247052 0.696012 0.251597 0.697084 0.2400479 0.701241 0.247052 0.694731 0.246598 0.690494 0.2473819 0.697084 0.2400479 0.694731 0.246598 0.690494 0.2473819 0.694731 0.246598 0.693214 0.254687 0.693214 0.254687 0.694731 0.246598 0.696012 0.251597 0.693214 0.254687 0.696012 0.251597 0.698465 0.262336 0.698465 0.262336 0.696012 0.251597 0.701241 0.247052 0.705211 0.258973 0.698465 0.262336 0.701241 0.247052 0.705211 0.258973 0.701241 0.247052 0.706554 0.2420439 0.71264 0.256792 0.705211 0.258973 0.706554 0.2420439 0.71264 0.256792 0.706554 0.2420439 0.715377 0.235251 0.720569 0.250108 0.71264 0.256792 0.715377 0.235251 0.720569 0.250108 0.715377 0.235251 0.722999 0.224904 0.730832 0.2468869 0.720569 0.250108 0.722999 0.224904 0.730832 0.2468869 0.722999 0.224904 0.733683 0.2232179 0.737389 0.2387109 0.730832 0.2468869 0.733683 0.2232179 0.737389 0.2387109 0.733683 0.2232179 0.738082 0.2203519 0.744524 0.235964 0.737389 0.2387109 0.738082 0.2203519 0.715377 0.235251 0.709829 0.229056 0.722999 0.224904 0.715377 0.235251 0.706554 0.2420439 0.709829 0.229056 0.733026 0.2148299 0.729349 0.218284 0.727513 0.213943 0.738082 0.2203519 0.729349 0.218284 0.733026 0.2148299 0.733683 0.2232179 0.729349 0.218284 0.738082 0.2203519 0.733683 0.2232179 0.722999 0.224904 0.729349 0.218284 0.722999 0.224904 0.727513 0.213943 0.729349 0.218284 0.872596 0.301255 0.871708 0.290933 0.872848 0.288838 0.877703 0.298777 0.872596 0.301255 0.872848 0.288838 0.871253 0.314832 0.872596 0.301255 0.877703 0.298777 0.875365 0.31543 0.871253 0.314832 0.877703 0.298777 0.875365 0.31543 0.877703 0.298777 0.881046 0.313341 0.872771 0.326435 0.875365 0.31543 0.881046 0.313341 0.881231 0.323756 0.872771 0.326435 0.881046 0.313341 0.869982 0.335945 0.872771 0.326435 0.881231 0.323756 0.881587 0.333348 0.869982 0.335945 0.881231 0.323756 0.872066 0.369256 0.871565 0.349933 0.891939 0.359567 0.871565 0.349933 0.886414 0.347472 0.891939 0.359567 0.886414 0.347472 0.871565 0.349933 0.881587 0.333348 0.861296 0.349725 0.862726 0.335897 0.869982 0.335945 0.869982 0.335945 0.862726 0.335897 0.872771 0.326435 0.862726 0.335897 0.865797 0.32539 0.872771 0.326435 0.872771 0.326435 0.865797 0.32539 0.875365 0.31543 0.865797 0.32539 0.871253 0.314832 0.875365 0.31543 0.871565 0.349933 0.869982 0.335945 0.881587 0.333348 0.871565 0.349933 0.861296 0.349725 0.869982 0.335945 0.871565 0.349933 0.872066 0.369256 0.861296 0.349725 0.872066 0.369256 0.861651 0.36329 0.861296 0.349725 0.863776 0.377117 0.861651 0.36329 0.872066 0.369256 0.861651 0.36329 0.863776 0.377117 0.849615 0.357397 0.861651 0.36329 0.849615 0.357397 0.861296 0.349725 0.849615 0.357397 0.851137 0.347308 0.861296 0.349725 0.861296 0.349725 0.851137 0.347308 0.862726 0.335897 0.851137 0.347308 0.852852 0.334022 0.862726 0.335897 0.862726 0.335897 0.852852 0.334022 0.865797 0.32539 0.852852 0.334022 0.854636 0.322942 0.865797 0.32539 0.865797 0.32539 0.854636 0.322942 0.871253 0.314832 0.854636 0.322942 0.857992 0.312022 0.871253 0.314832 0.871253 0.314832 0.857992 0.312022 0.872596 0.301255 0.857992 0.312022 0.862108 0.2985751 0.872596 0.301255 0.872596 0.301255 0.862108 0.2985751 0.871708 0.290933 0.862108 0.2985751 0.863254 0.290087 0.871708 0.290933 0.863776 0.377117 0.846314 0.378874 0.849615 0.357397 0.846314 0.378874 0.834016 0.39184 0.812908 0.388602 0.830145 0.373589 0.846314 0.378874 0.812908 0.388602 0.846314 0.378874 0.830145 0.373589 0.849615 0.357397 0.830145 0.373589 0.837486 0.35458 0.849615 0.357397 0.849615 0.357397 0.837486 0.35458 0.851137 0.347308 0.837486 0.35458 0.840806 0.344772 0.851137 0.347308 0.851137 0.347308 0.840806 0.344772 0.852852 0.334022 0.840806 0.344772 0.84354 0.331947 0.852852 0.334022 0.852852 0.334022 0.84354 0.331947 0.854636 0.322942 0.84354 0.331947 0.846337 0.321728 0.854636 0.322942 0.854636 0.322942 0.846337 0.321728 0.857992 0.312022 0.846337 0.321728 0.849679 0.31082 0.857992 0.312022 0.857992 0.312022 0.849679 0.31082 0.862108 0.2985751 0.849679 0.31082 0.853473 0.297448 0.862108 0.2985751 0.862108 0.2985751 0.853473 0.297448 0.863254 0.290087 0.853473 0.297448 0.856956 0.288454 0.863254 0.290087 0.864118 0.287472 0.863254 0.290087 0.856956 0.288454 0.859582 0.284849 0.864118 0.287472 0.856956 0.288454 0.788498 0.380586 0.790781 0.401786 0.771739 0.399704 0.788498 0.380586 0.812908 0.388602 0.790781 0.401786 0.81474 0.369335 0.812908 0.388602 0.788498 0.380586 0.812908 0.388602 0.81474 0.369335 0.830145 0.373589 0.830145 0.373589 0.81474 0.369335 0.837486 0.35458 0.81474 0.369335 0.827749 0.350195 0.837486 0.35458 0.837486 0.35458 0.827749 0.350195 0.840806 0.344772 0.827749 0.350195 0.831902 0.340926 0.840806 0.344772 0.840806 0.344772 0.831902 0.340926 0.84354 0.331947 0.831902 0.340926 0.835763 0.330159 0.84354 0.331947 0.84354 0.331947 0.835763 0.330159 0.846337 0.321728 0.835763 0.330159 0.839631 0.31982 0.846337 0.321728 0.846337 0.321728 0.839631 0.31982 0.849679 0.31082 0.839631 0.31982 0.842645 0.308389 0.849679 0.31082 0.849679 0.31082 0.842645 0.308389 0.853473 0.297448 0.842645 0.308389 0.847349 0.29581 0.853473 0.297448 0.853473 0.297448 0.847349 0.29581 0.856956 0.288454 0.847349 0.29581 0.850305 0.287031 0.856956 0.288454 0.793644 0.350743 0.806051 0.356848 0.788498 0.380586 0.788498 0.380586 0.806051 0.356848 0.81474 0.369335 0.806051 0.356848 0.818235 0.3445701 0.81474 0.369335 0.818235 0.3445701 0.827749 0.350195 0.81474 0.369335 0.827749 0.350195 0.818235 0.3445701 0.831902 0.340926 0.836557 0.306485 0.842404 0.29435 0.847349 0.29581 0.842645 0.308389 0.836557 0.306485 0.847349 0.29581 0.834106 0.317509 0.836557 0.306485 0.842645 0.308389 0.839631 0.31982 0.834106 0.317509 0.842645 0.308389 0.827872 0.329684 0.834106 0.317509 0.839631 0.31982 0.835763 0.330159 0.827872 0.329684 0.839631 0.31982 0.831902 0.340926 0.827872 0.329684 0.835763 0.330159 0.818235 0.3445701 0.827872 0.329684 0.831902 0.340926 0.818235 0.3445701 0.810677 0.338194 0.827872 0.329684 0.806051 0.356848 0.810677 0.338194 0.818235 0.3445701 0.810677 0.338194 0.806051 0.356848 0.798633 0.332816 0.806051 0.356848 0.793644 0.350743 0.798633 0.332816 0.798633 0.332816 0.793644 0.350743 0.777188 0.349448 0.793644 0.350743 0.788498 0.380586 0.777188 0.349448 0.788498 0.380586 0.773771 0.379229 0.777188 0.349448 0.773771 0.379229 0.788498 0.380586 0.771739 0.399704 0.771739 0.399704 0.758274 0.399704 0.773771 0.379229 0.758274 0.399704 0.757381 0.379087 0.773771 0.379229 0.824744 0.301286 0.829012 0.287557 0.835394 0.29203 0.843207 0.284243 0.835394 0.29203 0.829012 0.287557 0.838563 0.280424 0.843207 0.284243 0.829012 0.287557 0.838563 0.280424 0.845533 0.278647 0.843207 0.284243 0.845533 0.278647 0.847553 0.282374 0.843207 0.284243 0.810677 0.338194 0.821664 0.32497 0.827872 0.329684 0.827872 0.329684 0.821664 0.32497 0.834106 0.317509 0.821664 0.32497 0.827432 0.314117 0.834106 0.317509 0.834106 0.317509 0.827432 0.314117 0.836557 0.306485 0.827432 0.314117 0.830698 0.303998 0.836557 0.306485 0.836557 0.306485 0.830698 0.303998 0.842404 0.29435 0.835394 0.29203 0.843207 0.284243 0.850305 0.287031 0.842404 0.29435 0.850305 0.287031 0.847349 0.29581 0.842404 0.29435 0.835394 0.29203 0.850305 0.287031 0.830698 0.303998 0.835394 0.29203 0.842404 0.29435 0.830698 0.303998 0.824744 0.301286 0.835394 0.29203 0.82237 0.311538 0.824744 0.301286 0.830698 0.303998 0.827432 0.314117 0.82237 0.311538 0.830698 0.303998 0.817544 0.317485 0.82237 0.311538 0.827432 0.314117 0.821664 0.32497 0.817544 0.317485 0.827432 0.314117 0.808729 0.324565 0.817544 0.317485 0.821664 0.32497 0.810677 0.338194 0.808729 0.324565 0.821664 0.32497 0.805802 0.326425 0.808729 0.324565 0.810677 0.338194 0.805802 0.326425 0.810677 0.338194 0.798633 0.332816 0.800661 0.326682 0.805802 0.326425 0.798633 0.332816 0.800661 0.326682 0.798633 0.332816 0.784315 0.319768 0.793772 0.314906 0.800661 0.326682 0.784315 0.319768 0.793772 0.314906 0.784315 0.319768 0.78805 0.295923 0.784315 0.319768 0.779759 0.297536 0.78805 0.295923 0.78805 0.295923 0.779759 0.297536 0.786407 0.282011 0.760087 0.245526 0.757631 0.2301859 0.762534 0.2276859 0.757631 0.2301859 0.762453 0.2209389 0.762534 0.2276859 0.762534 0.2276859 0.762453 0.2209389 0.768411 0.2194499 0.762453 0.2209389 0.760723 0.2148119 0.768411 0.2194499 0.760723 0.2148119 0.765922 0.2137269 0.768411 0.2194499 0.781318 0.264146 0.775297 0.2625491 0.777929 0.2414479 0.775297 0.2625491 0.772829 0.2446359 0.777929 0.2414479 0.775297 0.2625491 0.76625 0.264458 0.772829 0.2446359 0.76625 0.264458 0.764746 0.246608 0.772829 0.2446359 0.772829 0.2446359 0.764746 0.246608 0.772007 0.23966 0.764746 0.246608 0.764236 0.2420929 0.772007 0.23966 0.772007 0.23966 0.764236 0.2420929 0.769698 0.225848 0.779759 0.297536 0.778437 0.285427 0.786407 0.282011 0.786407 0.282011 0.778437 0.285427 0.781318 0.264146 0.778437 0.285427 0.775312 0.269109 0.781318 0.264146 0.775297 0.2625491 0.781318 0.264146 0.775312 0.269109 0.775312 0.269109 0.766729 0.270213 0.775297 0.2625491 0.766729 0.270213 0.76625 0.264458 0.775297 0.2625491 0.761291 0.266817 0.76625 0.264458 0.766729 0.270213 0.76625 0.264458 0.761291 0.266817 0.764746 0.246608 0.761291 0.266817 0.760087 0.245526 0.764746 0.246608 0.760087 0.245526 0.764236 0.2420929 0.764746 0.246608 0.764236 0.2420929 0.760087 0.245526 0.762534 0.2276859 0.764236 0.2420929 0.762534 0.2276859 0.769698 0.225848 0.769698 0.225848 0.762534 0.2276859 0.768411 0.2194499 0.769698 0.225848 0.768411 0.2194499 0.771281 0.2214 0.774626 0.2258949 0.769698 0.225848 0.771281 0.2214 0.772007 0.23966 0.769698 0.225848 0.774626 0.2258949 0.777929 0.2414479 0.772007 0.23966 0.774626 0.2258949 0.772007 0.23966 0.777929 0.2414479 0.772829 0.2446359 0.760596 0.279441 0.761291 0.266817 0.766729 0.270213 0.778437 0.285427 0.766928 0.288327 0.775312 0.269109 0.766928 0.288327 0.766729 0.270213 0.775312 0.269109 0.766928 0.288327 0.760596 0.279441 0.766729 0.270213 0.766928 0.288327 0.75621 0.291549 0.760596 0.279441 0.760596 0.279441 0.75621 0.291549 0.758743 0.263252 0.75621 0.291549 0.753171 0.266576 0.758743 0.263252 0.758743 0.263252 0.753171 0.266576 0.755636 0.25485 0.738082 0.2203519 0.743771 0.222033 0.744524 0.235964 0.744524 0.235964 0.743771 0.222033 0.749663 0.2374309 0.744524 0.235964 0.749663 0.2374309 0.745953 0.2414389 0.745953 0.2414389 0.749663 0.2374309 0.755636 0.25485 0.745953 0.2414389 0.755636 0.25485 0.75135 0.259252 0.753171 0.266576 0.75135 0.259252 0.755636 0.25485 0.753171 0.266576 0.746208 0.271096 0.75135 0.259252 0.746208 0.271096 0.753171 0.266576 0.749086 0.292853 0.753171 0.266576 0.75621 0.291549 0.749086 0.292853 0.7534 0.302384 0.749086 0.292853 0.75621 0.291549 0.75621 0.291549 0.766928 0.288327 0.7534 0.302384 0.766928 0.288327 0.76859 0.300568 0.7534 0.302384 0.766928 0.288327 0.778437 0.285427 0.76859 0.300568 0.778437 0.285427 0.779759 0.297536 0.76859 0.300568 0.76859 0.300568 0.779759 0.297536 0.770509 0.32214 0.779759 0.297536 0.784315 0.319768 0.770509 0.32214 0.784315 0.319768 0.777188 0.349448 0.770509 0.32214 0.784315 0.319768 0.798633 0.332816 0.777188 0.349448 0.734479 0.267575 0.744317 0.263845 0.746208 0.271096 0.746208 0.271096 0.744317 0.263845 0.75135 0.259252 0.75135 0.259252 0.744317 0.263845 0.745953 0.2414389 0.744317 0.263845 0.739685 0.246092 0.745953 0.2414389 0.744317 0.263845 0.734479 0.267575 0.739685 0.246092 0.734479 0.267575 0.730832 0.2468869 0.739685 0.246092 0.734479 0.267575 0.72651 0.270649 0.730832 0.2468869 0.72651 0.270649 0.723083 0.256438 0.730832 0.2468869 0.72651 0.270649 0.717883 0.274965 0.723083 0.256438 0.717883 0.274965 0.71264 0.256792 0.723083 0.256438 0.723083 0.256438 0.71264 0.256792 0.720569 0.250108 0.723083 0.256438 0.720569 0.250108 0.730832 0.2468869 0.745953 0.2414389 0.739685 0.246092 0.744524 0.235964 0.739685 0.246092 0.737389 0.2387109 0.744524 0.235964 0.739685 0.246092 0.730832 0.2468869 0.737389 0.2387109 0.994222 0.970379 0.979657 0.971135 0.994222 0.95858 0.979657 0.971135 0.994222 0.970379 0.994222 0.982334 0.982098 0.982801 0.979657 0.971135 0.994222 0.982334 0.982098 0.982801 0.994222 0.982334 0.994222 0.993009 0.981567 0.992997 0.982098 0.982801 0.994222 0.993009 0.981567 0.992997 0.970482 0.992266 0.982098 0.982801 0.871988 0.991961 0.88399 0.983475 0.915824 0.984189 0.919675 0.991876 0.871988 0.991961 0.915824 0.984189 0.941154 0.992257 0.919675 0.991876 0.915824 0.984189 0.938112 0.982987 0.941154 0.992257 0.915824 0.984189 0.959349 0.992208 0.941154 0.992257 0.938112 0.982987 0.955728 0.983513 0.959349 0.992208 0.938112 0.982987 0.970482 0.992266 0.959349 0.992208 0.955728 0.983513 0.967854 0.982639 0.970482 0.992266 0.955728 0.983513 0.970482 0.992266 0.967854 0.982639 0.982098 0.982801 0.967854 0.982639 0.965152 0.970822 0.982098 0.982801 0.965152 0.970822 0.979657 0.971135 0.982098 0.982801 0.979657 0.971135 0.965152 0.970822 0.978659 0.957761 0.979657 0.971135 0.978659 0.957761 0.994222 0.95858 0.978659 0.957761 0.977601 0.947654 0.994222 0.95858 0.977601 0.947654 0.994222 0.947991 0.994222 0.95858 0.994222 0.947991 0.977601 0.947654 0.978612 0.934354 0.994222 0.935155 0.994222 0.947991 0.978612 0.934354 0.978612 0.934354 0.979944 0.918793 0.994222 0.935155 0.965152 0.970822 0.962943 0.957805 0.978659 0.957761 0.978659 0.957761 0.962943 0.957805 0.977601 0.947654 0.964528 0.918038 0.945933 0.916386 0.947035 0.90189 0.947035 0.90189 0.945933 0.916386 0.929036 0.897308 0.965152 0.970822 0.967854 0.982639 0.955728 0.983513 0.91636 0.896505 0.912655 0.890149 0.929036 0.897308 0.918208 0.905198 0.91636 0.896505 0.929036 0.897308 0.927154 0.909099 0.918208 0.905198 0.929036 0.897308 0.945933 0.916386 0.927154 0.909099 0.929036 0.897308 0.927154 0.909099 0.945933 0.916386 0.947194 0.932967 0.945933 0.916386 0.964528 0.918038 0.947194 0.932967 0.964528 0.918038 0.962442 0.934041 0.947194 0.932967 0.962442 0.934041 0.964528 0.918038 0.979944 0.918793 0.978612 0.934354 0.962442 0.934041 0.979944 0.918793 0.962028 0.94741 0.962442 0.934041 0.978612 0.934354 0.977601 0.947654 0.962028 0.94741 0.978612 0.934354 0.962943 0.957805 0.962028 0.94741 0.977601 0.947654 0.962028 0.94741 0.962943 0.957805 0.949856 0.957848 0.962943 0.957805 0.965152 0.970822 0.949856 0.957848 0.965152 0.970822 0.951998 0.970951 0.949856 0.957848 0.951998 0.970951 0.965152 0.970822 0.955728 0.983513 0.935297 0.971206 0.951998 0.970951 0.955728 0.983513 0.938112 0.982987 0.935297 0.971206 0.955728 0.983513 0.935297 0.971206 0.938112 0.982987 0.915824 0.984189 0.912844 0.97189 0.935297 0.971206 0.915824 0.984189 0.962442 0.934041 0.962028 0.94741 0.947194 0.932967 0.888063 0.928073 0.888687 0.915908 0.906365 0.928455 0.933586 0.958091 0.932583 0.946404 0.949856 0.957848 0.932583 0.946404 0.947727 0.947166 0.949856 0.957848 0.947727 0.947166 0.962028 0.94741 0.949856 0.957848 0.962028 0.94741 0.947727 0.947166 0.947194 0.932967 0.947194 0.932967 0.947727 0.947166 0.929899 0.929915 0.929899 0.929915 0.927154 0.909099 0.947194 0.932967 0.918208 0.905198 0.927154 0.909099 0.929899 0.929915 0.916026 0.912925 0.918208 0.905198 0.929899 0.929915 0.916026 0.912925 0.929899 0.929915 0.906365 0.928455 0.908143 0.915937 0.916026 0.912925 0.906365 0.928455 0.908143 0.915937 0.906365 0.928455 0.895852 0.912943 0.888687 0.915908 0.895852 0.912943 0.906365 0.928455 0.895852 0.912943 0.888687 0.915908 0.891632 0.904959 0.947727 0.947166 0.932583 0.946404 0.929899 0.929915 0.929899 0.929915 0.932583 0.946404 0.906365 0.928455 0.951998 0.970951 0.935297 0.971206 0.949856 0.957848 0.935297 0.971206 0.933586 0.958091 0.949856 0.957848 0.933586 0.958091 0.935297 0.971206 0.912844 0.97189 0.912797 0.958311 0.933586 0.958091 0.912844 0.97189 0.932583 0.946404 0.933586 0.958091 0.912797 0.958311 0.891137 0.945079 0.910604 0.94496 0.912797 0.958311 0.891137 0.945079 0.872084 0.94555 0.86937 0.927789 0.888898 0.971048 0.912844 0.97189 0.915824 0.984189 0.912844 0.97189 0.888898 0.971048 0.912797 0.958311 0.888898 0.971048 0.890733 0.95781 0.912797 0.958311 0.890733 0.95781 0.891137 0.945079 0.912797 0.958311 0.891137 0.945079 0.890733 0.95781 0.871333 0.957385 0.872084 0.94555 0.891137 0.945079 0.871333 0.957385 0.859206 0.946538 0.872084 0.94555 0.871333 0.957385 0.872084 0.94555 0.859206 0.946538 0.855576 0.93497 0.86937 0.927789 0.872084 0.94555 0.855576 0.93497 0.855576 0.93497 0.846994 0.921597 0.86937 0.927789 0.846994 0.921597 0.859449 0.915864 0.86937 0.927789 0.859449 0.915864 0.846994 0.921597 0.848758 0.915013 0.863901 0.905609 0.859449 0.915864 0.848758 0.915013 0.853096 0.905022 0.863901 0.905609 0.848758 0.915013 0.871985 0.904611 0.863901 0.905609 0.853096 0.905022 0.87121 0.899526 0.871985 0.904611 0.853096 0.905022 0.871985 0.904611 0.87121 0.899526 0.871864 0.891498 0.856718 0.890845 0.871864 0.891498 0.87121 0.899526 0.825074 0.922234 0.82923 0.921282 0.829444 0.92369 0.82923 0.921282 0.838807 0.917781 0.829444 0.92369 0.838807 0.917781 0.82923 0.921282 0.839826 0.914262 0.848758 0.915013 0.838807 0.917781 0.839826 0.914262 0.838807 0.917781 0.848758 0.915013 0.835822 0.921436 0.848758 0.915013 0.846994 0.921597 0.835822 0.921436 0.846994 0.921597 0.835275 0.926936 0.835822 0.921436 0.846994 0.921597 0.855576 0.93497 0.835275 0.926936 0.855576 0.93497 0.842172 0.940688 0.835275 0.926936 0.855576 0.93497 0.859206 0.946538 0.842172 0.940688 0.859206 0.946538 0.844096 0.947466 0.842172 0.940688 0.844096 0.947466 0.830111 0.942876 0.842172 0.940688 0.842172 0.940688 0.830111 0.942876 0.829133 0.929582 0.838807 0.917781 0.835822 0.921436 0.829444 0.92369 0.835822 0.921436 0.835275 0.926936 0.829444 0.92369 0.835275 0.926936 0.829133 0.929582 0.829444 0.92369 0.835275 0.926936 0.842172 0.940688 0.829133 0.929582 0.88399 0.983475 0.888898 0.971048 0.915824 0.984189 0.890733 0.95781 0.888898 0.971048 0.871333 0.957385 0.819831 0.925511 0.819973 0.923087 0.825074 0.922234 0.82449 0.924804 0.819831 0.925511 0.825074 0.922234 0.82449 0.924804 0.825074 0.922234 0.829444 0.92369 0.824276 0.930084 0.82449 0.924804 0.829444 0.92369 0.829133 0.929582 0.824276 0.930084 0.829444 0.92369 0.819446 0.944102 0.824276 0.930084 0.829133 0.929582 0.830111 0.942876 0.819446 0.944102 0.829133 0.929582 0.819446 0.944102 0.830111 0.942876 0.82988 0.956459 0.830111 0.942876 0.844096 0.947466 0.82988 0.956459 0.844096 0.947466 0.844805 0.956744 0.82988 0.956459 0.844096 0.947466 0.859206 0.946538 0.844805 0.956744 0.859206 0.946538 0.860191 0.957053 0.844805 0.956744 0.860191 0.957053 0.859206 0.946538 0.871333 0.957385 0.871333 0.957385 0.86795 0.970252 0.860191 0.957053 0.888898 0.971048 0.86795 0.970252 0.871333 0.957385 0.86795 0.970252 0.888898 0.971048 0.857355 0.983056 0.888898 0.971048 0.88399 0.983475 0.857355 0.983056 0.88399 0.983475 0.871988 0.991961 0.857355 0.983056 0.871988 0.991961 0.840071 0.991593 0.857355 0.983056 0.857355 0.983056 0.840071 0.991593 0.844268 0.982261 0.844268 0.982261 0.845055 0.969664 0.857355 0.983056 0.845055 0.969664 0.844268 0.982261 0.830184 0.981091 0.829214 0.967944 0.845055 0.969664 0.830184 0.981091 0.817652 0.967486 0.829214 0.967944 0.830184 0.981091 0.829214 0.967944 0.817652 0.967486 0.82988 0.956459 0.845055 0.969664 0.829214 0.967944 0.82988 0.956459 0.844805 0.956744 0.845055 0.969664 0.82988 0.956459 0.845055 0.969664 0.844805 0.956744 0.860191 0.957053 0.86795 0.970252 0.845055 0.969664 0.860191 0.957053 0.845055 0.969664 0.86795 0.970252 0.857355 0.983056 0.74992 0.956744 0.761512 0.956459 0.760774 0.967944 0.840071 0.991593 0.825608 0.991402 0.844268 0.982261 0.825608 0.991402 0.830184 0.981091 0.844268 0.982261 0.825608 0.991402 0.80889 0.991194 0.830184 0.981091 0.771002 0.980136 0.759804 0.981091 0.760774 0.967944 0.759804 0.981091 0.771002 0.980136 0.78087 0.979295 0.817652 0.967486 0.81898 0.956754 0.82988 0.956459 0.81898 0.956754 0.819446 0.944102 0.82988 0.956459 0.745823 0.969664 0.760774 0.967944 0.745719 0.982261 0.760774 0.967944 0.759804 0.981091 0.745719 0.982261 0.745719 0.982261 0.759804 0.981091 0.76438 0.99258 0.76438 0.99258 0.759804 0.981091 0.78087 0.979295 0.780019 0.991783 0.76438 0.99258 0.78087 0.979295 0.780019 0.991783 0.78087 0.979295 0.794994 0.990898 0.78087 0.979295 0.794994 0.979018 0.794994 0.990898 0.80889 0.991194 0.794994 0.990898 0.794994 0.979018 0.809118 0.979295 0.80889 0.991194 0.794994 0.979018 0.80889 0.991194 0.809118 0.979295 0.830184 0.981091 0.809118 0.979295 0.820454 0.980262 0.830184 0.981091 0.820454 0.980262 0.817652 0.967486 0.830184 0.981091 0.817652 0.967486 0.820454 0.980262 0.809351 0.967637 0.81898 0.956754 0.817652 0.967486 0.809351 0.967637 0.810295 0.956832 0.81898 0.956754 0.809351 0.967637 0.819446 0.944102 0.81898 0.956754 0.810295 0.956832 0.811551 0.945084 0.819446 0.944102 0.810295 0.956832 0.819446 0.944102 0.811551 0.945084 0.815288 0.930941 0.820454 0.980262 0.809118 0.979295 0.809351 0.967637 0.809118 0.979295 0.794994 0.979018 0.794994 0.967814 0.809351 0.967637 0.809118 0.979295 0.794994 0.967814 0.800835 0.967682 0.809351 0.967637 0.794994 0.967814 0.809351 0.967637 0.800835 0.967682 0.810295 0.956832 0.800835 0.967682 0.802953 0.957021 0.810295 0.956832 0.811551 0.945084 0.810295 0.956832 0.802953 0.957021 0.803888 0.945148 0.811551 0.945084 0.802953 0.957021 0.811551 0.945084 0.803888 0.945148 0.80681 0.931111 0.803888 0.945148 0.800632 0.930904 0.80681 0.931111 0.803888 0.945148 0.802953 0.957021 0.794994 0.957386 0.802953 0.957021 0.800835 0.967682 0.794994 0.957386 0.800835 0.967682 0.794994 0.967814 0.794994 0.957386 0.792406 0.913708 0.792776 0.908016 0.795358 0.913735 0.792406 0.913708 0.790033 0.912863 0.792776 0.908016 0.792406 0.913708 0.791363 0.918861 0.790033 0.912863 0.791363 0.918861 0.78893 0.916457 0.790033 0.912863 0.786317 0.918695 0.78893 0.916457 0.791363 0.918861 0.785155 0.918021 0.78893 0.916457 0.786317 0.918695 0.785155 0.918021 0.786317 0.918695 0.782127 0.920128 0.786317 0.918695 0.78477 0.921233 0.782127 0.920128 0.782127 0.920128 0.78477 0.921233 0.778356 0.921946 0.778356 0.921946 0.78477 0.921233 0.782032 0.924707 0.782032 0.924707 0.78477 0.921233 0.790068 0.921054 0.789212 0.925056 0.782032 0.924707 0.790068 0.921054 0.790068 0.921054 0.795208 0.924884 0.789212 0.925056 0.789212 0.925056 0.795208 0.924884 0.795012 0.930693 0.800632 0.930904 0.795012 0.930693 0.795208 0.924884 0.800632 0.930904 0.803888 0.945148 0.795012 0.930693 0.803888 0.945148 0.795035 0.945385 0.795012 0.930693 0.795035 0.945385 0.803888 0.945148 0.794994 0.957386 0.790068 0.921054 0.795389 0.920904 0.795208 0.924884 0.791363 0.918861 0.795389 0.920904 0.790068 0.921054 0.790068 0.921054 0.786317 0.918695 0.791363 0.918861 0.790068 0.921054 0.78477 0.921233 0.786317 0.918695 0.792406 0.913708 0.795358 0.913735 0.791363 0.918861 0.795358 0.913735 0.795389 0.920904 0.791363 0.918861 0.795358 0.913735 0.79833 0.91384 0.795389 0.920904 0.809859 0.892191 0.810193 0.898351 0.806421 0.897889 0.810193 0.898351 0.809859 0.892191 0.814109 0.893493 0.809859 0.892191 0.809096 0.888609 0.814109 0.893493 0.800724 0.913086 0.79833 0.91384 0.801133 0.907233 0.80601 0.890633 0.806851 0.892286 0.805374 0.892661 0.80601 0.890633 0.805434 0.887068 0.806851 0.892286 0.805434 0.887068 0.80601 0.890633 0.804299 0.886989 0.805434 0.887068 0.804299 0.886989 0.80661 0.887378 0.805434 0.887068 0.80661 0.887378 0.807683 0.889106 0.809096 0.888609 0.807683 0.889106 0.80661 0.887378 0.807683 0.889106 0.809096 0.888609 0.80843 0.893294 0.809096 0.888609 0.809859 0.892191 0.80843 0.893294 0.809859 0.892191 0.806421 0.897889 0.80843 0.893294 0.80843 0.893294 0.806421 0.897889 0.805867 0.895149 0.806421 0.897889 0.803815 0.89851 0.805867 0.895149 0.803815 0.89851 0.801318 0.899046 0.805867 0.895149 0.801318 0.899046 0.803815 0.89851 0.801133 0.907233 0.801318 0.899046 0.801133 0.907233 0.798037 0.908097 0.79833 0.91384 0.798037 0.908097 0.801133 0.907233 0.798037 0.908097 0.79833 0.91384 0.795405 0.908321 0.79833 0.91384 0.795358 0.913735 0.795405 0.908321 0.792776 0.908016 0.795405 0.908321 0.795358 0.913735 0.805434 0.887068 0.807683 0.889106 0.806851 0.892286 0.806851 0.892286 0.807683 0.889106 0.805867 0.895149 0.807683 0.889106 0.80843 0.893294 0.805867 0.895149 0.786944 0.894815 0.783454 0.894683 0.783399 0.891824 0.785302 0.891767 0.78506 0.892642 0.783399 0.891824 0.78506 0.892642 0.786944 0.894815 0.783399 0.891824 0.78506 0.892642 0.787172 0.892439 0.786944 0.894815 0.787172 0.892439 0.789847 0.89493 0.786944 0.894815 0.792898 0.894856 0.789847 0.89493 0.787172 0.892439 0.790997 0.89887 0.789847 0.89493 0.792898 0.894856 0.793608 0.898944 0.790997 0.89887 0.792898 0.894856 0.793608 0.898944 0.792776 0.908016 0.790997 0.89887 0.793608 0.898944 0.795414 0.898827 0.792776 0.908016 0.795414 0.898827 0.795405 0.908321 0.792776 0.908016 0.795414 0.898827 0.797165 0.898972 0.795405 0.908321 0.797165 0.898972 0.798037 0.908097 0.795405 0.908321 0.797165 0.898972 0.799441 0.899136 0.798037 0.908097 0.799441 0.899136 0.801318 0.899046 0.798037 0.908097 0.802837 0.89532 0.801318 0.899046 0.799441 0.899136 0.801318 0.899046 0.802837 0.89532 0.805867 0.895149 0.802837 0.89532 0.805374 0.892661 0.805867 0.895149 0.805374 0.892661 0.806851 0.892286 0.805867 0.895149 0.793608 0.898944 0.792898 0.894856 0.795414 0.898827 0.789442 0.891868 0.792898 0.894856 0.787172 0.892439 0.797165 0.898972 0.795414 0.898827 0.795302 0.894697 0.792898 0.894856 0.795302 0.894697 0.795414 0.898827 0.795153 0.891589 0.795302 0.894697 0.792898 0.894856 0.789442 0.891868 0.795153 0.891589 0.792898 0.894856 0.795153 0.891589 0.789442 0.891868 0.789275 0.89066 0.789275 0.89066 0.789442 0.891868 0.787179 0.891071 0.789442 0.891868 0.787172 0.892439 0.787179 0.891071 0.787179 0.891071 0.787172 0.892439 0.78506 0.892642 0.785302 0.891767 0.787179 0.891071 0.78506 0.892642 0.787179 0.891071 0.785302 0.891767 0.785552 0.890862 0.804941 0.891999 0.805374 0.892661 0.803135 0.892384 0.803135 0.892384 0.805374 0.892661 0.800333 0.895175 0.805374 0.892661 0.802837 0.89532 0.800333 0.895175 0.800333 0.895175 0.802837 0.89532 0.799441 0.899136 0.799441 0.899136 0.797165 0.898972 0.800333 0.895175 0.797165 0.898972 0.797676 0.894822 0.800333 0.895175 0.797676 0.894822 0.797165 0.898972 0.795302 0.894697 0.800497 0.8918 0.797676 0.894822 0.795302 0.894697 0.795153 0.891589 0.800497 0.8918 0.795302 0.894697 0.795153 0.891589 0.795042 0.889382 0.800497 0.8918 0.795042 0.889382 0.795153 0.891589 0.789275 0.89066 0.789275 0.89066 0.789509 0.889276 0.795042 0.889382 0.789275 0.89066 0.787179 0.891071 0.789509 0.889276 0.787359 0.888791 0.789509 0.889276 0.787179 0.891071 0.787359 0.888791 0.787179 0.891071 0.785552 0.890862 0.785552 0.890862 0.783795 0.890114 0.787359 0.888791 0.785302 0.891767 0.783795 0.890114 0.785552 0.890862 0.783795 0.890114 0.785302 0.891767 0.783399 0.891824 0.789509 0.889276 0.795022 0.888436 0.795042 0.889382 0.80053 0.890711 0.795042 0.889382 0.795022 0.888436 0.795042 0.889382 0.80053 0.890711 0.800497 0.8918 0.800377 0.889332 0.80053 0.890711 0.795022 0.888436 0.797676 0.894822 0.800497 0.8918 0.800333 0.895175 0.800497 0.8918 0.803135 0.892384 0.800333 0.895175 0.800497 0.8918 0.80053 0.890711 0.803135 0.892384 0.80053 0.890711 0.802 0.890961 0.803135 0.892384 0.80053 0.890711 0.800377 0.889332 0.802 0.890961 0.802395 0.889154 0.802 0.890961 0.800377 0.889332 0.800229 0.884187 0.802395 0.889154 0.800377 0.889332 0.797908 0.884323 0.800229 0.884187 0.800377 0.889332 0.797908 0.884323 0.800377 0.889332 0.795022 0.888436 0.795012 0.884521 0.797908 0.884323 0.795022 0.888436 0.795012 0.884521 0.795022 0.888436 0.789509 0.889276 0.80601 0.890633 0.804301 0.891021 0.804299 0.886989 0.80601 0.890633 0.804941 0.891999 0.804301 0.891021 0.804941 0.891999 0.80601 0.890633 0.805374 0.892661 0.80816 0.873095 0.8077 0.872313 0.812131 0.870805 0.80816 0.873095 0.805059 0.874152 0.8077 0.872313 0.816137 0.871011 0.812087 0.870332 0.819977 0.871156 0.812087 0.870332 0.816137 0.871011 0.812131 0.870805 0.816137 0.871011 0.812241 0.871379 0.812131 0.870805 0.80816 0.873095 0.812131 0.870805 0.812241 0.871379 0.808578 0.873895 0.80816 0.873095 0.812241 0.871379 0.805059 0.874152 0.80816 0.873095 0.808578 0.873895 0.805641 0.875606 0.805059 0.874152 0.808578 0.873895 0.805059 0.874152 0.805641 0.875606 0.80309 0.876088 0.805641 0.875606 0.805818 0.878977 0.80309 0.876088 0.805818 0.878977 0.803053 0.879689 0.80309 0.876088 0.805818 0.878977 0.804041 0.883933 0.803053 0.879689 0.804041 0.883933 0.800229 0.884187 0.803053 0.879689 0.800229 0.884187 0.804041 0.883933 0.804299 0.886989 0.802395 0.889154 0.800229 0.884187 0.804299 0.886989 0.804301 0.891021 0.802395 0.889154 0.804299 0.886989 0.802 0.890961 0.802395 0.889154 0.804301 0.891021 0.804941 0.891999 0.802 0.890961 0.804301 0.891021 0.802 0.890961 0.804941 0.891999 0.803135 0.892384 0.804041 0.883933 0.80661 0.887378 0.804299 0.886989 0.80661 0.887378 0.804041 0.883933 0.8101 0.881289 0.809279 0.876652 0.8101 0.881289 0.804041 0.883933 0.805818 0.878977 0.809279 0.876652 0.804041 0.883933 0.809279 0.876652 0.805818 0.878977 0.805641 0.875606 0.808578 0.873895 0.809279 0.876652 0.805641 0.875606 0.809279 0.876652 0.808578 0.873895 0.812342 0.875484 0.808578 0.873895 0.812241 0.871379 0.812342 0.875484 0.812342 0.875484 0.812241 0.871379 0.819977 0.871156 0.812241 0.871379 0.816137 0.871011 0.819977 0.871156 0.8101 0.881289 0.809279 0.876652 0.812342 0.875484 0.82221 0.856992 0.827909 0.858124 0.821012 0.863112 0.827909 0.858124 0.826452 0.871486 0.821012 0.863112 0.826452 0.871486 0.820854 0.867102 0.821012 0.863112 0.820854 0.867102 0.826452 0.871486 0.819977 0.871156 0.826452 0.871486 0.818214 0.874674 0.819977 0.871156 0.818214 0.874674 0.812342 0.875484 0.819977 0.871156 0.812342 0.875484 0.818214 0.874674 0.816665 0.879087 0.812342 0.875484 0.816665 0.879087 0.8101 0.881289 0.811313 0.88345 0.8101 0.881289 0.816665 0.879087 0.8101 0.881289 0.811313 0.88345 0.80661 0.887378 0.811313 0.88345 0.814209 0.886743 0.80661 0.887378 0.809096 0.888609 0.80661 0.887378 0.814209 0.886743 0.809096 0.888609 0.814209 0.886743 0.814109 0.893493 0.814209 0.886743 0.823527 0.886676 0.814109 0.893493 0.823527 0.886676 0.822995 0.894896 0.814109 0.893493 0.822995 0.894896 0.823527 0.886676 0.833675 0.886521 0.823527 0.886676 0.824641 0.879678 0.833675 0.886521 0.824641 0.879678 0.834899 0.879643 0.833675 0.886521 0.814209 0.886743 0.811313 0.88345 0.816665 0.879087 0.816665 0.879087 0.824641 0.879678 0.814209 0.886743 0.824641 0.879678 0.823527 0.886676 0.814209 0.886743 0.818214 0.874674 0.826452 0.871486 0.816665 0.879087 0.824641 0.879678 0.816665 0.879087 0.826452 0.871486 0.834899 0.879643 0.824641 0.879678 0.826452 0.871486 0.839428 0.88766 0.833675 0.886521 0.846194 0.889471 0.833675 0.886521 0.834899 0.879643 0.846194 0.889471 0.853096 0.905022 0.848758 0.915013 0.839826 0.914262 0.851266 0.864176 0.860399 0.866255 0.858428 0.874498 0.84885 0.872602 0.851266 0.864176 0.858428 0.874498 0.858428 0.874498 0.857395 0.882915 0.84885 0.872602 0.857395 0.882915 0.847742 0.881297 0.84885 0.872602 0.84885 0.872602 0.847742 0.881297 0.836638 0.871056 0.836638 0.871056 0.839084 0.8609 0.84885 0.872602 0.839084 0.8609 0.851266 0.864176 0.84885 0.872602 0.834826 0.910716 0.844108 0.904368 0.839826 0.914262 0.844108 0.904368 0.853096 0.905022 0.839826 0.914262 0.854957 0.898798 0.853096 0.905022 0.844108 0.904368 0.854957 0.898798 0.87121 0.899526 0.853096 0.905022 0.854957 0.898798 0.856718 0.890845 0.87121 0.899526 0.856718 0.890845 0.854957 0.898798 0.846194 0.889471 0.857395 0.882915 0.856718 0.890845 0.846194 0.889471 0.847742 0.881297 0.857395 0.882915 0.846194 0.889471 0.834899 0.879643 0.847742 0.881297 0.846194 0.889471 0.847742 0.881297 0.834899 0.879643 0.836638 0.871056 0.836638 0.871056 0.834899 0.879643 0.826452 0.871486 0.826452 0.871486 0.827909 0.858124 0.836638 0.871056 0.827909 0.858124 0.839084 0.8609 0.836638 0.871056 0.839084 0.8609 0.827909 0.858124 0.842224 0.851962 0.851266 0.864176 0.839084 0.8609 0.842224 0.851962 0.854854 0.854984 0.851266 0.864176 0.842224 0.851962 0.860399 0.866255 0.851266 0.864176 0.854854 0.854984 0.864042 0.857524 0.860399 0.866255 0.854854 0.854984 0.867604 0.850044 0.87458 0.852185 0.872572 0.860535 0.87458 0.852185 0.882136 0.863115 0.872572 0.860535 0.871864 0.891498 0.870637 0.883826 0.871235 0.875936 0.827909 0.858124 0.831592 0.84899 0.842224 0.851962 0.871864 0.891498 0.856718 0.890845 0.870637 0.883826 0.856718 0.890845 0.857395 0.882915 0.870637 0.883826 0.871235 0.875936 0.870637 0.883826 0.857395 0.882915 0.858428 0.874498 0.871235 0.875936 0.857395 0.882915 0.871476 0.868944 0.871235 0.875936 0.858428 0.874498 0.860399 0.866255 0.871476 0.868944 0.858428 0.874498 0.871476 0.868944 0.860399 0.866255 0.872572 0.860535 0.860399 0.866255 0.864042 0.857524 0.872572 0.860535 0.864042 0.857524 0.867604 0.850044 0.872572 0.860535 0.867604 0.850044 0.864042 0.857524 0.854854 0.854984 0.858492 0.847681 0.867604 0.850044 0.854854 0.854984 0.858492 0.847681 0.854854 0.854984 0.842224 0.851962 0.844802 0.845326 0.858492 0.847681 0.842224 0.851962 0.834406 0.843235 0.844802 0.845326 0.842224 0.851962 0.831592 0.84899 0.834406 0.843235 0.842224 0.851962 0.834406 0.843235 0.831592 0.84899 0.825041 0.846604 0.825041 0.846604 0.831592 0.84899 0.82221 0.856992 0.831592 0.84899 0.827909 0.858124 0.82221 0.856992 0.823375 0.85152 0.825041 0.846604 0.82221 0.856992 0.867604 0.850044 0.858492 0.847681 0.860211 0.839778 0.848031 0.840176 0.860211 0.839778 0.858492 0.847681 0.858492 0.847681 0.844802 0.845326 0.848031 0.840176 0.836877 0.838245 0.848031 0.840176 0.844802 0.845326 0.834406 0.843235 0.836877 0.838245 0.844802 0.845326 0.836877 0.838245 0.834406 0.843235 0.826477 0.841638 0.826477 0.841638 0.834406 0.843235 0.825041 0.846604 0.826477 0.841638 0.825041 0.846604 0.815295 0.843536 0.825041 0.846604 0.823375 0.85152 0.815295 0.843536 0.823375 0.85152 0.814389 0.849957 0.815295 0.843536 0.814389 0.849957 0.823375 0.85152 0.82221 0.856992 0.814366 0.855663 0.814389 0.849957 0.82221 0.856992 0.814366 0.855663 0.82221 0.856992 0.821012 0.863112 0.81435 0.86165 0.814366 0.855663 0.821012 0.863112 0.821012 0.863112 0.820854 0.867102 0.81435 0.86165 0.820854 0.867102 0.817721 0.868892 0.81435 0.86165 0.817721 0.868892 0.820854 0.867102 0.819977 0.871156 0.812087 0.870332 0.817721 0.868892 0.819977 0.871156 0.888166 0.851929 0.872232 0.841808 0.875584 0.833015 0.872232 0.841808 0.860211 0.839778 0.875584 0.833015 0.860211 0.839778 0.862594 0.830398 0.875584 0.833015 0.862594 0.830398 0.867601 0.822681 0.875584 0.833015 0.867601 0.822681 0.862594 0.830398 0.845004 0.827342 0.862594 0.830398 0.860211 0.839778 0.845004 0.827342 0.860211 0.839778 0.852299 0.83519 0.845004 0.827342 0.860211 0.839778 0.848031 0.840176 0.852299 0.83519 0.839677 0.833087 0.852299 0.83519 0.848031 0.840176 0.836877 0.838245 0.839677 0.833087 0.848031 0.840176 0.839677 0.833087 0.836877 0.838245 0.828537 0.835906 0.828537 0.835906 0.836877 0.838245 0.826477 0.841638 0.826477 0.841638 0.815116 0.838338 0.828537 0.835906 0.815116 0.838338 0.826477 0.841638 0.815295 0.843536 0.815116 0.838338 0.815295 0.843536 0.805302 0.842083 0.815295 0.843536 0.814389 0.849957 0.805302 0.842083 0.814389 0.849957 0.804829 0.849141 0.805302 0.842083 0.804829 0.849141 0.814389 0.849957 0.814366 0.855663 0.805302 0.842083 0.804829 0.849141 0.794994 0.841128 0.80562 0.836816 0.805302 0.842083 0.794994 0.841128 0.80562 0.836816 0.815116 0.838338 0.805302 0.842083 0.817218 0.834664 0.815116 0.838338 0.80562 0.836816 0.815116 0.838338 0.817218 0.834664 0.828537 0.835906 0.828537 0.835906 0.817218 0.834664 0.819996 0.830363 0.819996 0.830363 0.839677 0.833087 0.828537 0.835906 0.839677 0.833087 0.819996 0.830363 0.845004 0.827342 0.839677 0.833087 0.845004 0.827342 0.852299 0.83519 0.850523 0.819608 0.867601 0.822681 0.845004 0.827342 0.807221 0.83341 0.817218 0.834664 0.80562 0.836816 0.819996 0.830363 0.817218 0.834664 0.807221 0.83341 0.807956 0.830284 0.819996 0.830363 0.807221 0.83341 0.823181 0.825309 0.819996 0.830363 0.807956 0.830284 0.819996 0.830363 0.823181 0.825309 0.845004 0.827342 0.823181 0.825309 0.828287 0.819327 0.845004 0.827342 0.828287 0.819327 0.850523 0.819608 0.845004 0.827342 0.850523 0.819608 0.828287 0.819327 0.856749 0.811484 0.867601 0.822681 0.850523 0.819608 0.856749 0.811484 0.873354 0.815354 0.867601 0.822681 0.856749 0.811484 0.828287 0.819327 0.823181 0.825309 0.809145 0.827054 0.809145 0.827054 0.823181 0.825309 0.807956 0.830284 0.816103 0.811838 0.819265 0.807075 0.837653 0.808903 0.828287 0.819327 0.816103 0.811838 0.837653 0.808903 0.816103 0.811838 0.828287 0.819327 0.813383 0.817549 0.811104 0.822908 0.813383 0.817549 0.828287 0.819327 0.811104 0.822908 0.828287 0.819327 0.809145 0.827054 0.811104 0.822908 0.809145 0.827054 0.794994 0.826229 0.809145 0.827054 0.807956 0.830284 0.794994 0.826229 0.807956 0.830284 0.794994 0.829263 0.794994 0.826229 0.794994 0.829263 0.807956 0.830284 0.807221 0.83341 0.794994 0.832336 0.794994 0.829263 0.807221 0.83341 0.794994 0.832336 0.807221 0.83341 0.80562 0.836816 0.794994 0.83578 0.794994 0.832336 0.80562 0.836816 0.794994 0.83578 0.80562 0.836816 0.794994 0.841128 0.794994 0.83578 0.794994 0.841128 0.784686 0.842083 0.784686 0.842083 0.794994 0.841128 0.794994 0.848713 0.804829 0.849141 0.794994 0.848713 0.794994 0.841128 0.794994 0.848713 0.804829 0.849141 0.804718 0.855026 0.804718 0.855026 0.804829 0.849141 0.814366 0.855663 0.804718 0.855026 0.814366 0.855663 0.8095 0.861294 0.814366 0.855663 0.81435 0.86165 0.8095 0.861294 0.8095 0.861294 0.81435 0.86165 0.813698 0.866947 0.828287 0.819327 0.837653 0.808903 0.856749 0.811484 0.794994 0.829263 0.794994 0.832336 0.779938 0.83033 0.779938 0.83033 0.777957 0.827054 0.794994 0.829263 0.777957 0.827054 0.794994 0.826229 0.794994 0.829263 0.794598 0.822018 0.794994 0.826229 0.777957 0.827054 0.794598 0.822018 0.811104 0.822908 0.794994 0.826229 0.811104 0.822908 0.794598 0.822018 0.794994 0.815639 0.813383 0.817549 0.811104 0.822908 0.794994 0.815639 0.794994 0.815639 0.794994 0.810219 0.813383 0.817549 0.794994 0.810219 0.816103 0.811838 0.813383 0.817549 0.816103 0.811838 0.794994 0.810219 0.794994 0.806394 0.819265 0.807075 0.816103 0.811838 0.794994 0.806394 0.794994 0.806394 0.794994 0.802099 0.819265 0.807075 0.794994 0.802099 0.822696 0.802066 0.819265 0.807075 0.819265 0.807075 0.822696 0.802066 0.837653 0.808903 0.822696 0.802066 0.848246 0.802652 0.837653 0.808903 0.837653 0.808903 0.848246 0.802652 0.856749 0.811484 0.848246 0.802652 0.864271 0.804529 0.856749 0.811484 0.864271 0.804529 0.872163 0.798399 0.856749 0.811484 0.864271 0.804529 0.848246 0.802652 0.872163 0.798399 0.848246 0.802652 0.854815 0.797269 0.872163 0.798399 0.848246 0.802652 0.822696 0.802066 0.854815 0.797269 0.822696 0.802066 0.827245 0.796731 0.854815 0.797269 0.827245 0.796731 0.822696 0.802066 0.794994 0.796294 0.822696 0.802066 0.794994 0.802099 0.794994 0.796294 0.759049 0.796716 0.794994 0.796294 0.794994 0.802099 0.765206 0.802029 0.759049 0.796716 0.794994 0.802099 0.794994 0.802099 0.794994 0.806394 0.765206 0.802029 0.794994 0.806394 0.772523 0.80775 0.765206 0.802029 0.772523 0.80775 0.794994 0.806394 0.794994 0.810219 0.775072 0.811822 0.772523 0.80775 0.794994 0.810219 0.794994 0.810219 0.794994 0.815639 0.775072 0.811822 0.794994 0.815639 0.775558 0.817535 0.775072 0.811822 0.775558 0.817535 0.794994 0.815639 0.794598 0.822018 0.776742 0.822907 0.775558 0.817535 0.794598 0.822018 0.776742 0.822907 0.794598 0.822018 0.777957 0.827054 0.776742 0.822907 0.777957 0.827054 0.758368 0.819335 0.776742 0.822907 0.758368 0.819335 0.775558 0.817535 0.775072 0.811822 0.775558 0.817535 0.758368 0.819335 0.775072 0.811822 0.758368 0.819335 0.772523 0.80775 0.720239 0.8272 0.739237 0.823466 0.724277 0.83432 0.758368 0.819335 0.739237 0.823466 0.753106 0.811086 0.758368 0.819335 0.753106 0.811086 0.772523 0.80775 0.772523 0.80775 0.753106 0.811086 0.745924 0.804485 0.765206 0.802029 0.772523 0.80775 0.745924 0.804485 0.765206 0.802029 0.745924 0.804485 0.759049 0.796716 0.745924 0.804485 0.735509 0.796923 0.759049 0.796716 0.745924 0.804485 0.726202 0.807314 0.735509 0.796923 0.745924 0.804485 0.753106 0.811086 0.726202 0.807314 0.753106 0.811086 0.732324 0.814486 0.726202 0.807314 0.739237 0.823466 0.732324 0.814486 0.753106 0.811086 0.71116 0.817186 0.732324 0.814486 0.739237 0.823466 0.720239 0.8272 0.71116 0.817186 0.739237 0.823466 0.720239 0.8272 0.69402 0.830672 0.71116 0.817186 0.720239 0.8272 0.724277 0.83432 0.69402 0.830672 0.636058 0.812511 0.647392 0.808313 0.641126 0.829927 0.647392 0.808313 0.653379 0.826497 0.641126 0.829927 0.653379 0.826497 0.647392 0.808313 0.65964 0.804267 0.670404 0.823704 0.653379 0.826497 0.65964 0.804267 0.670404 0.823704 0.65964 0.804267 0.689032 0.821065 0.65964 0.804267 0.676334 0.801177 0.689032 0.821065 0.689032 0.821065 0.676334 0.801177 0.698565 0.800091 0.726202 0.807314 0.732324 0.814486 0.71116 0.817186 0.726202 0.807314 0.718714 0.798706 0.735509 0.796923 0.718714 0.798706 0.726202 0.807314 0.71116 0.817186 0.698565 0.800091 0.718714 0.798706 0.71116 0.817186 0.71116 0.817186 0.689032 0.821065 0.698565 0.800091 0.69402 0.830672 0.689032 0.821065 0.71116 0.817186 0.689032 0.821065 0.69402 0.830672 0.682335 0.843562 0.670404 0.823704 0.689032 0.821065 0.682335 0.843562 0.682335 0.843562 0.661943 0.845975 0.670404 0.823704 0.661943 0.845975 0.653379 0.826497 0.670404 0.823704 0.653379 0.826497 0.661943 0.845975 0.645997 0.847762 0.641126 0.829927 0.653379 0.826497 0.645997 0.847762 0.641126 0.829927 0.645997 0.847762 0.629177 0.832964 0.641126 0.829927 0.629177 0.832964 0.636058 0.812511 0.629177 0.832964 0.626543 0.816161 0.636058 0.812511 0.61662 0.818686 0.626543 0.816161 0.629177 0.832964 0.726321 0.841399 0.703616 0.846714 0.724277 0.83432 0.703616 0.846714 0.726321 0.841399 0.731797 0.848722 0.69402 0.830672 0.700107 0.840328 0.682335 0.843562 0.724277 0.83432 0.700107 0.840328 0.69402 0.830672 0.703616 0.846714 0.700107 0.840328 0.724277 0.83432 0.682335 0.843562 0.700107 0.840328 0.703616 0.846714 0.687606 0.854794 0.682335 0.843562 0.703616 0.846714 0.687606 0.854794 0.672996 0.869224 0.682335 0.843562 0.672996 0.869224 0.661943 0.845975 0.682335 0.843562 0.661943 0.845975 0.672996 0.869224 0.654393 0.871942 0.645997 0.847762 0.661943 0.845975 0.654393 0.871942 0.645997 0.847762 0.654393 0.871942 0.63106 0.850792 0.645997 0.847762 0.63106 0.850792 0.629177 0.832964 0.629177 0.832964 0.63106 0.850792 0.61965 0.853653 0.618689 0.835435 0.629177 0.832964 0.61965 0.853653 0.618689 0.835435 0.61662 0.818686 0.629177 0.832964 0.618689 0.835435 0.607376 0.836137 0.61662 0.818686 0.607376 0.836137 0.606723 0.819886 0.61662 0.818686 0.607376 0.836137 0.595406 0.836137 0.606723 0.819886 0.607376 0.836137 0.607685 0.854745 0.595406 0.836137 0.607685 0.854745 0.595406 0.855921 0.595406 0.836137 0.595406 0.903802 0.609966 0.902992 0.611664 0.918599 0.595406 0.91864 0.595406 0.903802 0.611664 0.918599 0.611664 0.918599 0.612428 0.934354 0.595406 0.91864 0.612428 0.934354 0.595406 0.935155 0.595406 0.91864 0.595406 0.935155 0.612428 0.934354 0.613439 0.947654 0.595406 0.947991 0.595406 0.935155 0.613439 0.947654 0.595406 0.970379 0.595406 0.95858 0.613433 0.957761 0.613433 0.957761 0.595406 0.95858 0.595406 0.947991 0.613439 0.947654 0.613433 0.957761 0.595406 0.947991 0.613433 0.957761 0.613439 0.947654 0.62796 0.94741 0.62796 0.94741 0.613439 0.947654 0.628043 0.934041 0.613439 0.947654 0.612428 0.934354 0.628043 0.934041 0.628043 0.934041 0.612428 0.934354 0.627756 0.918134 0.612428 0.934354 0.611664 0.918599 0.627756 0.918134 0.627756 0.918134 0.611664 0.918599 0.627192 0.901818 0.611664 0.918599 0.609966 0.902992 0.627192 0.901818 0.627192 0.901818 0.609966 0.902992 0.625058 0.876139 0.609966 0.902992 0.609016 0.877196 0.625058 0.876139 0.609966 0.902992 0.595406 0.903802 0.609016 0.877196 0.595406 0.903802 0.595406 0.877539 0.609016 0.877196 0.609016 0.877196 0.595406 0.877539 0.595406 0.855921 0.61965 0.853653 0.607685 0.854745 0.618689 0.835435 0.607685 0.854745 0.607376 0.836137 0.618689 0.835435 0.625058 0.876139 0.639093 0.874663 0.641003 0.899334 0.627192 0.901818 0.625058 0.876139 0.641003 0.899334 0.627192 0.901818 0.641003 0.899334 0.643579 0.916185 0.627756 0.918134 0.627192 0.901818 0.643579 0.916185 0.627756 0.918134 0.643579 0.916185 0.628043 0.934041 0.607685 0.854745 0.609016 0.877196 0.595406 0.855921 0.609016 0.877196 0.607685 0.854745 0.61965 0.853653 0.625058 0.876139 0.609016 0.877196 0.61965 0.853653 0.61965 0.853653 0.63106 0.850792 0.625058 0.876139 0.63106 0.850792 0.639093 0.874663 0.625058 0.876139 0.654393 0.871942 0.639093 0.874663 0.63106 0.850792 0.641003 0.899334 0.639093 0.874663 0.654393 0.871942 0.656613 0.896365 0.641003 0.899334 0.654393 0.871942 0.641003 0.899334 0.656613 0.896365 0.658343 0.910077 0.643579 0.916185 0.641003 0.899334 0.658343 0.910077 0.658343 0.910077 0.658468 0.92941 0.643579 0.916185 0.658468 0.92941 0.643157 0.932967 0.643579 0.916185 0.643579 0.916185 0.643157 0.932967 0.628043 0.934041 0.628043 0.934041 0.643157 0.932967 0.642126 0.947166 0.62796 0.94741 0.628043 0.934041 0.642126 0.947166 0.62796 0.94741 0.642126 0.947166 0.628097 0.957805 0.628097 0.957805 0.613433 0.957761 0.62796 0.94741 0.61033 0.971135 0.613433 0.957761 0.628097 0.957805 0.658468 0.92941 0.680843 0.926514 0.677695 0.946691 0.642126 0.947166 0.64184 0.957848 0.628097 0.957805 0.623659 0.983242 0.608907 0.98307 0.61033 0.971135 0.624835 0.970822 0.623659 0.983242 0.61033 0.971135 0.624835 0.970822 0.61033 0.971135 0.628097 0.957805 0.624835 0.970822 0.628097 0.957805 0.63799 0.970951 0.628097 0.957805 0.64184 0.957848 0.63799 0.970951 0.63799 0.970951 0.64184 0.957848 0.656005 0.958091 0.656005 0.958091 0.64184 0.957848 0.642126 0.947166 0.656217 0.946404 0.656005 0.958091 0.642126 0.947166 0.642126 0.947166 0.643157 0.932967 0.656217 0.946404 0.643157 0.932967 0.658468 0.92941 0.656217 0.946404 0.656217 0.946404 0.658468 0.92941 0.677695 0.946691 0.656217 0.946404 0.677695 0.946691 0.656005 0.958091 0.677695 0.946691 0.67719 0.958311 0.656005 0.958091 0.656005 0.958091 0.67719 0.958311 0.654691 0.971206 0.67719 0.958311 0.677143 0.97189 0.654691 0.971206 0.654691 0.971206 0.677143 0.97189 0.653401 0.982987 0.677143 0.97189 0.674164 0.984189 0.653401 0.982987 0.654691 0.971206 0.63799 0.970951 0.656005 0.958091 0.654691 0.971206 0.653401 0.982987 0.63799 0.970951 0.653401 0.982987 0.636801 0.98318 0.63799 0.970951 0.63799 0.970951 0.636801 0.98318 0.623659 0.983242 0.624835 0.970822 0.63799 0.970951 0.623659 0.983242 0.699255 0.95781 0.67719 0.958311 0.677695 0.946691 0.677143 0.97189 0.67719 0.958311 0.699255 0.95781 0.61033 0.971135 0.595406 0.970379 0.613433 0.957761 0.61033 0.971135 0.608907 0.98307 0.595406 0.970379 0.608907 0.98307 0.595406 0.982604 0.595406 0.970379 0.608907 0.98307 0.60842 0.992702 0.595406 0.982604 0.60842 0.992702 0.608907 0.98307 0.623659 0.983242 0.621031 0.992855 0.60842 0.992702 0.623659 0.983242 0.621031 0.992855 0.623659 0.983242 0.634424 0.992797 0.623659 0.983242 0.636801 0.98318 0.634424 0.992797 0.634424 0.992797 0.636801 0.98318 0.651539 0.992846 0.636801 0.98318 0.653401 0.982987 0.651539 0.992846 0.651539 0.992846 0.653401 0.982987 0.670312 0.993643 0.653401 0.982987 0.674164 0.984189 0.670312 0.993643 0.670312 0.993643 0.674164 0.984189 0.705997 0.983475 0.705997 0.983475 0.674164 0.984189 0.677143 0.97189 0.701089 0.971048 0.705997 0.983475 0.677143 0.97189 0.701089 0.971048 0.677143 0.97189 0.699255 0.95781 0.701089 0.971048 0.699255 0.95781 0.722037 0.970252 0.699255 0.95781 0.720076 0.957385 0.722037 0.970252 0.60842 0.992702 0.595406 0.992715 0.595406 0.982604</float_array>
          <technique_common>
            <accessor source="#player_male_portal_player_mdl_Body_portal_player_reference_smd_-mesh-map-0-array" count="13824" stride="2">
              <param name="S" type="float"/>
              <param name="T" type="float"/>
            </accessor>
          </technique_common>
        </source>
        <vertices id="player_male_portal_player_mdl_Body_portal_player_reference_smd_-mesh-vertices">
          <input semantic="POSITION" source="#player_male_portal_player_mdl_Body_portal_player_reference_smd_-mesh-positions"/>
        </vertices>
        <triangles material="portal_player_sheet-material" count="4608">
          <input semantic="VERTEX" source="#player_male_portal_player_mdl_Body_portal_player_reference_smd_-mesh-vertices" offset="0"/>
          <input semantic="NORMAL" source="#player_male_portal_player_mdl_Body_portal_player_reference_smd_-mesh-normals" offset="1"/>
          <input semantic="TEXCOORD" source="#player_male_portal_player_mdl_Body_portal_player_reference_smd_-mesh-map-0" offset="2" set="0"/>
          <p>1412 0 0 1406 1 1 1404 2 2 1406 1 3 1412 0 4 1966 3 5 2879 4 6 1406 1 7 1966 3 8 2879 4 9 1966 3 10 1951 5 11 2878 6 12 2879 4 13 1951 5 14 2878 6 15 1951 5 16 2877 7 17 1951 5 18 1949 8 19 2877 7 20 2877 7 21 1949 8 22 2876 9 23 2876 9 24 1949 8 25 2875 10 26 1949 8 27 1953 11 28 2875 10 29 2875 10 30 1953 11 31 2874 12 32 1953 11 33 1955 13 34 2874 12 35 2874 12 36 1955 13 37 2873 14 38 1955 13 39 1957 15 40 2873 14 41 2871 16 42 2873 14 43 1957 15 44 1959 17 45 2871 16 46 1957 15 47 2871 16 48 1959 17 49 2870 18 50 2872 19 51 2871 16 52 2870 18 53 2375 20 54 2384 21 55 2368 22 56 2384 21 57 2366 23 58 2368 22 59 2385 24 60 2366 23 61 2384 21 62 2385 24 63 2367 25 64 2366 23 65 2393 26 66 2367 25 67 2385 24 68 2393 26 69 2395 27 70 2367 25 71 2395 27 72 2396 28 73 2367 25 74 2365 29 75 2367 25 76 2396 28 77 2364 30 78 2365 29 79 2396 28 80 2397 31 81 2364 30 82 2396 28 83 2397 31 84 2868 32 85 2364 30 86 2364 30 87 2868 32 88 2362 33 89 2362 33 90 2868 32 91 2869 34 92 2869 34 93 2273 35 94 2362 33 95 2258 36 96 2273 35 97 2869 34 98 2869 34 99 2868 32 100 2258 36 101 2258 36 102 2868 32 103 2259 37 104 2259 37 105 2868 32 106 2397 31 107 2865 38 108 2867 39 109 2866 40 110 2865 38 111 2866 40 112 2864 41 113 2861 42 114 2865 38 115 2864 41 116 2864 41 117 2863 43 118 2861 42 119 2863 43 120 2862 44 121 2861 42 122 2859 45 123 2315 46 124 2858 47 125 2315 46 126 2859 45 127 2309 48 128 2859 45 129 2860 49 130 2309 48 131 2309 48 132 2860 49 133 2308 50 134 2308 50 135 2860 49 136 2319 51 137 2319 51 138 2860 49 139 2859 45 140 2319 51 141 2859 45 142 2318 52 143 2859 45 144 2858 47 145 2318 52 146 2318 52 147 2858 47 148 2539 53 149 2539 53 150 2858 47 151 2317 54 152 2858 47 153 2316 55 154 2317 54 155 2315 46 156 2316 55 157 2858 47 158 2856 56 159 2855 57 160 2857 58 161 2855 57 162 2856 56 163 2854 59 164 2853 60 165 2855 57 166 2854 59 167 2854 59 168 2852 61 169 2853 60 170 2852 61 171 2849 62 172 2853 60 173 2852 61 174 2851 63 175 2849 62 176 2851 63 177 2850 64 178 2849 62 179 2847 65 180 2848 66 181 2845 67 182 2847 65 183 2845 67 184 2846 68 185 2843 69 186 2846 68 187 2845 67 188 2844 70 189 2843 69 190 2845 67 191 2843 69 192 2844 70 193 2841 71 194 2842 72 195 2843 69 196 2841 71 197 2842 72 198 2841 71 199 2840 73 200 2839 74 201 39 75 202 2358 76 203 37 77 204 39 75 205 2839 74 206 2839 74 207 2838 78 208 37 77 209 2838 78 210 28 79 211 37 77 212 2838 78 213 2837 80 214 28 79 215 2837 80 216 33 81 217 28 79 218 2837 80 219 2351 82 220 33 81 221 2338 83 222 33 81 223 2351 82 224 22 84 225 33 81 226 2338 83 227 2339 85 228 22 84 229 2338 83 230 2339 85 231 5 86 232 22 84 233 2339 85 234 2337 87 235 5 86 236 2337 87 237 4 88 238 5 86 239 2546 89 240 4 88 241 2337 87 242 4 88 243 2546 89 244 3 90 245 2546 89 246 343 91 247 3 90 248 336 92 249 3 90 250 343 91 251 336 92 252 343 91 253 335 93 254 3 90 255 2836 94 256 8 95 257 6 96 258 3 90 259 8 95 260 336 92 261 334 97 262 3 90 263 334 97 264 2836 94 265 3 90 266 2836 94 267 334 97 268 332 98 269 2835 99 270 2836 94 271 332 98 272 8 95 273 2836 94 274 2835 99 275 2834 100 276 8 95 277 2835 99 278 2834 100 279 10 101 280 8 95 281 2830 102 282 2821 103 283 2817 104 284 2817 104 285 2816 105 286 2830 102 287 2816 105 288 2828 106 289 2830 102 290 2828 106 291 2816 105 292 2803 107 293 2827 108 294 2828 106 295 2803 107 296 2803 107 297 2791 109 298 2827 108 299 2791 109 300 2826 110 301 2827 108 302 2826 110 303 2791 109 304 2770 111 305 2768 112 306 2826 110 307 2770 111 308 2825 113 309 2826 110 310 2768 112 311 2768 112 312 2771 114 313 2825 113 314 2771 114 315 2833 115 316 2825 113 317 2771 114 318 2773 116 319 2833 115 320 2773 116 321 2727 117 322 2833 115 323 2773 116 324 2728 118 325 2727 117 326 2774 119 327 2728 118 328 2773 116 329 2774 119 330 2729 120 331 2728 118 332 2751 121 333 2729 120 334 2774 119 335 390 122 336 2823 123 337 2832 124 338 2823 123 339 2822 125 340 2832 124 341 2822 125 342 2831 126 343 2832 124 344 2822 125 345 2821 103 346 2831 126 347 2821 103 348 2829 127 349 2831 126 350 2829 127 351 2821 103 352 2830 102 353 2830 102 354 2828 106 355 2829 127 356 2828 106 357 2824 128 358 2829 127 359 2824 128 360 2828 106 361 2827 108 362 2827 108 363 2826 110 364 2824 128 365 2826 110 366 2825 113 367 2824 128 368 2799 129 369 2815 130 370 2742 131 371 2814 132 372 2742 131 373 2815 130 374 390 122 375 2742 131 376 2814 132 377 2820 133 378 390 122 379 2814 132 380 2823 123 381 390 122 382 2820 133 383 2820 133 384 2819 134 385 2823 123 386 2819 134 387 2822 125 388 2823 123 389 2819 134 390 2818 135 391 2822 125 392 2818 135 393 2821 103 394 2822 125 395 2821 103 396 2818 135 397 2817 104 398 2814 132 399 2812 136 400 2820 133 401 2812 136 402 2819 134 403 2820 133 404 2812 136 405 2810 137 406 2819 134 407 2810 137 408 2818 135 409 2819 134 410 2818 135 411 2810 137 412 2808 138 413 2817 104 414 2818 135 415 2808 138 416 2808 138 417 2806 139 418 2817 104 419 2806 139 420 2816 105 421 2817 104 422 2816 105 423 2806 139 424 2804 140 425 2803 107 426 2816 105 427 2804 140 428 2815 130 429 2813 141 430 2814 132 431 2813 141 432 2812 136 433 2814 132 434 2813 141 435 2811 142 436 2812 136 437 2811 142 438 2810 137 439 2812 136 440 2810 137 441 2811 142 442 2809 143 443 2808 138 444 2810 137 445 2809 143 446 2809 143 447 2807 144 448 2808 138 449 2807 144 450 2806 139 451 2808 138 452 2806 139 453 2807 144 454 2805 145 455 2804 140 456 2806 139 457 2805 145 458 2805 145 459 2793 146 460 2804 140 461 2793 146 462 2792 147 463 2804 140 464 2804 140 465 2792 147 466 2803 107 467 2792 147 468 2791 109 469 2803 107 470 2798 148 471 2797 149 472 2799 129 473 2797 149 474 2802 150 475 2799 129 476 2797 149 477 2800 151 478 2802 150 479 2800 151 480 2797 149 481 2796 152 482 2801 153 483 2800 151 484 2796 152 485 2743 154 486 2799 129 487 2742 131 488 2758 155 489 2799 129 490 2743 154 491 2758 155 492 2798 148 493 2799 129 494 2798 148 495 2758 155 496 2757 156 497 2797 149 498 2798 148 499 2757 156 500 2790 157 501 2797 149 502 2757 156 503 2797 149 504 2790 157 505 2796 152 506 2790 157 507 2789 158 508 2796 152 509 2789 158 510 2795 159 511 2796 152 512 2789 158 513 2788 160 514 2795 159 515 2788 160 516 2794 161 517 2795 159 518 2788 160 519 2786 162 520 2794 161 521 2786 162 522 2793 146 523 2794 161 524 2793 146 525 2786 162 526 2784 163 527 2792 147 528 2793 146 529 2784 163 530 2782 164 531 2792 147 532 2784 163 533 2791 109 534 2792 147 535 2782 164 536 2770 111 537 2791 109 538 2782 164 539 2754 165 540 2787 166 541 2757 156 542 2787 166 543 2754 165 544 2779 167 545 2754 165 546 2755 168 547 2779 167 548 2786 162 549 2785 169 550 2784 163 551 2789 158 552 2790 157 553 2757 156 554 2787 166 555 2789 158 556 2757 156 557 2787 166 558 2788 160 559 2789 158 560 2788 160 561 2787 166 562 2786 162 563 2786 162 564 2787 166 565 2779 167 566 2785 169 567 2786 162 568 2779 167 569 2778 170 570 2785 169 571 2779 167 572 2785 169 573 2778 170 574 2784 163 575 2778 170 576 2780 171 577 2784 163 578 2784 163 579 2780 171 580 2782 164 581 2780 171 582 2781 172 583 2782 164 584 2780 171 585 2777 173 586 2781 172 587 2777 173 588 2783 174 589 2781 172 590 2777 173 591 2776 175 592 2783 174 593 2776 175 594 2775 176 595 2783 174 596 2783 174 597 2775 176 598 2772 177 599 2783 174 600 2772 177 601 2769 178 602 2781 172 603 2783 174 604 2769 178 605 2781 172 606 2769 178 607 2770 111 608 2782 164 609 2781 172 610 2770 111 611 2777 173 612 2780 171 613 2778 170 614 2767 179 615 2755 168 616 2753 180 617 2755 168 618 2767 179 619 2779 167 620 2767 179 621 2766 181 622 2779 167 623 2766 181 624 2778 170 625 2779 167 626 2766 181 627 2752 182 628 2778 170 629 2752 182 630 2777 173 631 2778 170 632 2752 182 633 2749 183 634 2777 173 635 2749 183 636 2776 175 637 2777 173 638 2776 175 639 2749 183 640 2750 184 641 2776 175 642 2750 184 643 2775 176 644 2750 184 645 2751 121 646 2775 176 647 2775 176 648 2751 121 649 2774 119 650 2775 176 651 2774 119 652 2772 177 653 2772 177 654 2774 119 655 2773 116 656 2772 177 657 2773 116 658 2771 114 659 2769 178 660 2772 177 661 2771 114 662 2769 178 663 2771 114 664 2768 112 665 2770 111 666 2769 178 667 2768 112 668 2759 185 669 2760 186 670 2753 180 671 2760 186 672 2765 187 673 2753 180 674 2765 187 675 2767 179 676 2753 180 677 2767 179 678 2765 187 679 2766 181 680 2765 187 681 2752 182 682 2766 181 683 2765 187 684 2748 188 685 2752 182 686 2748 188 687 2765 187 688 2762 189 689 2747 190 690 2748 188 691 2762 189 692 2762 189 693 2765 187 694 2760 186 695 2761 191 696 2764 192 697 2763 193 698 2764 192 699 2761 191 700 2741 194 701 2744 195 702 2764 192 703 2741 194 704 2764 192 705 2744 195 706 2746 196 707 2763 193 708 2764 192 709 2746 196 710 2746 196 711 2747 190 712 2763 193 713 2747 190 714 2762 189 715 2763 193 716 2762 189 717 2761 191 718 2763 193 719 2761 191 720 2762 189 721 2760 186 722 2761 191 723 2760 186 724 2741 194 725 2760 186 726 2759 185 727 2741 194 728 2759 185 729 2743 154 730 2741 194 731 2743 154 732 2759 185 733 2753 180 734 2758 155 735 2743 154 736 2753 180 737 2756 197 738 2758 155 739 2753 180 740 2758 155 741 2756 197 742 2757 156 743 2756 197 744 2754 165 745 2757 156 746 2754 165 747 2756 197 748 2753 180 749 2755 168 750 2754 165 751 2753 180 752 2749 183 753 2752 182 754 2748 188 755 2744 195 756 2745 198 757 2746 196 758 2729 120 759 2751 121 760 2730 199 761 2751 121 762 2750 184 763 2730 199 764 2735 200 765 2730 199 766 2750 184 767 2749 183 768 2735 200 769 2750 184 770 2749 183 771 2737 201 772 2735 200 773 2737 201 774 2749 183 775 2748 188 776 2736 202 777 2737 201 778 2748 188 779 2747 190 780 2736 202 781 2748 188 782 2736 202 783 2747 190 784 2738 203 785 2747 190 786 2746 196 787 2738 203 788 2739 204 789 2738 203 790 2746 196 791 2745 198 792 2739 204 793 2746 196 794 2739 204 795 2745 198 796 2740 205 797 2745 198 798 2744 195 799 2740 205 800 2744 195 801 390 122 802 2740 205 803 2744 195 804 2741 194 805 390 122 806 2742 131 807 390 122 808 2741 194 809 2743 154 810 2742 131 811 2741 194 812 381 206 813 383 207 814 379 208 815 383 207 816 381 206 817 387 209 818 381 206 819 378 210 820 387 209 821 378 210 822 399 211 823 387 209 824 399 211 825 378 210 826 376 212 827 2733 213 828 399 211 829 376 212 830 2733 213 831 391 214 832 399 211 833 391 214 834 2733 213 835 2732 215 836 390 122 837 391 214 838 2732 215 839 390 122 840 2732 215 841 2731 216 842 390 122 843 2731 216 844 2740 205 845 2725 217 846 2740 205 847 2731 216 848 2739 204 849 2740 205 850 2725 217 851 2730 199 852 2739 204 853 2725 217 854 2738 203 855 2739 204 856 2730 199 857 2735 200 858 2738 203 859 2730 199 860 2735 200 861 2736 202 862 2738 203 863 2737 201 864 2736 202 865 2735 200 866 374 218 867 373 219 868 2734 220 869 375 221 870 374 218 871 2734 220 872 375 221 873 2734 220 874 376 212 875 2733 213 876 376 212 877 2734 220 878 2733 213 879 2734 220 880 373 219 881 2733 213 882 373 219 883 2732 215 884 2732 215 885 373 219 886 188 222 887 2731 216 888 2732 215 889 188 222 890 2731 216 891 188 222 892 184 223 893 2725 217 894 2731 216 895 184 223 896 184 223 897 182 224 898 2725 217 899 182 224 900 180 225 901 2725 217 902 189 226 903 2725 217 904 180 225 905 189 226 906 2192 227 907 2725 217 908 2725 217 909 2729 120 910 2730 199 911 2726 228 912 2729 120 913 2725 217 914 2729 120 915 2726 228 916 2728 118 917 2726 228 918 2724 229 919 2728 118 920 2728 118 921 2724 229 922 2727 117 923 2726 228 924 2725 217 925 2724 229 926 2689 230 927 2691 231 928 2722 232 929 2691 231 930 2723 233 931 2722 232 932 2691 231 933 2715 234 934 2723 233 935 2715 234 936 2716 235 937 2723 233 938 2723 233 939 2716 235 940 2719 236 941 2716 235 942 2717 237 943 2719 236 944 2722 232 945 2723 233 946 2721 238 947 2723 233 948 2719 236 949 2721 238 950 2685 239 951 2687 240 952 2693 241 953 2687 240 954 2708 242 955 2693 241 956 2708 242 957 2687 240 958 2689 230 959 2722 232 960 2708 242 961 2689 230 962 2709 243 963 2708 242 964 2722 232 965 2721 238 966 2709 243 967 2722 232 968 2711 244 969 2709 243 970 2721 238 971 2721 238 972 2719 236 973 2711 244 974 2719 236 975 2720 245 976 2711 244 977 2719 236 978 2718 246 979 2720 245 980 2717 237 981 2718 246 982 2719 236 983 2349 247 984 2718 246 985 2717 237 986 2717 237 987 2716 235 988 2349 247 989 2349 247 990 2716 235 991 2654 248 992 2716 235 993 2715 234 994 2654 248 995 2715 234 996 2657 249 997 2654 248 998 2657 249 999 2715 234 1000 2691 231 1001 2690 250 1002 2657 249 1003 2691 231 1004 2702 251 1005 2714 252 1006 2701 253 1007 2702 251 1008 2703 254 1009 2714 252 1010 2703 254 1011 2713 255 1012 2714 252 1013 2703 254 1014 2704 256 1015 2713 255 1016 2704 256 1017 2712 257 1018 2713 255 1019 2712 257 1020 2704 256 1021 2705 258 1022 2705 258 1023 2706 259 1024 2712 257 1025 2706 259 1026 2710 260 1027 2712 257 1028 2710 260 1029 2706 259 1030 2707 261 1031 2709 243 1032 2711 244 1033 2710 260 1034 2707 261 1035 2709 243 1036 2710 260 1037 2708 242 1038 2709 243 1039 2707 261 1040 2693 241 1041 2708 242 1042 2707 261 1043 2707 261 1044 2706 259 1045 2693 241 1046 2706 259 1047 2692 262 1048 2693 241 1049 2692 262 1050 2706 259 1051 2705 258 1052 2694 263 1053 2692 262 1054 2705 258 1055 2705 258 1056 2704 256 1057 2694 263 1058 2704 256 1059 2695 264 1060 2694 263 1061 2695 264 1062 2704 256 1063 2703 254 1064 2696 265 1065 2695 264 1066 2703 254 1067 2696 265 1068 2703 254 1069 2702 251 1070 2697 266 1071 2696 265 1072 2702 251 1073 2697 266 1074 2702 251 1075 2700 267 1076 2700 267 1077 2702 251 1078 2701 253 1079 2699 268 1080 2700 267 1081 2701 253 1082 2699 268 1083 2701 253 1084 2343 269 1085 2699 268 1086 2343 269 1087 2640 270 1088 2640 270 1089 2698 271 1090 2699 268 1091 2698 271 1092 2697 266 1093 2700 267 1094 2698 271 1095 2700 267 1096 2699 268 1097 2636 272 1098 2637 273 1099 2640 270 1100 2637 273 1101 2698 271 1102 2640 270 1103 2637 273 1104 2677 274 1105 2698 271 1106 2677 274 1107 2697 266 1108 2698 271 1109 2677 274 1110 2678 275 1111 2697 266 1112 2678 275 1113 2696 265 1114 2697 266 1115 2678 275 1116 2679 276 1117 2696 265 1118 2679 276 1119 2695 264 1120 2696 265 1121 2695 264 1122 2679 276 1123 2681 277 1124 2694 263 1125 2695 264 1126 2681 277 1127 2681 277 1128 2683 278 1129 2694 263 1130 2683 278 1131 2692 262 1132 2694 263 1133 2692 262 1134 2683 278 1135 2685 239 1136 2693 241 1137 2692 262 1138 2685 239 1139 2690 250 1140 2691 231 1141 2689 230 1142 2688 279 1143 2690 250 1144 2689 230 1145 2689 230 1146 2687 240 1147 2688 279 1148 2687 240 1149 2686 280 1150 2688 279 1151 2686 280 1152 2687 240 1153 2685 239 1154 2684 281 1155 2686 280 1156 2685 239 1157 2685 239 1158 2683 278 1159 2684 281 1160 2683 278 1161 2682 282 1162 2684 281 1163 2682 282 1164 2683 278 1165 2681 277 1166 2680 283 1167 2682 282 1168 2681 277 1169 2681 277 1170 2679 276 1171 2680 283 1172 2679 276 1173 2673 284 1174 2680 283 1175 2673 284 1176 2679 276 1177 2678 275 1178 2672 285 1179 2673 284 1180 2678 275 1181 2672 285 1182 2678 275 1183 2677 274 1184 2675 286 1185 2672 285 1186 2677 274 1187 2675 286 1188 2677 274 1189 2637 273 1190 2620 287 1191 2675 286 1192 2637 273 1193 2618 288 1194 2633 289 1195 2676 290 1196 2676 290 1197 2633 289 1198 2630 291 1199 2630 291 1200 2628 292 1201 2676 290 1202 2676 290 1203 2628 292 1204 2639 293 1205 2639 293 1206 2618 288 1207 2676 290 1208 2638 294 1209 2618 288 1210 2639 293 1211 2638 294 1212 2620 287 1213 2618 288 1214 2638 294 1215 2626 295 1216 2620 287 1217 2626 295 1218 2675 286 1219 2620 287 1220 2626 295 1221 2624 296 1222 2675 286 1223 2624 296 1224 2674 297 1225 2675 286 1226 2674 297 1227 2672 285 1228 2675 286 1229 2674 297 1230 2671 298 1231 2672 285 1232 2674 297 1233 2624 296 1234 2671 298 1235 2624 296 1236 2622 299 1237 2671 298 1238 2670 300 1239 2673 284 1240 2671 298 1241 2671 298 1242 2673 284 1243 2672 285 1244 2671 298 1245 2622 299 1246 2623 301 1247 2663 302 1248 2671 298 1249 2623 301 1250 2663 302 1251 2670 300 1252 2671 298 1253 2663 302 1254 2662 303 1255 2670 300 1256 2662 303 1257 2669 304 1258 2670 300 1259 2662 303 1260 2661 305 1261 2669 304 1262 2661 305 1263 2668 306 1264 2669 304 1265 2661 305 1266 2659 307 1267 2668 306 1268 2659 307 1269 2667 308 1270 2668 306 1271 2666 309 1272 2667 308 1273 2659 307 1274 2665 310 1275 2666 309 1276 2659 307 1277 2660 311 1278 2665 310 1279 2659 307 1280 2660 311 1281 2664 312 1282 2665 310 1283 2660 311 1284 2658 313 1285 2664 312 1286 2658 313 1287 2656 314 1288 2664 312 1289 2655 315 1290 2656 314 1291 2658 313 1292 2658 313 1293 2649 316 1294 2655 315 1295 2655 315 1296 2649 316 1297 2648 317 1298 2662 303 1299 2663 302 1300 2623 301 1301 2623 301 1302 2661 305 1303 2662 303 1304 2661 305 1305 2623 301 1306 2659 307 1307 2623 301 1308 2649 316 1309 2659 307 1310 2659 307 1311 2649 316 1312 2658 313 1313 2660 311 1314 2659 307 1315 2658 313 1316 2656 314 1317 2654 248 1318 2657 249 1319 2656 314 1320 2651 318 1321 2654 248 1322 2655 315 1323 2651 318 1324 2656 314 1325 2655 315 1326 2648 317 1327 2651 318 1328 2648 317 1329 2646 319 1330 2651 318 1331 2648 317 1332 2647 320 1333 2646 319 1334 2650 321 1335 2652 322 1336 2651 318 1337 2651 318 1338 2652 322 1339 2654 248 1340 2654 248 1341 2652 322 1342 2349 247 1343 2653 323 1344 2349 247 1345 2652 322 1346 2343 269 1347 2342 324 1348 2641 325 1349 2349 247 1350 2641 325 1351 2342 324 1352 2642 326 1353 2641 325 1354 2349 247 1355 2653 323 1356 2642 326 1357 2349 247 1358 2653 323 1359 2643 327 1360 2642 326 1361 2653 323 1362 2652 322 1363 2643 327 1364 2643 327 1365 2652 322 1366 2644 328 1367 2644 328 1368 2652 322 1369 2650 321 1370 2645 329 1371 2644 328 1372 2650 321 1373 2650 321 1374 2646 319 1375 2645 329 1376 2651 318 1377 2646 319 1378 2650 321 1379 2648 317 1380 2649 316 1381 2623 301 1382 2647 320 1383 2648 317 1384 2623 301 1385 2647 320 1386 2623 301 1387 2621 330 1388 2647 320 1389 2621 330 1390 2646 319 1391 2627 331 1392 2646 319 1393 2621 330 1394 2645 329 1395 2646 319 1396 2627 331 1397 2629 332 1398 2645 329 1399 2627 331 1400 2644 328 1401 2645 329 1402 2629 332 1403 2629 332 1404 2631 333 1405 2644 328 1406 2644 328 1407 2631 333 1408 2643 327 1409 2631 333 1410 2632 334 1411 2643 327 1412 2643 327 1413 2632 334 1414 2642 326 1415 2642 326 1416 2632 334 1417 2634 335 1418 2634 335 1419 2641 325 1420 2642 326 1421 2634 335 1422 2635 336 1423 2641 325 1424 2635 336 1425 2343 269 1426 2641 325 1427 2343 269 1428 2635 336 1429 2636 272 1430 2640 270 1431 2343 269 1432 2636 272 1433 2639 293 1434 2628 292 1435 2638 294 1436 2638 294 1437 2628 292 1438 2626 295 1439 2625 337 1440 2627 331 1441 2621 330 1442 2620 287 1443 2637 273 1444 2636 272 1445 2619 338 1446 2620 287 1447 2636 272 1448 2636 272 1449 2635 336 1450 2619 338 1451 2618 288 1452 2619 338 1453 2635 336 1454 2618 288 1455 2635 336 1456 2634 335 1457 2633 289 1458 2618 288 1459 2634 335 1460 2634 335 1461 2632 334 1462 2633 289 1463 2630 291 1464 2633 289 1465 2632 334 1466 2632 334 1467 2631 333 1468 2630 291 1469 2630 291 1470 2631 333 1471 2629 332 1472 2630 291 1473 2629 332 1474 2628 292 1475 2628 292 1476 2629 332 1477 2627 331 1478 2627 331 1479 2626 295 1480 2628 292 1481 2627 331 1482 2625 337 1483 2626 295 1484 2625 337 1485 2624 296 1486 2626 295 1487 2625 337 1488 2621 330 1489 2624 296 1490 2621 330 1491 2622 299 1492 2624 296 1493 2623 301 1494 2622 299 1495 2621 330 1496 2620 287 1497 2619 338 1498 2618 288 1499 2614 339 1500 2613 340 1501 202 341 1502 372 342 1503 2614 339 1504 202 341 1505 2615 343 1506 2614 339 1507 372 342 1508 361 344 1509 2615 343 1510 372 342 1511 2616 345 1512 2615 343 1513 361 344 1514 363 346 1515 2616 345 1516 361 344 1517 2616 345 1518 363 346 1519 2599 347 1520 2617 348 1521 2616 345 1522 2599 347 1523 2600 349 1524 2617 348 1525 2599 347 1526 2617 348 1527 2600 349 1528 2601 350 1529 2616 345 1530 2617 348 1531 2601 350 1532 2611 351 1533 2616 345 1534 2601 350 1535 2615 343 1536 2616 345 1537 2611 351 1538 2609 352 1539 2615 343 1540 2611 351 1541 2614 339 1542 2615 343 1543 2609 352 1544 2563 353 1545 2614 339 1546 2609 352 1547 2613 340 1548 2614 339 1549 2563 353 1550 203 354 1551 2613 340 1552 2563 353 1553 2613 340 1554 203 354 1555 202 341 1556 2602 355 1557 2612 356 1558 2601 350 1559 2612 356 1560 2611 351 1561 2601 350 1562 2612 356 1563 2610 357 1564 2611 351 1565 2610 357 1566 2609 352 1567 2611 351 1568 2610 357 1569 2608 358 1570 2609 352 1571 2608 358 1572 2563 353 1573 2609 352 1574 2608 358 1575 2607 359 1576 2563 353 1577 2607 359 1578 2565 360 1579 2563 353 1580 2607 359 1581 2606 361 1582 2565 360 1583 2606 361 1584 2567 362 1585 2565 360 1586 2606 361 1587 2605 363 1588 2567 362 1589 2605 363 1590 2568 364 1591 2567 362 1592 2605 363 1593 2604 365 1594 2568 364 1595 2604 365 1596 2579 366 1597 2568 364 1598 2604 365 1599 2603 367 1600 2579 366 1601 2603 367 1602 2598 368 1603 2579 366 1604 2603 367 1605 2602 355 1606 2598 368 1607 2602 355 1608 2601 350 1609 2598 368 1610 2597 369 1611 2598 368 1612 2601 350 1613 2600 349 1614 2597 369 1615 2601 350 1616 2597 369 1617 2600 349 1618 2592 370 1619 2592 370 1620 2600 349 1621 2599 347 1622 2593 371 1623 2592 370 1624 2599 347 1625 2599 347 1626 363 346 1627 2593 371 1628 363 346 1629 362 372 1630 2593 371 1631 2597 369 1632 2595 373 1633 2598 368 1634 2595 373 1635 2579 366 1636 2598 368 1637 2595 373 1638 2581 374 1639 2579 366 1640 2595 373 1641 2583 375 1642 2581 374 1643 2596 376 1644 2583 375 1645 2595 373 1646 2583 375 1647 2596 376 1648 2591 377 1649 2596 376 1650 2592 370 1651 2591 377 1652 2596 376 1653 2597 369 1654 2592 370 1655 2597 369 1656 2596 376 1657 2595 373 1658 2594 378 1659 324 379 1660 323 380 1661 324 379 1662 2594 378 1663 358 381 1664 358 381 1665 2594 378 1666 360 382 1667 2594 378 1668 362 372 1669 360 382 1670 362 372 1671 2594 378 1672 323 380 1673 2593 371 1674 362 372 1675 323 380 1676 2593 371 1677 323 380 1678 2590 383 1679 2592 370 1680 2593 371 1681 2590 383 1682 2592 370 1683 2590 383 1684 2591 377 1685 2590 383 1686 2589 384 1687 2591 377 1688 2589 384 1689 2587 385 1690 2591 377 1691 2587 385 1692 2588 386 1693 2591 377 1694 2588 386 1695 2583 375 1696 2591 377 1697 2583 375 1698 2588 386 1699 2582 387 1700 323 380 1701 317 388 1702 316 389 1703 323 380 1704 316 389 1705 2590 383 1706 316 389 1707 305 390 1708 2590 383 1709 305 390 1710 2589 384 1711 2590 383 1712 2589 384 1713 305 390 1714 300 391 1715 2587 385 1716 2589 384 1717 300 391 1718 2587 385 1719 300 391 1720 294 392 1721 2586 393 1722 2587 385 1723 294 392 1724 284 394 1725 2586 393 1726 294 392 1727 2586 393 1728 284 394 1729 2582 387 1730 284 394 1731 292 395 1732 2582 387 1733 292 395 1734 2580 396 1735 2582 387 1736 2580 396 1737 292 395 1738 285 397 1739 2585 398 1740 2580 396 1741 285 397 1742 286 399 1743 2585 398 1744 285 397 1745 2585 398 1746 286 399 1747 2584 400 1748 286 399 1749 287 401 1750 2584 400 1751 287 401 1752 293 402 1753 2584 400 1754 2588 386 1755 2587 385 1756 2582 387 1757 2587 385 1758 2586 393 1759 2582 387 1760 293 402 1761 2577 403 1762 2584 400 1763 2584 400 1764 2577 403 1765 2578 404 1766 2578 404 1767 2580 396 1768 2584 400 1769 2580 396 1770 2585 398 1771 2584 400 1772 2583 375 1773 2582 387 1774 2581 374 1775 2580 396 1776 2581 374 1777 2582 387 1778 2581 374 1779 2580 396 1780 2579 366 1781 2579 366 1782 2580 396 1783 2578 404 1784 2579 366 1785 2578 404 1786 2568 364 1787 2578 404 1788 2569 405 1789 2568 364 1790 2577 403 1791 2569 405 1792 2578 404 1793 2569 405 1794 2577 403 1795 2570 406 1796 2577 403 1797 293 402 1798 2570 406 1799 293 402 1800 2572 407 1801 2570 406 1802 2572 407 1803 293 402 1804 215 408 1805 2573 409 1806 2572 407 1807 215 408 1808 214 410 1809 2573 409 1810 215 408 1811 2573 409 1812 214 410 1813 2576 411 1814 2576 411 1815 214 410 1816 206 412 1817 2560 413 1818 2576 411 1819 206 412 1820 207 414 1821 2560 413 1822 206 412 1823 2560 413 1824 207 414 1825 197 415 1826 2562 416 1827 2564 417 1828 2574 418 1829 2564 417 1830 2566 419 1831 2574 418 1832 2566 419 1833 2571 420 1834 2574 418 1835 2575 421 1836 2573 409 1837 2576 411 1838 2576 411 1839 2560 413 1840 2575 421 1841 2560 413 1842 2561 422 1843 2575 421 1844 2575 421 1845 2561 422 1846 2562 416 1847 2575 421 1848 2562 416 1849 2574 418 1850 2573 409 1851 2575 421 1852 2574 418 1853 2573 409 1854 2574 418 1855 2571 420 1856 2572 407 1857 2573 409 1858 2571 420 1859 2570 406 1860 2572 407 1861 2571 420 1862 2571 420 1863 2566 419 1864 2570 406 1865 2566 419 1866 2569 405 1867 2570 406 1868 2569 405 1869 2566 419 1870 2568 364 1871 2566 419 1872 2567 362 1873 2568 364 1874 2567 362 1875 2566 419 1876 2565 360 1877 2566 419 1878 2564 417 1879 2565 360 1880 2565 360 1881 2564 417 1882 2563 353 1883 2564 417 1884 2562 416 1885 2563 353 1886 203 354 1887 2563 353 1888 2562 416 1889 2561 422 1890 203 354 1891 2562 416 1892 203 354 1893 2561 422 1894 201 423 1895 2561 422 1896 2560 413 1897 201 423 1898 198 424 1899 2559 425 1900 197 415 1901 2559 425 1902 2560 413 1903 197 415 1904 2560 413 1905 2559 425 1906 201 423 1907 2559 425 1908 198 424 1909 201 423 1910 2557 426 1911 2558 427 1912 2556 428 1913 2556 428 1914 2558 427 1915 2554 429 1916 2556 428 1917 2554 429 1918 2555 430 1919 2554 429 1920 2552 431 1921 2553 432 1922 2558 427 1923 2552 431 1924 2554 429 1925 2558 427 1926 2551 433 1927 2552 431 1928 2551 433 1929 2558 427 1930 2557 426 1931 2536 434 1932 2551 433 1933 2557 426 1934 2557 426 1935 2537 435 1936 2536 434 1937 2544 436 1938 2537 435 1939 2557 426 1940 2544 436 1941 2557 426 1942 2556 428 1943 2544 436 1944 2556 428 1945 2545 437 1946 2556 428 1947 2555 430 1948 2545 437 1949 2545 437 1950 2555 430 1951 2547 438 1952 2555 430 1953 2548 439 1954 2547 438 1955 2548 439 1956 2555 430 1957 2550 440 1958 2554 429 1959 2550 440 1960 2555 430 1961 2554 429 1962 303 441 1963 2550 440 1964 2554 429 1965 2553 432 1966 303 441 1967 2553 432 1968 304 442 1969 303 441 1970 2553 432 1971 306 443 1972 304 442 1973 2553 432 1974 2552 431 1975 306 443 1976 2552 431 1977 307 444 1978 306 443 1979 2551 433 1980 307 444 1981 2552 431 1982 308 445 1983 307 444 1984 2551 433 1985 2551 433 1986 2535 446 1987 308 445 1988 2535 446 1989 2551 433 1990 2536 434 1991 2549 447 1992 2548 439 1993 2550 440 1994 303 441 1995 301 448 1996 2550 440 1997 2550 440 1998 301 448 1999 313 449 2000 2549 447 2001 2550 440 2002 313 449 2003 2549 447 2004 313 449 2005 321 450 2006 2548 439 2007 2549 447 2008 321 450 2009 330 451 2010 2548 439 2011 321 450 2012 2548 439 2013 330 451 2014 338 452 2015 2547 438 2016 2548 439 2017 338 452 2018 2547 438 2019 338 452 2020 335 93 2021 2547 438 2022 335 93 2023 2545 437 2024 335 93 2025 342 453 2026 2545 437 2027 2545 437 2028 342 453 2029 2538 454 2030 2538 454 2031 342 453 2032 343 91 2033 2543 455 2034 2538 454 2035 343 91 2036 2543 455 2037 343 91 2038 2546 89 2039 2542 456 2040 2543 455 2041 2546 89 2042 2542 456 2043 2546 89 2044 2337 87 2045 2337 87 2046 2336 457 2047 2542 456 2048 2544 436 2049 2545 437 2050 2538 454 2051 2544 436 2052 2538 454 2053 2537 435 2054 2542 456 2055 2541 458 2056 2543 455 2057 2541 458 2058 2540 459 2059 2543 455 2060 2543 455 2061 2540 459 2062 2538 454 2063 2336 457 2064 2541 458 2065 2542 456 2066 2541 458 2067 2336 457 2068 2318 52 2069 2541 458 2070 2318 52 2071 2540 459 2072 2318 52 2073 2539 53 2074 2540 459 2075 2540 459 2076 2539 53 2077 2538 454 2078 2539 53 2079 2317 54 2080 2538 454 2081 2538 454 2082 2317 54 2083 2537 435 2084 2537 435 2085 2317 54 2086 2314 460 2087 2537 435 2088 2314 460 2089 2536 434 2090 2536 434 2091 2314 460 2092 2313 461 2093 2313 461 2094 2535 446 2095 2536 434 2096 2521 462 2097 2535 446 2098 2313 461 2099 308 445 2100 2535 446 2101 2521 462 2102 2523 463 2103 308 445 2104 2521 462 2105 309 464 2106 308 445 2107 2523 463 2108 2525 465 2109 309 464 2110 2523 463 2111 309 464 2112 2525 465 2113 310 466 2114 2525 465 2115 2287 467 2116 310 466 2117 2526 468 2118 2534 469 2119 2522 470 2120 2534 469 2121 2524 471 2122 2522 470 2123 2534 469 2124 2533 472 2125 2524 471 2126 2533 472 2127 2284 473 2128 2524 471 2129 2533 472 2130 2532 474 2131 2284 473 2132 2532 474 2133 2297 475 2134 2284 473 2135 2532 474 2136 2531 476 2137 2297 475 2138 2531 476 2139 2296 477 2140 2297 475 2141 2531 476 2142 2530 478 2143 2296 477 2144 2530 478 2145 2303 479 2146 2296 477 2147 2530 478 2148 2529 480 2149 2303 479 2150 2529 480 2151 2302 481 2152 2303 479 2153 2529 480 2154 2528 482 2155 2302 481 2156 2528 482 2157 2520 483 2158 2302 481 2159 2302 481 2160 2520 483 2161 2311 484 2162 2311 484 2163 2520 483 2164 2518 485 2165 2518 485 2166 2313 461 2167 2311 484 2168 2518 485 2169 2521 462 2170 2313 461 2171 2528 482 2172 2527 486 2173 2520 483 2174 2527 486 2175 2519 487 2176 2520 483 2177 2527 486 2178 2526 468 2179 2519 487 2180 2526 468 2181 2522 470 2182 2519 487 2183 2287 467 2184 2284 473 2185 2286 488 2186 2287 467 2187 2525 465 2188 2284 473 2189 2525 465 2190 2524 471 2191 2284 473 2192 2525 465 2193 2523 463 2194 2524 471 2195 2523 463 2196 2522 470 2197 2524 471 2198 2521 462 2199 2522 470 2200 2523 463 2201 2519 487 2202 2522 470 2203 2521 462 2204 2518 485 2205 2519 487 2206 2521 462 2207 2520 483 2208 2519 487 2209 2518 485 2210 2517 489 2211 2281 490 2212 2279 491 2213 2283 492 2214 2281 490 2215 2517 489 2216 2285 493 2217 2283 492 2218 2517 489 2219 2517 489 2220 2509 494 2221 2285 493 2222 2508 495 2223 2509 494 2224 2517 489 2225 2508 495 2226 2517 489 2227 2279 491 2228 2279 491 2229 2511 496 2230 2508 495 2231 2270 497 2232 2511 496 2233 2279 491 2234 2516 498 2235 2511 496 2236 2270 497 2237 2512 499 2238 2511 496 2239 2516 498 2240 2516 498 2241 2515 500 2242 2512 499 2243 2513 501 2244 2512 499 2245 2515 500 2246 2513 501 2247 2515 500 2248 2514 502 2249 2513 501 2250 2514 502 2251 254 503 2252 2513 501 2253 254 503 2254 2512 499 2255 254 503 2256 252 504 2257 2512 499 2258 2512 499 2259 252 504 2260 2511 496 2261 252 504 2262 279 505 2263 2511 496 2264 2511 496 2265 279 505 2266 2508 495 2267 2508 495 2268 279 505 2269 278 506 2270 2510 507 2271 2508 495 2272 278 506 2273 278 506 2274 277 508 2275 2510 507 2276 277 508 2277 276 509 2278 2510 507 2279 2510 507 2280 276 509 2281 2509 494 2282 276 509 2283 275 510 2284 2509 494 2285 312 511 2286 2509 494 2287 275 510 2288 2285 493 2289 2509 494 2290 312 511 2291 312 511 2292 311 512 2293 2285 493 2294 2510 507 2295 2509 494 2296 2508 495 2297 2493 513 2298 2494 514 2299 2492 515 2300 2494 514 2301 2507 516 2302 2492 515 2303 2507 516 2304 2494 514 2305 2499 517 2306 2506 518 2307 2507 516 2308 2499 517 2309 2506 518 2310 2499 517 2311 2505 519 2312 2499 517 2313 2500 520 2314 2505 519 2315 2241 521 2316 2505 519 2317 2500 520 2318 2501 522 2319 2241 521 2320 2500 520 2321 2241 521 2322 2501 522 2323 2240 523 2324 2240 523 2325 2501 522 2326 2502 524 2327 2240 523 2328 2502 524 2329 2243 525 2330 2502 524 2331 2504 526 2332 2243 525 2333 2243 525 2334 2504 526 2335 2246 527 2336 2246 527 2337 2504 526 2338 2503 528 2339 2245 529 2340 2246 527 2341 2503 528 2342 2245 529 2343 2503 528 2344 2254 530 2345 2254 530 2346 2503 528 2347 2498 531 2348 2503 528 2349 2504 526 2350 2502 524 2351 2498 531 2352 2503 528 2353 2502 524 2354 2502 524 2355 2497 532 2356 2498 531 2357 2501 522 2358 2497 532 2359 2502 524 2360 2496 533 2361 2497 532 2362 2501 522 2363 2500 520 2364 2496 533 2365 2501 522 2366 2496 533 2367 2500 520 2368 2495 534 2369 2500 520 2370 2499 517 2371 2495 534 2372 2499 517 2373 2494 514 2374 2495 534 2375 2490 535 2376 244 536 2377 242 537 2378 2490 535 2379 242 537 2380 256 538 2381 2491 539 2382 2490 535 2383 256 538 2384 2491 539 2385 256 538 2386 2254 530 2387 2491 539 2388 2254 530 2389 2498 531 2390 2498 531 2391 2489 540 2392 2491 539 2393 2497 532 2394 2489 540 2395 2498 531 2396 2489 540 2397 2497 532 2398 2488 541 2399 2497 532 2400 2496 533 2401 2488 541 2402 2485 542 2403 2488 541 2404 2496 533 2405 2495 534 2406 2485 542 2407 2496 533 2408 2495 534 2409 2487 543 2410 2485 542 2411 2494 514 2412 2487 543 2413 2495 534 2414 2487 543 2415 2494 514 2416 235 544 2417 2494 514 2418 2493 513 2419 235 544 2420 2493 513 2421 236 545 2422 235 544 2423 236 545 2424 2493 513 2425 2492 515 2426 236 545 2427 2492 515 2428 239 546 2429 2489 540 2430 2490 535 2431 2491 539 2432 2490 535 2433 2489 540 2434 244 536 2435 2489 540 2436 2488 541 2437 244 536 2438 245 547 2439 244 536 2440 2488 541 2441 2485 542 2442 245 547 2443 2488 541 2444 2485 542 2445 2486 548 2446 245 547 2447 2486 548 2448 233 549 2449 245 547 2450 233 549 2451 2486 548 2452 234 550 2453 234 550 2454 2486 548 2455 235 544 2456 2486 548 2457 2487 543 2458 235 544 2459 2487 543 2460 2486 548 2461 2485 542 2462 2458 551 2463 2459 552 2464 2478 553 2465 2458 551 2466 2478 553 2467 2484 554 2468 2484 554 2469 2478 553 2470 2480 555 2471 2484 554 2472 2480 555 2473 2483 556 2474 2483 556 2475 2480 555 2476 2482 557 2477 2482 557 2478 2480 555 2479 2481 558 2480 2481 558 2481 2480 555 2482 2479 559 2483 2479 559 2484 2480 555 2485 2478 553 2486 2479 559 2487 2478 553 2488 2477 560 2489 2477 560 2490 2478 553 2491 2459 552 2492 2477 560 2493 2459 552 2494 2476 561 2495 2476 561 2496 2459 552 2497 2461 562 2498 2476 561 2499 2461 562 2500 2475 563 2501 2475 563 2502 2461 562 2503 2463 564 2504 2475 563 2505 2463 564 2506 2474 565 2507 2474 565 2508 2463 564 2509 2473 566 2510 2473 566 2511 2463 564 2512 2466 567 2513 2473 566 2514 2466 567 2515 2472 568 2516 2472 568 2517 2466 567 2518 2469 569 2519 2472 568 2520 2469 569 2521 2471 570 2522 2469 569 2523 2470 571 2524 2471 570 2525 2470 571 2526 2469 569 2527 2468 572 2528 2468 572 2529 2469 569 2530 2466 567 2531 2468 572 2532 2466 567 2533 2467 573 2534 2467 573 2535 2466 567 2536 2465 574 2537 2465 574 2538 2466 567 2539 2463 564 2540 2465 574 2541 2463 564 2542 2464 575 2543 2464 575 2544 2463 564 2545 2462 576 2546 2462 576 2547 2463 564 2548 2461 562 2549 2462 576 2550 2461 562 2551 2460 577 2552 2460 577 2553 2461 562 2554 2459 552 2555 2460 577 2556 2459 552 2557 2458 551 2558 2446 578 2559 2457 579 2560 2445 580 2561 2456 581 2562 2457 579 2563 2446 578 2564 2448 582 2565 2456 581 2566 2446 578 2567 2448 582 2568 2450 583 2569 2456 581 2570 2450 583 2571 2455 584 2572 2456 581 2573 2454 585 2574 2455 584 2575 2450 583 2576 2453 586 2577 2454 585 2578 2450 583 2579 2453 586 2580 2450 583 2581 2452 587 2582 2450 583 2583 2451 588 2584 2452 587 2585 2449 589 2586 2451 588 2587 2450 583 2588 2448 582 2589 2449 589 2590 2450 583 2591 2447 590 2592 2449 589 2593 2448 582 2594 2446 578 2595 2447 590 2596 2448 582 2597 2438 591 2598 2447 590 2599 2446 578 2600 2437 592 2601 2438 591 2602 2446 578 2603 2437 592 2604 2446 578 2605 2445 580 2606 2437 592 2607 2445 580 2608 2440 593 2609 2445 580 2610 2441 594 2611 2440 593 2612 2439 595 2613 2440 593 2614 2441 594 2615 2444 596 2616 2439 595 2617 2441 594 2618 2442 597 2619 2444 596 2620 2441 594 2621 2443 598 2622 2442 597 2623 2441 594 2624 2440 593 2625 2439 595 2626 2437 592 2627 2439 595 2628 2438 591 2629 2437 592 2630 2435 599 2631 2434 600 2632 2436 601 2633 2435 599 2634 2433 602 2635 2434 600 2636 2431 603 2637 2434 600 2638 2433 602 2639 2432 604 2640 2431 603 2641 2433 602 2642 2432 604 2643 2430 605 2644 2431 603 2645 2430 605 2646 2428 606 2647 2431 603 2648 2430 605 2649 2429 607 2650 2428 606 2651 164 608 2652 127 609 2653 128 610 2654 164 608 2655 165 611 2656 127 609 2657 165 611 2658 2408 612 2659 127 609 2660 2408 612 2661 165 611 2662 238 613 2663 2410 614 2664 2408 612 2665 238 613 2666 238 613 2667 2427 615 2668 2410 614 2669 2410 614 2670 2427 615 2671 2411 616 2672 2427 615 2673 2426 617 2674 2411 616 2675 2411 616 2676 2426 617 2677 2414 618 2678 2426 617 2679 2425 619 2680 2414 618 2681 2414 618 2682 2425 619 2683 2421 620 2684 2425 619 2685 2424 621 2686 2421 620 2687 2421 620 2688 2424 621 2689 2420 622 2690 2424 621 2691 2423 623 2692 2420 622 2693 2420 622 2694 2423 623 2695 2419 624 2696 2423 623 2697 2422 625 2698 2419 624 2699 2419 624 2700 2422 625 2701 2266 626 2702 2422 625 2703 2265 627 2704 2266 626 2705 2414 618 2706 2421 620 2707 2415 628 2708 2415 628 2709 2421 620 2710 2416 629 2711 2421 620 2712 2420 622 2713 2416 629 2714 2417 630 2715 2416 629 2716 2420 622 2717 2419 624 2718 2417 630 2719 2420 622 2720 2418 631 2721 2417 630 2722 2419 624 2723 2266 626 2724 2418 631 2725 2419 624 2726 2266 626 2727 2264 632 2728 2418 631 2729 2264 632 2730 2402 633 2731 2418 631 2732 2418 631 2733 2402 633 2734 2403 634 2735 2417 630 2736 2418 631 2737 2403 634 2738 2403 634 2739 2404 635 2740 2417 630 2741 2404 635 2742 2416 629 2743 2417 630 2744 2404 635 2745 2405 636 2746 2416 629 2747 2405 636 2748 2415 628 2749 2416 629 2750 2415 628 2751 2405 636 2752 2413 637 2753 2413 637 2754 2414 618 2755 2415 628 2756 2414 618 2757 2413 637 2758 2409 638 2759 2411 616 2760 2414 618 2761 2409 638 2762 2406 639 2763 2412 640 2764 2405 636 2765 2405 636 2766 2412 640 2767 2413 637 2768 2412 640 2769 2409 638 2770 2413 637 2771 2412 640 2772 2407 641 2773 2409 638 2774 2407 641 2775 2412 640 2776 2406 639 2777 2410 614 2778 2411 616 2779 2409 638 2780 2408 612 2781 2410 614 2782 2409 638 2783 2407 641 2784 2408 612 2785 2409 638 2786 2408 612 2787 2407 641 2788 127 609 2789 2407 641 2790 129 642 2791 127 609 2792 129 642 2793 2407 641 2794 2406 639 2795 2406 639 2796 131 643 2797 129 642 2798 131 643 2799 2406 639 2800 2401 644 2801 2401 644 2802 2406 639 2803 2405 636 2804 2401 644 2805 2405 636 2806 2400 645 2807 2405 636 2808 2404 635 2809 2400 645 2810 2399 646 2811 2400 645 2812 2404 635 2813 2403 634 2814 2399 646 2815 2404 635 2816 2399 646 2817 2403 634 2818 2394 647 2819 2394 647 2820 2403 634 2821 2402 633 2822 2394 647 2823 2402 633 2824 2267 648 2825 2267 648 2826 2402 633 2827 2264 632 2828 2261 649 2829 2267 648 2830 2264 632 2831 2390 650 2832 135 651 2833 133 652 2834 133 652 2835 2398 653 2836 2390 650 2837 2398 653 2838 133 652 2839 131 643 2840 2398 653 2841 131 643 2842 2401 644 2843 2400 645 2844 2398 653 2845 2401 644 2846 2398 653 2847 2400 645 2848 2391 654 2849 2400 645 2850 2399 646 2851 2391 654 2852 2399 646 2853 2392 655 2854 2391 654 2855 2392 655 2856 2399 646 2857 2394 647 2858 2398 653 2859 2391 654 2860 2390 650 2861 2260 656 2862 2259 37 2863 2397 31 2864 2397 31 2865 2396 28 2866 2260 656 2867 2260 656 2868 2396 28 2869 2267 648 2870 2396 28 2871 2395 27 2872 2267 648 2873 2395 27 2874 2394 647 2875 2267 648 2876 2395 27 2877 2393 26 2878 2394 647 2879 2393 26 2880 2392 655 2881 2394 647 2882 2392 655 2883 2393 26 2884 2385 24 2885 2391 654 2886 2392 655 2887 2385 24 2888 2391 654 2889 2385 24 2890 2386 657 2891 2390 650 2892 2391 654 2893 2386 657 2894 2386 657 2895 2387 658 2896 2390 650 2897 2387 658 2898 135 651 2899 2390 650 2900 2388 659 2901 135 651 2902 2387 658 2903 2388 659 2904 136 660 2905 135 651 2906 136 660 2907 2388 659 2908 2389 661 2909 125 662 2910 136 660 2911 2389 661 2912 125 662 2913 2389 661 2914 124 663 2915 2374 664 2916 103 665 2917 2380 666 2918 103 665 2919 124 663 2920 2380 666 2921 2380 666 2922 124 663 2923 2383 667 2924 124 663 2925 2389 661 2926 2383 667 2927 2383 667 2928 2389 661 2929 2382 668 2930 2389 661 2931 2388 659 2932 2382 668 2933 2382 668 2934 2388 659 2935 2387 658 2936 2382 668 2937 2387 658 2938 2375 20 2939 2375 20 2940 2387 658 2941 2386 657 2942 2384 21 2943 2375 20 2944 2386 657 2945 2386 657 2946 2385 24 2947 2384 21 2948 2378 669 2949 2380 666 2950 2383 667 2951 2376 670 2952 2378 669 2953 2383 667 2954 2382 668 2955 2376 670 2956 2383 667 2957 2376 670 2958 2382 668 2959 2375 20 2960 2377 671 2961 2369 672 2962 2370 673 2963 2377 671 2964 2370 673 2965 2371 674 2966 2379 675 2967 2377 671 2968 2371 674 2969 2379 675 2970 2371 674 2971 2372 676 2972 2381 677 2973 2379 675 2974 2372 676 2975 2381 677 2976 2372 676 2977 2373 678 2978 2381 677 2979 2373 678 2980 2374 664 2981 2380 666 2982 2381 677 2983 2374 664 2984 2381 677 2985 2380 666 2986 2379 675 2987 2380 666 2988 2378 669 2989 2379 675 2990 2379 675 2991 2378 669 2992 2377 671 2993 2378 669 2994 2376 670 2995 2377 671 2996 2377 671 2997 2376 670 2998 2369 672 2999 2376 670 3000 2375 20 3001 2369 672 3002 2369 672 3003 2375 20 3004 2368 22 3005 99 679 3006 103 665 3007 2374 664 3008 99 679 3009 2374 664 3010 93 680 3011 2374 664 3012 2373 678 3013 93 680 3014 93 680 3015 2373 678 3016 73 681 3017 73 681 3018 2373 678 3019 2372 676 3020 76 682 3021 73 681 3022 2372 676 3023 76 682 3024 2372 676 3025 2371 674 3026 2371 674 3027 75 683 3028 76 682 3029 75 683 3030 2371 674 3031 2370 673 3032 75 683 3033 2370 673 3034 2360 684 3035 2370 673 3036 2363 685 3037 2360 684 3038 2369 672 3039 2363 685 3040 2370 673 3041 2361 686 3042 2363 685 3043 2369 672 3044 2368 22 3045 2361 686 3046 2369 672 3047 2368 22 3048 2362 33 3049 2361 686 3050 2368 22 3051 2366 23 3052 2362 33 3053 2366 23 3054 2365 29 3055 2362 33 3056 2367 25 3057 2365 29 3058 2366 23 3059 2362 33 3060 2365 29 3061 2364 30 3062 2360 684 3063 2363 685 3064 2361 686 3065 2275 687 3066 2362 33 3067 2273 35 3068 2347 688 3069 2362 33 3070 2275 687 3071 2362 33 3072 2347 688 3073 2361 686 3074 2361 686 3075 2347 688 3076 2346 689 3077 2346 689 3078 2360 684 3079 2361 686 3080 2348 690 3081 2360 684 3082 2346 689 3083 75 683 3084 2360 684 3085 2348 690 3086 2357 691 3087 75 683 3088 2348 690 3089 2357 691 3090 71 692 3091 75 683 3092 2357 691 3093 2356 693 3094 71 692 3095 70 694 3096 71 692 3097 2356 693 3098 70 694 3099 2356 693 3100 2352 695 3101 70 694 3102 2352 695 3103 68 696 3104 2353 697 3105 68 696 3106 2352 695 3107 40 698 3108 68 696 3109 2353 697 3110 2359 699 3111 40 698 3112 2353 697 3113 2359 699 3114 2358 76 3115 40 698 3116 2358 76 3117 39 75 3118 40 698 3119 2356 693 3120 2355 700 3121 2352 695 3122 2357 691 3123 2348 690 3124 2356 693 3125 2348 690 3126 2355 700 3127 2356 693 3128 2344 701 3129 2355 700 3130 2348 690 3131 2352 695 3132 2355 700 3133 2344 701 3134 2343 269 3135 2352 695 3136 2344 701 3137 2352 695 3138 2343 269 3139 2354 702 3140 2354 702 3141 2353 697 3142 2352 695 3143 2351 82 3144 2349 247 3145 2350 703 3146 2350 703 3147 2338 83 3148 2351 82 3149 2340 704 3150 2338 83 3151 2350 703 3152 2350 703 3153 2349 247 3154 2340 704 3155 2349 247 3156 2341 705 3157 2340 704 3158 2349 247 3159 2342 324 3160 2341 705 3161 2345 706 3162 2348 690 3163 2346 689 3164 2345 706 3165 2344 701 3166 2348 690 3167 2304 707 3168 2347 688 3169 2275 687 3170 2326 708 3171 2347 688 3172 2304 707 3173 2347 688 3174 2326 708 3175 2346 689 3176 2346 689 3177 2326 708 3178 2345 706 3179 2326 708 3180 2327 709 3181 2345 706 3182 2344 701 3183 2345 706 3184 2327 709 3185 2330 710 3186 2344 701 3187 2327 709 3188 2330 710 3189 2343 269 3190 2344 701 3191 2343 269 3192 2330 710 3193 2331 711 3194 2342 324 3195 2343 269 3196 2331 711 3197 2342 324 3198 2331 711 3199 2333 712 3200 2341 705 3201 2342 324 3202 2333 712 3203 2341 705 3204 2333 712 3205 2335 713 3206 2340 704 3207 2341 705 3208 2335 713 3209 2340 704 3210 2335 713 3211 2336 457 3212 2338 83 3213 2340 704 3214 2336 457 3215 2338 83 3216 2336 457 3217 2337 87 3218 2339 85 3219 2338 83 3220 2337 87 3221 2331 711 3222 2332 714 3223 2333 712 3224 2318 52 3225 2336 457 3226 2335 713 3227 2320 715 3228 2318 52 3229 2335 713 3230 2320 715 3231 2335 713 3232 2333 712 3233 2334 716 3234 2320 715 3235 2333 712 3236 2334 716 3237 2321 717 3238 2320 715 3239 2321 717 3240 2334 716 3241 2333 712 3242 2322 718 3243 2321 717 3244 2333 712 3245 2332 714 3246 2322 718 3247 2333 712 3248 2322 718 3249 2332 714 3250 2323 719 3251 2332 714 3252 2331 711 3253 2323 719 3254 2323 719 3255 2331 711 3256 2328 720 3257 2330 710 3258 2328 720 3259 2331 711 3260 2328 720 3261 2330 710 3262 2327 709 3263 2329 721 3264 2328 720 3265 2327 709 3266 2329 721 3267 2327 709 3268 2325 722 3269 2325 722 3270 2324 723 3271 2323 719 3272 2329 721 3273 2325 722 3274 2323 719 3275 2329 721 3276 2323 719 3277 2328 720 3278 2327 709 3279 2326 708 3280 2325 722 3281 2325 722 3282 2326 708 3283 2304 707 3284 2304 707 3285 2305 724 3286 2325 722 3287 2305 724 3288 2306 725 3289 2325 722 3290 2306 725 3291 2324 723 3292 2325 722 3293 2307 726 3294 2324 723 3295 2306 725 3296 2323 719 3297 2324 723 3298 2307 726 3299 2322 718 3300 2323 719 3301 2307 726 3302 2322 718 3303 2307 726 3304 2321 717 3305 2307 726 3306 2308 50 3307 2321 717 3308 2321 717 3309 2308 50 3310 2319 51 3311 2321 717 3312 2319 51 3313 2320 715 3314 2320 715 3315 2319 51 3316 2318 52 3317 2317 54 3318 2316 55 3319 2314 460 3320 2312 727 3321 2315 46 3322 2310 728 3323 2310 728 3324 2315 46 3325 2309 48 3326 2314 460 3327 2316 55 3328 2315 46 3329 2312 727 3330 2314 460 3331 2315 46 3332 2314 460 3333 2312 727 3334 2313 461 3335 2313 461 3336 2312 727 3337 2311 484 3338 2311 484 3339 2312 727 3340 2310 728 3341 2310 728 3342 2302 481 3343 2311 484 3344 2309 48 3345 2302 481 3346 2310 728 3347 2301 729 3348 2302 481 3349 2309 48 3350 2301 729 3351 2309 48 3352 2308 50 3353 2301 729 3354 2308 50 3355 2299 730 3356 2299 730 3357 2308 50 3358 2307 726 3359 2300 731 3360 2299 730 3361 2307 726 3362 2300 731 3363 2307 726 3364 2306 725 3365 2300 731 3366 2306 725 3367 2292 732 3368 2306 725 3369 2305 724 3370 2292 732 3371 2292 732 3372 2305 724 3373 2274 733 3374 2274 733 3375 2305 724 3376 2304 707 3377 2275 687 3378 2274 733 3379 2304 707 3380 2296 477 3381 2303 479 3382 2295 734 3383 2295 734 3384 2303 479 3385 2298 735 3386 2303 479 3387 2302 481 3388 2298 735 3389 2301 729 3390 2298 735 3391 2302 481 3392 2293 736 3393 2298 735 3394 2301 729 3395 2299 730 3396 2293 736 3397 2301 729 3398 2292 732 3399 2293 736 3400 2299 730 3401 2300 731 3402 2292 732 3403 2299 730 3404 2298 735 3405 2293 736 3406 2295 734 3407 2293 736 3408 2294 737 3409 2295 734 3410 2284 473 3411 2297 475 3412 2282 738 3413 2282 738 3414 2297 475 3415 2296 477 3416 2291 739 3417 2282 738 3418 2296 477 3419 2291 739 3420 2296 477 3421 2295 734 3422 2291 739 3423 2295 734 3424 2290 740 3425 2295 734 3426 2294 737 3427 2290 740 3428 2290 740 3429 2294 737 3430 2289 741 3431 2289 741 3432 2294 737 3433 2293 736 3434 2289 741 3435 2293 736 3436 2276 742 3437 2293 736 3438 2292 732 3439 2276 742 3440 2276 742 3441 2292 732 3442 2274 733 3443 2291 739 3444 2290 740 3445 2282 738 3446 2290 740 3447 2288 743 3448 2282 738 3449 2288 743 3450 2290 740 3451 2289 741 3452 2277 744 3453 2288 743 3454 2289 741 3455 2289 741 3456 2276 742 3457 2277 744 3458 2282 738 3459 2288 743 3460 2280 745 3461 2280 745 3462 2288 743 3463 2277 744 3464 2278 746 3465 2280 745 3466 2277 744 3467 310 466 3468 2287 467 3469 311 512 3470 2287 467 3471 2286 488 3472 311 512 3473 2285 493 3474 311 512 3475 2286 488 3476 2286 488 3477 2284 473 3478 2285 493 3479 2284 473 3480 2283 492 3481 2285 493 3482 2283 492 3483 2284 473 3484 2282 738 3485 2281 490 3486 2283 492 3487 2282 738 3488 2280 745 3489 2281 490 3490 2282 738 3491 2279 491 3492 2281 490 3493 2280 745 3494 2278 746 3495 2279 491 3496 2280 745 3497 2270 497 3498 2279 491 3499 2278 746 3500 2278 746 3501 2277 744 3502 2270 497 3503 2277 744 3504 2269 747 3505 2270 497 3506 2276 742 3507 2269 747 3508 2277 744 3509 2268 748 3510 2269 747 3511 2276 742 3512 2274 733 3513 2268 748 3514 2276 742 3515 2273 35 3516 2268 748 3517 2274 733 3518 2275 687 3519 2273 35 3520 2274 733 3521 2268 748 3522 2273 35 3523 2272 749 3524 2256 750 3525 2258 36 3526 2257 751 3527 2258 36 3528 2256 750 3529 2273 35 3530 2272 749 3531 2273 35 3532 2256 750 3533 2256 750 3534 2255 752 3535 2272 749 3536 2272 749 3537 2255 752 3538 2268 748 3539 2271 753 3540 2268 748 3541 2255 752 3542 2271 753 3543 2270 497 3544 2268 748 3545 2270 497 3546 2269 747 3547 2268 748 3548 2267 648 3549 2261 649 3550 2260 656 3551 2266 626 3552 2265 627 3553 2264 632 3554 2265 627 3555 2263 754 3556 2264 632 3557 2264 632 3558 2263 754 3559 2261 649 3560 2263 754 3561 2262 755 3562 2261 649 3563 2262 755 3564 2249 756 3565 2261 649 3566 2261 649 3567 2249 756 3568 2260 656 3569 2260 656 3570 2249 756 3571 2259 37 3572 2259 37 3573 2249 756 3574 2252 757 3575 2252 757 3576 2258 36 3577 2259 37 3578 2247 758 3579 2258 36 3580 2252 757 3581 2257 751 3582 2258 36 3583 2247 758 3584 2257 751 3585 2247 758 3586 2245 529 3587 2257 751 3588 2245 529 3589 2256 750 3590 2245 529 3591 2254 530 3592 2256 750 3593 2255 752 3594 2256 750 3595 2254 530 3596 2254 530 3597 2253 759 3598 2255 752 3599 256 538 3600 2253 759 3601 2254 530 3602 254 503 3603 2253 759 3604 256 538 3605 2247 758 3606 2252 757 3607 2249 756 3608 2251 760 3609 2246 527 3610 2248 761 3611 2251 760 3612 2243 525 3613 2246 527 3614 2251 760 3615 2244 762 3616 2243 525 3617 2251 760 3618 2248 761 3619 2244 762 3620 2248 761 3621 2250 763 3622 2244 762 3623 2248 761 3624 2249 756 3625 2250 763 3626 2248 761 3627 2247 758 3628 2249 756 3629 2246 527 3630 2247 758 3631 2248 761 3632 2247 758 3633 2246 527 3634 2245 529 3635 2243 525 3636 2244 762 3637 2242 764 3638 2240 523 3639 2243 525 3640 2242 764 3641 2242 764 3642 2241 521 3643 2240 523 3644 2225 765 3645 2239 766 3646 2223 767 3647 2230 768 3648 2232 769 3649 2236 770 3650 2238 771 3651 2230 768 3652 2236 770 3653 2230 768 3654 2238 771 3655 2229 772 3656 2235 773 3657 2237 774 3658 2236 770 3659 2235 773 3660 2236 770 3661 2232 769 3662 2234 775 3663 2235 773 3664 2232 769 3665 2233 776 3666 2234 775 3667 2232 769 3668 2233 776 3669 2232 769 3670 2231 777 3671 2232 769 3672 2230 768 3673 2231 777 3674 2231 777 3675 2230 768 3676 2222 778 3677 2230 768 3678 2221 779 3679 2222 778 3680 2221 779 3681 2230 768 3682 2229 772 3683 2220 780 3684 2221 779 3685 2229 772 3686 2228 781 3687 2220 780 3688 2229 772 3689 2220 780 3690 2228 781 3691 2227 782 3692 2224 783 3693 2220 780 3694 2227 782 3695 2227 782 3696 2226 784 3697 2224 783 3698 2226 784 3699 2225 765 3700 2224 783 3701 2224 783 3702 2225 765 3703 2223 767 3704 2220 780 3705 2224 783 3706 2223 767 3707 2219 785 3708 2220 780 3709 2223 767 3710 2222 778 3711 2221 779 3712 2219 785 3713 2221 779 3714 2220 780 3715 2219 785 3716 114 786 3717 2218 787 3718 116 788 3719 2218 787 3720 143 789 3721 116 788 3722 143 789 3723 2218 787 3724 2213 790 3725 2214 791 3726 143 789 3727 2213 790 3728 142 792 3729 143 789 3730 2214 791 3731 2215 793 3732 142 792 3733 2214 791 3734 142 792 3735 2215 793 3736 160 794 3737 2216 795 3738 160 794 3739 2215 793 3740 2216 795 3741 162 796 3742 160 794 3743 162 796 3744 2216 795 3745 2217 797 3746 2191 798 3747 162 796 3748 2217 797 3749 2217 797 3750 2207 799 3751 2191 798 3752 2205 800 3753 2207 799 3754 2217 797 3755 2209 801 3756 2205 800 3757 2217 797 3758 2217 797 3759 2216 795 3760 2209 801 3761 2216 795 3762 2211 802 3763 2209 801 3764 2211 802 3765 2216 795 3766 2215 793 3767 2214 791 3768 2211 802 3769 2215 793 3770 2211 802 3771 2214 791 3772 2213 790 3773 2212 803 3774 2211 802 3775 2213 790 3776 2211 802 3777 2212 803 3778 2210 804 3779 2209 801 3780 2211 802 3781 2210 804 3782 2210 804 3783 2208 805 3784 2209 801 3785 2208 805 3786 2205 800 3787 2209 801 3788 2205 800 3789 2208 805 3790 2203 806 3791 2204 807 3792 2201 808 3793 2206 809 3794 2206 809 3795 2196 810 3796 2195 811 3797 2201 808 3798 2196 810 3799 2206 809 3800 2196 810 3801 2201 808 3802 2197 812 3803 2207 799 3804 2194 813 3805 2191 798 3806 2194 813 3807 2207 799 3808 2195 811 3809 2207 799 3810 2206 809 3811 2195 811 3812 2207 799 3813 2205 800 3814 2206 809 3815 2205 800 3816 2204 807 3817 2206 809 3818 2204 807 3819 2205 800 3820 2203 806 3821 2201 808 3822 2204 807 3823 2203 806 3824 2202 814 3825 2201 808 3826 2203 806 3827 2201 808 3828 2202 814 3829 2200 815 3830 2197 812 3831 2201 808 3832 2200 815 3833 2197 812 3834 2200 815 3835 2199 816 3836 2198 817 3837 2197 812 3838 2199 816 3839 2197 812 3840 2198 817 3841 2183 818 3842 2184 819 3843 2197 812 3844 2183 818 3845 2184 819 3846 2196 810 3847 2197 812 3848 2186 820 3849 2196 810 3850 2184 819 3851 2196 810 3852 2186 820 3853 2195 811 3854 2186 820 3855 2187 821 3856 2195 811 3857 407 822 3858 2190 823 3859 416 824 3860 2190 823 3861 407 822 3862 2188 825 3863 407 822 3864 408 826 3865 2188 825 3866 408 826 3867 2187 821 3868 2188 825 3869 2187 821 3870 408 826 3871 414 827 3872 2187 821 3873 414 827 3874 2195 811 3875 414 827 3876 410 828 3877 2195 811 3878 410 828 3879 2194 813 3880 2195 811 3881 412 829 3882 2194 813 3883 410 828 3884 2194 813 3885 412 829 3886 2191 798 3887 412 829 3888 2193 830 3889 2191 798 3890 2193 830 3891 2192 227 3892 2191 798 3893 2192 227 3894 189 226 3895 2191 798 3896 162 796 3897 2191 798 3898 189 226 3899 190 831 3900 162 796 3901 189 226 3902 162 796 3903 190 831 3904 161 832 3905 174 833 3906 161 832 3907 190 831 3908 161 832 3909 174 833 3910 158 834 3911 2189 835 3912 2190 823 3913 2188 825 3914 2189 835 3915 2188 825 3916 2182 836 3917 2188 825 3918 2185 837 3919 2182 836 3920 2188 825 3921 2187 821 3922 2185 837 3923 2187 821 3924 2186 820 3925 2185 837 3926 2185 837 3927 2186 820 3928 2184 819 3929 2185 837 3930 2184 819 3931 2182 836 3932 2184 819 3933 2183 818 3934 2182 836 3935 2181 838 3936 2180 839 3937 2178 840 3938 2180 839 3939 2179 841 3940 2178 840 3941 2180 839 3942 2173 842 3943 2179 841 3944 2173 842 3945 2172 843 3946 2179 841 3947 2179 841 3948 2172 843 3949 2171 844 3950 2170 845 3951 2179 841 3952 2171 844 3953 2178 840 3954 2179 841 3955 2170 845 3956 2167 846 3957 2178 840 3958 2170 845 3959 2143 847 3960 2142 848 3961 2164 849 3962 2177 850 3963 2143 847 3964 2164 849 3965 2164 849 3966 2163 851 3967 2177 850 3968 2163 851 3969 2176 852 3970 2177 850 3971 2176 852 3972 2163 851 3973 2162 853 3974 2175 854 3975 2176 852 3976 2162 853 3977 2175 854 3978 2162 853 3979 2161 855 3980 2174 856 3981 2175 854 3982 2161 855 3983 2161 855 3984 2160 857 3985 2174 856 3986 2160 857 3987 2173 842 3988 2174 856 3989 2173 842 3990 2160 857 3991 2172 843 3992 2172 843 3993 2160 857 3994 2159 858 3995 2171 844 3996 2172 843 3997 2159 858 3998 2171 844 3999 2159 858 4000 2165 859 4001 2171 844 4002 2165 859 4003 2170 845 4004 2165 859 4005 2169 860 4006 2170 845 4007 2170 845 4008 2169 860 4009 2167 846 4010 2169 860 4011 2168 861 4012 2167 846 4013 2157 862 4014 2166 863 4015 2159 858 4016 2159 858 4017 2166 863 4018 2165 859 4019 2142 848 4020 2144 864 4021 2145 865 4022 2149 866 4023 2142 848 4024 2145 865 4025 2164 849 4026 2142 848 4027 2149 866 4028 2151 867 4029 2164 849 4030 2149 866 4031 2151 867 4032 2153 868 4033 2164 849 4034 2153 868 4035 2163 851 4036 2164 849 4037 2162 853 4038 2163 851 4039 2153 868 4040 2156 869 4041 2162 853 4042 2153 868 4043 2161 855 4044 2162 853 4045 2156 869 4046 2158 870 4047 2161 855 4048 2156 869 4049 2160 857 4050 2161 855 4051 2158 870 4052 2159 858 4053 2160 857 4054 2158 870 4055 2158 870 4056 2157 862 4057 2159 858 4058 2158 870 4059 2156 869 4060 2157 862 4061 2156 869 4062 2155 871 4063 2157 862 4064 2156 869 4065 2153 868 4066 2155 871 4067 2153 868 4068 2154 872 4069 2155 871 4070 2152 873 4071 2154 872 4072 2153 868 4073 2151 867 4074 2152 873 4075 2153 868 4076 2150 874 4077 2152 873 4078 2151 867 4079 2149 866 4080 2150 874 4081 2151 867 4082 2148 875 4083 2150 874 4084 2149 866 4085 2145 865 4086 2148 875 4087 2149 866 4088 2147 876 4089 2148 875 4090 2145 865 4091 2146 877 4092 2147 876 4093 2145 865 4094 2146 877 4095 2145 865 4096 2140 878 4097 2145 865 4098 2144 864 4099 2140 878 4100 2140 878 4101 2144 864 4102 2139 879 4103 2139 879 4104 2144 864 4105 2142 848 4106 2143 847 4107 2139 879 4108 2142 848 4109 2141 880 4110 2140 878 4111 2139 879 4112 2136 881 4113 2137 882 4114 2138 883 4115 2134 884 4116 2137 882 4117 2136 881 4118 2135 885 4119 2134 884 4120 2136 881 4121 2135 885 4122 2132 886 4123 2134 884 4124 2132 886 4125 2133 887 4126 2134 884 4127 2130 888 4128 2133 887 4129 2132 886 4130 2131 889 4131 2130 888 4132 2132 886 4133 2131 889 4134 2129 890 4135 2130 888 4136 2129 890 4137 2128 891 4138 2130 888 4139 2129 890 4140 2127 892 4141 2128 891 4142 2127 892 4143 2126 893 4144 2128 891 4145 2127 892 4146 2123 894 4147 2126 893 4148 2123 894 4149 2125 895 4150 2126 893 4151 2124 896 4152 2125 895 4153 2123 894 4154 2115 897 4155 2124 896 4156 2123 894 4157 2122 898 4158 2120 899 4159 2121 900 4160 2120 899 4161 2119 901 4162 2121 900 4163 2120 899 4164 2110 902 4165 2119 901 4166 2110 902 4167 2118 903 4168 2119 901 4169 2117 904 4170 2118 903 4171 2110 902 4172 2111 905 4173 2117 904 4174 2110 902 4175 2117 904 4176 2111 905 4177 2114 906 4178 2111 905 4179 2116 907 4180 2114 906 4181 2116 907 4182 2113 908 4183 2114 906 4184 2115 909 4185 2114 906 4186 2113 908 4187 2112 910 4188 2111 905 4189 2110 902 4190 1260 911 4191 2100 912 4192 1259 913 4193 1259 913 4194 2100 912 4195 2101 914 4196 2109 915 4197 1259 913 4198 2101 914 4199 2109 915 4200 2101 914 4201 2102 916 4202 2108 917 4203 2109 915 4204 2102 916 4205 2104 918 4206 2108 917 4207 2102 916 4208 2108 917 4209 2104 918 4210 2107 919 4211 2104 918 4212 2106 920 4213 2107 919 4214 2105 921 4215 2106 920 4216 2104 918 4217 2103 922 4218 2105 921 4219 2104 918 4220 2103 922 4221 2104 918 4222 2102 916 4223 1245 923 4224 2103 922 4225 2102 916 4226 2102 916 4227 1247 924 4228 1245 923 4229 1247 924 4230 2102 916 4231 2101 914 4232 1248 925 4233 1247 924 4234 2101 914 4235 2100 912 4236 1248 925 4237 2101 914 4238 1250 926 4239 1248 925 4240 2100 912 4241 1260 911 4242 1250 926 4243 2100 912 4244 1477 927 4245 2099 928 4246 1482 929 4247 1477 927 4248 1478 930 4249 2099 928 4250 1478 930 4251 2098 931 4252 2099 928 4253 2098 931 4254 1478 930 4255 1444 932 4256 2097 933 4257 2098 931 4258 1444 932 4259 1444 932 4260 1447 934 4261 2097 933 4262 1447 934 4263 2096 935 4264 2097 933 4265 1447 934 4266 1449 936 4267 2096 935 4268 1449 936 4269 2092 937 4270 2096 935 4271 2092 937 4272 1449 936 4273 1451 938 4274 2092 937 4275 1451 938 4276 2091 939 4277 1451 938 4278 1453 940 4279 2091 939 4280 1453 940 4281 2095 941 4282 2091 939 4283 1453 940 4284 1439 942 4285 2095 941 4286 1439 942 4287 1430 943 4288 2095 941 4289 1439 942 4290 1438 944 4291 1430 943 4292 1438 944 4293 1428 945 4294 1430 943 4295 1438 944 4296 1427 946 4297 1428 945 4298 2090 947 4299 2091 939 4300 2095 941 4301 2094 948 4302 2090 947 4303 2095 941 4304 2093 949 4305 2090 947 4306 2094 948 4307 2093 949 4308 2092 937 4309 2090 947 4310 2092 937 4311 2091 939 4312 2090 947 4313 2083 950 4314 2089 951 4315 2082 952 4316 2082 952 4317 2089 951 4318 2079 953 4319 2089 951 4320 2088 954 4321 2079 953 4322 2079 953 4323 2088 954 4324 2087 955 4325 2077 956 4326 2079 953 4327 2087 955 4328 2077 956 4329 2087 955 4330 2086 957 4331 2075 958 4332 2077 956 4333 2086 957 4334 2075 958 4335 2086 957 4336 2073 959 4337 2086 957 4338 2085 960 4339 2073 959 4340 2073 959 4341 2085 960 4342 2071 961 4343 2085 960 4344 2084 962 4345 2071 961 4346 2071 961 4347 2084 962 4348 2068 963 4349 2084 962 4350 2067 964 4351 2068 963 4352 2063 965 4353 2083 950 4354 2062 966 4355 2062 966 4356 2083 950 4357 2082 952 4358 2062 966 4359 2082 952 4360 2061 967 4361 2082 952 4362 2081 968 4363 2061 967 4364 2082 952 4365 2079 953 4366 2081 968 4367 2079 953 4368 2080 969 4369 2081 968 4370 2078 970 4371 2080 969 4372 2079 953 4373 2077 956 4374 2078 970 4375 2079 953 4376 2076 971 4377 2078 970 4378 2077 956 4379 2075 958 4380 2076 971 4381 2077 956 4382 2074 972 4383 2076 971 4384 2075 958 4385 2073 959 4386 2074 972 4387 2075 958 4388 2072 973 4389 2074 972 4390 2073 959 4391 2071 961 4392 2072 973 4393 2073 959 4394 2070 974 4395 2072 973 4396 2071 961 4397 2068 963 4398 2070 974 4399 2071 961 4400 2069 975 4401 2070 974 4402 2068 963 4403 2065 976 4404 2069 975 4405 2068 963 4406 2068 963 4407 2067 964 4408 2065 976 4409 2067 964 4410 2066 977 4411 2065 976 4412 2057 978 4413 2064 979 4414 2063 965 4415 2060 980 4416 2057 978 4417 2063 965 4418 2060 980 4419 2063 965 4420 2062 966 4421 2062 966 4422 2061 967 4423 2060 980 4424 2061 967 4425 2059 981 4426 2060 980 4427 2060 980 4428 2059 981 4429 2057 978 4430 2059 981 4431 2058 982 4432 2057 978 4433 2056 983 4434 2055 984 4435 2049 985 4436 2055 984 4437 2054 986 4438 2049 985 4439 2054 986 4440 2053 987 4441 2049 985 4442 2053 987 4443 2052 988 4444 2049 985 4445 2052 988 4446 2051 989 4447 2049 985 4448 2051 989 4449 2050 990 4450 2049 985 4451 2043 991 4452 2048 992 4453 2044 993 4454 2020 994 4455 2047 995 4456 2019 996 4457 2046 997 4458 2047 995 4459 2020 994 4460 2038 998 4461 2046 997 4462 2020 994 4463 2045 999 4464 2046 997 4465 2038 998 4466 2037 1000 4467 2045 999 4468 2038 998 4469 2044 993 4470 2045 999 4471 2037 1000 4472 2036 1001 4473 2044 993 4474 2037 1000 4475 2036 1001 4476 2043 991 4477 2044 993 4478 2036 1001 4479 2035 1002 4480 2043 991 4481 2035 1002 4482 2042 1003 4483 2043 991 4484 2035 1002 4485 2030 1004 4486 2042 1003 4487 2030 1004 4488 2041 1005 4489 2042 1003 4490 2041 1005 4491 2030 1004 4492 2040 1006 4493 2030 1004 4494 2029 1007 4495 2040 1006 4496 2039 1008 4497 2040 1006 4498 2029 1007 4499 2028 1009 4500 2039 1008 4501 2029 1007 4502 2039 1008 4503 2028 1009 4504 2026 1010 4505 2028 1009 4506 2025 1011 4507 2026 1010 4508 2020 994 4509 2021 1012 4510 2038 998 4511 2021 1012 4512 2033 1013 4513 2038 998 4514 2038 998 4515 2033 1013 4516 2037 1000 4517 2033 1013 4518 2034 1014 4519 2037 1000 4520 2037 1000 4521 2034 1014 4522 2036 1001 4523 2034 1014 4524 2035 1002 4525 2036 1001 4526 2035 1002 4527 2034 1014 4528 2030 1004 4529 2034 1014 4530 2031 1015 4531 2030 1004 4532 2034 1014 4533 2033 1013 4534 2031 1015 4535 2033 1013 4536 2032 1016 4537 2031 1015 4538 2033 1013 4539 2021 1012 4540 2032 1016 4541 2021 1012 4542 2022 1017 4543 2032 1016 4544 2032 1016 4545 2022 1017 4546 2023 1018 4547 2032 1016 4548 2023 1018 4549 2031 1015 4550 2023 1018 4551 2027 1019 4552 2031 1015 4553 2031 1015 4554 2027 1019 4555 2030 1004 4556 2027 1019 4557 2029 1007 4558 2030 1004 4559 2028 1009 4560 2029 1007 4561 2027 1019 4562 2024 1020 4563 2028 1009 4564 2027 1019 4565 2025 1011 4566 2028 1009 4567 2024 1020 4568 2027 1019 4569 2023 1018 4570 2024 1020 4571 2025 1011 4572 1552 1021 4573 2026 1010 4574 1552 1021 4575 2025 1011 4576 1545 1022 4577 1545 1022 4578 2025 1011 4579 2024 1020 4580 2024 1020 4581 1547 1023 4582 1545 1022 4583 2023 1018 4584 1547 1023 4585 2024 1020 4586 2023 1018 4587 1549 1024 4588 1547 1023 4589 2022 1017 4590 1549 1024 4591 2023 1018 4592 1549 1024 4593 2022 1017 4594 1551 1025 4595 1551 1025 4596 2022 1017 4597 2021 1012 4598 2017 1026 4599 1551 1025 4600 2021 1012 4601 2017 1026 4602 2021 1012 4603 2020 994 4604 2016 1027 4605 2017 1026 4606 2020 994 4607 2016 1027 4608 2020 994 4609 2019 996 4610 2016 1027 4611 2019 996 4612 2014 1028 4613 2019 996 4614 2018 1029 4615 2014 1028 4616 2014 1028 4617 2018 1029 4618 1570 1030 4619 2018 1029 4620 1574 1031 4621 1570 1030 4622 1570 1030 4623 1574 1031 4624 1569 1032 4625 2013 1033 4626 2012 1034 4627 2011 1035 4628 2015 1036 4629 2013 1033 4630 2011 1035 4631 2015 1036 4632 2011 1035 4633 1551 1025 4634 2017 1026 4635 2015 1036 4636 1551 1025 4637 2015 1036 4638 2017 1026 4639 2016 1027 4640 2014 1028 4641 2015 1036 4642 2016 1027 4643 2013 1033 4644 2015 1036 4645 2014 1028 4646 1570 1030 4647 2013 1033 4648 2014 1028 4649 1568 1037 4650 2013 1033 4651 1570 1030 4652 2013 1033 4653 1568 1037 4654 2012 1034 4655 1568 1037 4656 1564 1038 4657 2012 1034 4658 1557 1039 4659 2012 1034 4660 1564 1038 4661 2012 1034 4662 1557 1039 4663 2011 1035 4664 1557 1039 4665 1555 1040 4666 2011 1035 4667 2011 1035 4668 1555 1040 4669 1551 1025 4670 1555 1040 4671 1550 1041 4672 1551 1025 4673 2007 1042 4674 2010 1043 4675 2008 1044 4676 2002 1045 4677 2009 1046 4678 2003 1047 4679 1981 1048 4680 1991 1049 4681 1983 1050 4682 1991 1049 4683 1998 1051 4684 1983 1050 4685 1983 1050 4686 1998 1051 4687 1984 1052 4688 1998 1051 4689 1996 1053 4690 1984 1052 4691 1984 1052 4692 1996 1053 4693 1985 1054 4694 1996 1053 4695 2008 1044 4696 1985 1054 4697 1996 1053 4698 2007 1042 4699 2008 1044 4700 1997 1055 4701 2007 1042 4702 1996 1053 4703 1997 1055 4704 2006 1056 4705 2007 1042 4706 2005 1057 4707 2006 1056 4708 1997 1055 4709 1999 1058 4710 2005 1057 4711 1997 1055 4712 2004 1059 4713 2005 1057 4714 1999 1058 4715 2000 1060 4716 2004 1059 4717 1999 1058 4718 2003 1047 4719 2004 1059 4720 2000 1060 4721 2001 1061 4722 2003 1047 4723 2000 1060 4724 2001 1061 4725 2002 1045 4726 2003 1047 4727 2002 1045 4728 2001 1061 4729 1994 1062 4730 1995 1063 4731 2002 1045 4732 1994 1062 4733 2001 1061 4734 1993 1064 4735 1994 1062 4736 1993 1064 4737 2001 1061 4738 1992 1065 4739 2001 1061 4740 2000 1060 4741 1992 1065 4742 1992 1065 4743 2000 1060 4744 1991 1049 4745 2000 1060 4746 1999 1058 4747 1991 1049 4748 1991 1049 4749 1999 1058 4750 1998 1051 4751 1999 1058 4752 1997 1055 4753 1998 1051 4754 1998 1051 4755 1997 1055 4756 1996 1053 4757 1995 1063 4758 1994 1062 4759 1988 1066 4760 1994 1062 4761 1989 1067 4762 1988 1066 4763 1989 1067 4764 1994 1062 4765 1990 1068 4766 1994 1062 4767 1993 1064 4768 1990 1068 4769 1990 1068 4770 1993 1064 4771 1982 1069 4772 1993 1064 4773 1992 1065 4774 1982 1069 4775 1982 1069 4776 1992 1065 4777 1981 1048 4778 1992 1065 4779 1991 1049 4780 1981 1048 4781 1971 1070 4782 1982 1069 4783 1972 1071 4784 1990 1068 4785 1982 1069 4786 1971 1070 4787 1970 1072 4788 1990 1068 4789 1971 1070 4790 1989 1067 4791 1990 1068 4792 1970 1072 4793 1977 1073 4794 1989 1067 4795 1970 1072 4796 1988 1066 4797 1989 1067 4798 1977 1073 4799 1978 1074 4800 1988 1066 4801 1977 1073 4802 1988 1066 4803 1978 1074 4804 1587 1075 4805 1978 1074 4806 1979 1076 4807 1587 1075 4808 1587 1075 4809 1979 1076 4810 1588 1077 4811 1980 1078 4812 1588 1077 4813 1979 1076 4814 1980 1078 4815 1592 1079 4816 1588 1077 4817 1980 1078 4818 1965 1080 4819 1592 1079 4820 1965 1080 4821 1596 1081 4822 1592 1079 4823 1412 0 4824 1596 1081 4825 1965 1080 4826 1412 0 4827 1598 1082 4828 1596 1081 4829 1413 1083 4830 1598 1082 4831 1412 0 4832 1413 1083 4833 1457 1084 4834 1598 1082 4835 1987 1085 4836 1986 1086 4837 1985 1054 4838 1986 1086 4839 1975 1087 4840 1985 1054 4841 1984 1052 4842 1985 1054 4843 1975 1087 4844 1974 1088 4845 1984 1052 4846 1975 1087 4847 1983 1050 4848 1984 1052 4849 1974 1088 4850 1973 1089 4851 1983 1050 4852 1974 1088 4853 1981 1048 4854 1983 1050 4855 1973 1089 4856 1972 1071 4857 1981 1048 4858 1973 1089 4859 1982 1069 4860 1981 1048 4861 1972 1071 4862 1965 1080 4863 1980 1078 4864 1967 1090 4865 1980 1078 4866 1976 1091 4867 1967 1090 4868 1976 1091 4869 1980 1078 4870 1979 1076 4871 1979 1076 4872 1978 1074 4873 1976 1091 4874 1976 1091 4875 1978 1074 4876 1968 1092 4877 1978 1074 4878 1977 1073 4879 1968 1092 4880 1968 1092 4881 1977 1073 4882 1969 1093 4883 1977 1073 4884 1970 1072 4885 1969 1093 4886 1967 1090 4887 1976 1091 4888 1968 1092 4889 1974 1088 4890 1975 1087 4891 1960 1094 4892 1961 1095 4893 1974 1088 4894 1960 1094 4895 1973 1089 4896 1974 1088 4897 1961 1095 4898 1962 1096 4899 1973 1089 4900 1961 1095 4901 1972 1071 4902 1973 1089 4903 1962 1096 4904 1963 1097 4905 1972 1071 4906 1962 1096 4907 1971 1070 4908 1972 1071 4909 1963 1097 4910 1964 1098 4911 1971 1070 4912 1963 1097 4913 1970 1072 4914 1971 1070 4915 1964 1098 4916 1969 1093 4917 1970 1072 4918 1964 1098 4919 1969 1093 4920 1964 1098 4921 1952 1099 4922 1968 1092 4923 1969 1093 4924 1952 1099 4925 1950 1100 4926 1968 1092 4927 1952 1099 4928 1950 1100 4929 1967 1090 4930 1968 1092 4931 1967 1090 4932 1950 1100 4933 1951 5 4934 1967 1090 4935 1951 5 4936 1965 1080 4937 1951 5 4938 1966 3 4939 1965 1080 4940 1966 3 4941 1412 0 4942 1965 1080 4943 1952 1099 4944 1964 1098 4945 1954 1101 4946 1964 1098 4947 1963 1097 4948 1954 1101 4949 1954 1101 4950 1963 1097 4951 1956 1102 4952 1963 1097 4953 1962 1096 4954 1956 1102 4955 1956 1102 4956 1962 1096 4957 1958 1103 4958 1962 1096 4959 1961 1095 4960 1958 1103 4961 1958 1103 4962 1961 1095 4963 1960 1094 4964 1958 1103 4965 1960 1094 4966 1959 17 4967 1957 15 4968 1958 1103 4969 1959 17 4970 1956 1102 4971 1958 1103 4972 1957 15 4973 1955 13 4974 1956 1102 4975 1957 15 4976 1954 1101 4977 1956 1102 4978 1955 13 4979 1953 11 4980 1954 1101 4981 1955 13 4982 1952 1099 4983 1954 1101 4984 1953 11 4985 1949 8 4986 1952 1099 4987 1953 11 4988 1950 1100 4989 1952 1099 4990 1949 8 4991 1951 5 4992 1950 1100 4993 1949 8 4994 1948 1104 4995 1946 1105 4996 1947 1106 4997 1946 1105 4998 1945 1107 4999 1947 1106 5000 1945 1107 5001 1946 1105 5002 1943 1108 5003 1944 1109 5004 1945 1107 5005 1943 1108 5006 1944 1109 5007 1943 1108 5008 1942 1110 5009 1941 1111 5010 1940 1112 5011 1934 1113 5012 1940 1112 5013 1939 1114 5014 1934 1113 5015 1939 1114 5016 1938 1115 5017 1934 1113 5018 1938 1115 5019 1937 1116 5020 1934 1113 5021 1937 1116 5022 1936 1117 5023 1934 1113 5024 1936 1117 5025 1935 1118 5026 1934 1113 5027 1933 1119 5028 1931 1120 5029 1932 1121 5030 1931 1120 5031 1930 1122 5032 1932 1121 5033 1931 1120 5034 1929 1123 5035 1930 1122 5036 1929 1123 5037 1928 1124 5038 1930 1122 5039 1928 1124 5040 1929 1123 5041 1927 1125 5042 1925 1126 5043 1928 1124 5044 1927 1125 5045 1927 1125 5046 1926 1127 5047 1925 1126 5048 1924 1128 5049 1922 1129 5050 1923 1130 5051 1922 1129 5052 1921 1131 5053 1923 1130 5054 1922 1129 5055 1919 1132 5056 1921 1131 5057 1919 1132 5058 1920 1133 5059 1921 1131 5060 1918 1134 5061 1920 1133 5062 1919 1132 5063 1917 1135 5064 1918 1134 5065 1919 1132 5066 1915 1136 5067 1918 1134 5068 1917 1135 5069 1916 1137 5070 1915 1136 5071 1917 1135 5072 1915 1136 5073 1916 1137 5074 1914 1138 5075 1913 1139 5076 1915 1136 5077 1914 1138 5078 1914 1138 5079 1912 1140 5080 1913 1139 5081 1912 1140 5082 1911 1141 5083 1913 1139 5084 1912 1140 5085 1910 1142 5086 1911 1141 5087 1910 1142 5088 1909 1143 5089 1911 1141 5090 1910 1142 5091 1908 1144 5092 1909 1143 5093 1908 1144 5094 1907 1145 5095 1909 1143 5096 1908 1144 5097 1906 1146 5098 1907 1145 5099 1906 1146 5100 1905 1147 5101 1907 1145 5102 1906 1146 5103 1904 1148 5104 1905 1147 5105 1904 1148 5106 1903 1149 5107 1905 1147 5108 1904 1148 5109 1902 1150 5110 1903 1149 5111 1902 1150 5112 1901 1151 5113 1903 1149 5114 1902 1150 5115 1900 1152 5116 1901 1151 5117 1900 1152 5118 1898 1153 5119 1901 1151 5120 1900 1152 5121 1899 1154 5122 1898 1153 5123 1897 1155 5124 1896 1156 5125 1894 1157 5126 1896 1156 5127 1895 1158 5128 1894 1157 5129 1893 1159 5130 1892 1160 5131 1890 1161 5132 1892 1160 5133 1891 1162 5134 1890 1161 5135 1889 1163 5136 1888 1164 5137 1886 1165 5138 1888 1164 5139 1887 1166 5140 1886 1165 5141 1861 1167 5142 1885 1168 5143 1860 1169 5144 1885 1168 5145 1884 1170 5146 1860 1169 5147 1885 1168 5148 1883 1171 5149 1884 1170 5150 1883 1171 5151 1882 1172 5152 1884 1170 5153 1883 1171 5154 1881 1173 5155 1882 1172 5156 1881 1173 5157 1880 1174 5158 1882 1172 5159 1881 1173 5160 1879 1175 5161 1880 1174 5162 1879 1175 5163 1878 1176 5164 1880 1174 5165 1878 1176 5166 1879 1175 5167 1876 1177 5168 1877 1178 5169 1878 1176 5170 1876 1177 5171 1877 1178 5172 1876 1177 5173 1875 1179 5174 1876 1177 5175 1874 1180 5176 1875 1179 5177 1875 1179 5178 1874 1180 5179 1872 1181 5180 1874 1180 5181 1873 1182 5182 1872 1181 5183 1873 1182 5184 1871 1183 5185 1872 1181 5186 1871 1183 5187 1868 1184 5188 1872 1181 5189 1871 1183 5190 1870 1185 5191 1868 1184 5192 1870 1185 5193 1869 1186 5194 1868 1184 5195 1866 1187 5196 1865 1188 5197 1867 1189 5198 1866 1187 5199 1864 1190 5200 1865 1188 5201 1864 1190 5202 1863 1191 5203 1865 1188 5204 1864 1190 5205 1862 1192 5206 1863 1191 5207 1862 1192 5208 1859 1193 5209 1863 1191 5210 1862 1192 5211 1861 1167 5212 1859 1193 5213 1861 1167 5214 1860 1169 5215 1859 1193 5216 1858 1194 5217 1821 1195 5218 1824 1196 5219 1858 1194 5220 1824 1196 5221 1857 1197 5222 1824 1196 5223 1855 1198 5224 1857 1197 5225 1855 1198 5226 1856 1199 5227 1857 1197 5228 1856 1199 5229 1855 1198 5230 1854 1200 5231 1855 1198 5232 1853 1201 5233 1854 1200 5234 1853 1201 5235 1850 1202 5236 1854 1200 5237 1853 1201 5238 1852 1203 5239 1850 1202 5240 1852 1203 5241 1851 1204 5242 1850 1202 5243 1834 1205 5244 1822 1206 5245 1820 1207 5246 1849 1208 5247 1834 1205 5248 1820 1207 5249 1832 1209 5250 1834 1205 5251 1849 1208 5252 1848 1210 5253 1832 1209 5254 1849 1208 5255 1831 1211 5256 1832 1209 5257 1848 1210 5258 1847 1212 5259 1831 1211 5260 1848 1210 5261 1846 1213 5262 1831 1211 5263 1847 1212 5264 1831 1211 5265 1846 1213 5266 1829 1214 5267 1845 1215 5268 1829 1214 5269 1846 1213 5270 1845 1215 5271 1844 1216 5272 1829 1214 5273 1844 1216 5274 1828 1217 5275 1829 1214 5276 1844 1216 5277 1842 1218 5278 1828 1217 5279 1842 1218 5280 1843 1219 5281 1828 1217 5282 1843 1219 5283 1842 1218 5284 1837 1220 5285 1842 1218 5286 1841 1221 5287 1837 1220 5288 1840 1222 5289 1837 1220 5290 1841 1221 5291 1840 1222 5292 1839 1223 5293 1837 1220 5294 1839 1223 5295 1838 1224 5296 1837 1220 5297 1827 1225 5298 1833 1226 5299 1830 1227 5300 1827 1225 5301 1825 1228 5302 1833 1226 5303 1825 1228 5304 1835 1229 5305 1833 1226 5306 1835 1229 5307 1825 1228 5308 1836 1230 5309 1825 1228 5310 1823 1231 5311 1836 1230 5312 1822 1206 5313 1836 1230 5314 1823 1231 5315 1836 1230 5316 1822 1206 5317 1835 1229 5318 1822 1206 5319 1834 1205 5320 1835 1229 5321 1835 1229 5322 1834 1205 5323 1833 1226 5324 1834 1205 5325 1832 1209 5326 1833 1226 5327 1833 1226 5328 1832 1209 5329 1830 1227 5330 1832 1209 5331 1831 1211 5332 1830 1227 5333 1830 1227 5334 1831 1211 5335 1829 1214 5336 1829 1214 5337 1827 1225 5338 1830 1227 5339 1827 1225 5340 1829 1214 5341 1828 1217 5342 1826 1232 5343 1827 1225 5344 1828 1217 5345 1825 1228 5346 1827 1225 5347 1826 1232 5348 1825 1228 5349 1826 1232 5350 1824 1196 5351 1823 1231 5352 1825 1228 5353 1824 1196 5354 1821 1195 5355 1823 1231 5356 1824 1196 5357 1821 1195 5358 1822 1206 5359 1823 1231 5360 1822 1206 5361 1821 1195 5362 1820 1207 5363 1805 1233 5364 1811 1234 5365 1804 1235 5366 1804 1235 5367 1811 1234 5368 1819 1236 5369 1811 1234 5370 1814 1237 5371 1819 1236 5372 1819 1236 5373 1814 1237 5374 1816 1238 5375 1814 1237 5376 1815 1239 5377 1816 1238 5378 1790 1240 5379 1792 1241 5380 1799 1242 5381 1818 1243 5382 1790 1240 5383 1799 1242 5384 1790 1240 5385 1818 1243 5386 1817 1244 5387 1788 1245 5388 1790 1240 5389 1817 1244 5390 1788 1245 5391 1817 1244 5392 1816 1238 5393 1815 1239 5394 1788 1245 5395 1816 1238 5396 1788 1245 5397 1815 1239 5398 1787 1246 5399 1815 1239 5400 1814 1237 5401 1787 1246 5402 1814 1237 5403 1813 1247 5404 1787 1246 5405 1814 1237 5406 1811 1234 5407 1813 1247 5408 1811 1234 5409 1812 1248 5410 1813 1247 5411 1812 1248 5412 1811 1234 5413 1810 1249 5414 1811 1234 5415 1805 1233 5416 1810 1249 5417 1810 1249 5418 1805 1233 5419 1809 1250 5420 1805 1233 5421 1808 1251 5422 1809 1250 5423 1808 1251 5424 1805 1233 5425 1807 1252 5426 1805 1233 5427 1806 1253 5428 1807 1252 5429 1806 1253 5430 1805 1233 5431 1804 1235 5432 1803 1254 5433 1802 1255 5434 1797 1256 5435 1802 1255 5436 1796 1257 5437 1797 1256 5438 1796 1257 5439 1802 1255 5440 1801 1258 5441 1800 1259 5442 1796 1257 5443 1801 1258 5444 1794 1260 5445 1796 1257 5446 1800 1259 5447 1798 1261 5448 1794 1260 5449 1800 1259 5450 1792 1241 5451 1794 1260 5452 1798 1261 5453 1799 1242 5454 1792 1241 5455 1798 1261 5456 1797 1256 5457 1796 1257 5458 1795 1262 5459 1796 1257 5460 1794 1260 5461 1795 1262 5462 1795 1262 5463 1794 1260 5464 1793 1263 5465 1794 1260 5466 1792 1241 5467 1793 1263 5468 1793 1263 5469 1792 1241 5470 1791 1264 5471 1792 1241 5472 1790 1240 5473 1791 1264 5474 1791 1264 5475 1790 1240 5476 1789 1265 5477 1790 1240 5478 1788 1245 5479 1789 1265 5480 1789 1265 5481 1788 1245 5482 1787 1246 5483 1785 1266 5484 1786 1267 5485 767 1268 5486 768 1269 5487 1785 1266 5488 767 1268 5489 768 1269 5490 1784 1270 5491 1785 1266 5492 1784 1270 5493 768 1269 5494 1783 1271 5495 768 1269 5496 778 1272 5497 1783 1271 5498 1783 1271 5499 778 1272 5500 1782 1273 5501 778 1272 5502 780 1274 5503 1782 1273 5504 1779 1275 5505 1782 1273 5506 780 1274 5507 1778 1276 5508 1779 1275 5509 780 1274 5510 782 1277 5511 1778 1276 5512 780 1274 5513 1778 1276 5514 782 1277 5515 803 1278 5516 1778 1276 5517 803 1278 5518 1777 1279 5519 1777 1279 5520 803 1278 5521 802 1280 5522 1781 1281 5523 1777 1279 5524 802 1280 5525 802 1280 5526 801 1282 5527 1781 1281 5528 801 1282 5529 1780 1283 5530 1781 1281 5531 801 1282 5532 806 1284 5533 1780 1283 5534 806 1284 5535 834 1285 5536 1780 1283 5537 1779 1275 5538 1778 1276 5539 1777 1279 5540 1026 1286 5541 1776 1287 5542 1047 1288 5543 1047 1288 5544 1776 1287 5545 1774 1289 5546 1774 1289 5547 1048 1290 5548 1047 1288 5549 1776 1287 5550 1775 1291 5551 1774 1289 5552 1773 1292 5553 1769 1293 5554 1772 1294 5555 1769 1293 5556 1771 1295 5557 1772 1294 5558 1769 1293 5559 1770 1296 5560 1771 1295 5561 1767 1297 5562 1770 1296 5563 1769 1293 5564 1768 1298 5565 1767 1297 5566 1769 1293 5567 1768 1298 5568 1764 1299 5569 1767 1297 5570 1764 1299 5571 1766 1300 5572 1767 1297 5573 1765 1301 5574 1766 1300 5575 1764 1299 5576 1765 1301 5577 1764 1299 5578 1763 1302 5579 1761 1303 5580 1760 1304 5581 1759 1305 5582 1757 1306 5583 1761 1303 5584 1759 1305 5585 1762 1307 5586 1761 1303 5587 1757 1306 5588 1755 1308 5589 1762 1307 5590 1757 1306 5591 1750 1309 5592 1762 1307 5593 1755 1308 5594 1762 1307 5595 1750 1309 5596 1763 1302 5597 1751 1310 5598 1763 1302 5599 1750 1309 5600 1751 1310 5601 1765 1301 5602 1763 1302 5603 1752 1311 5604 1750 1309 5605 1755 1308 5606 1763 1302 5607 1764 1299 5608 1747 1312 5609 1749 1313 5610 1763 1302 5611 1747 1312 5612 1749 1313 5613 1762 1307 5614 1763 1302 5615 1749 1313 5616 1748 1314 5617 1762 1307 5618 1748 1314 5619 1761 1303 5620 1762 1307 5621 1748 1314 5622 1735 1315 5623 1761 1303 5624 1735 1315 5625 1760 1304 5626 1761 1303 5627 1760 1304 5628 1735 1315 5629 1736 1316 5630 1759 1305 5631 1760 1304 5632 1736 1316 5633 1736 1316 5634 1758 1317 5635 1759 1305 5636 1759 1305 5637 1758 1317 5638 1757 1306 5639 1758 1317 5640 1756 1318 5641 1757 1306 5642 1757 1306 5643 1756 1318 5644 1755 1308 5645 1756 1318 5646 1754 1319 5647 1755 1308 5648 1755 1308 5649 1754 1319 5650 1752 1311 5651 1754 1319 5652 1753 1320 5653 1752 1311 5654 1752 1311 5655 1753 1320 5656 1751 1310 5657 1752 1311 5658 1751 1310 5659 1750 1309 5660 1749 1313 5661 1747 1312 5662 1748 1314 5663 1748 1314 5664 1747 1312 5665 1735 1315 5666 1747 1312 5667 1746 1321 5668 1735 1315 5669 1737 1322 5670 1735 1315 5671 1746 1321 5672 1745 1323 5673 1737 1322 5674 1746 1321 5675 1745 1323 5676 1746 1321 5677 1743 1324 5678 1744 1325 5679 1745 1323 5680 1743 1324 5681 1744 1325 5682 1743 1324 5683 1742 1326 5684 1743 1324 5685 1741 1327 5686 1742 1326 5687 1739 1328 5688 1742 1326 5689 1741 1327 5690 1739 1328 5691 1741 1327 5692 1738 1329 5693 1740 1330 5694 1739 1328 5695 1738 1329 5696 1737 1322 5697 1736 1316 5698 1735 1315 5699 1733 1331 5700 1734 1332 5701 1732 1333 5702 1731 1334 5703 1733 1331 5704 1732 1333 5705 1732 1333 5706 1730 1335 5707 1731 1334 5708 1730 1335 5709 1727 1336 5710 1731 1334 5711 1730 1335 5712 1729 1337 5713 1727 1336 5714 1729 1337 5715 1728 1338 5716 1727 1336 5717 1713 1339 5718 1723 1340 5719 1712 1341 5720 1723 1340 5721 1713 1339 5722 1724 1342 5723 1713 1339 5724 1726 1343 5725 1724 1342 5726 1726 1343 5727 1713 1339 5728 1716 1344 5729 1719 1345 5730 1715 1346 5731 1714 1347 5732 1694 1348 5733 1725 1349 5734 1693 1350 5735 1725 1349 5736 1694 1348 5737 1724 1342 5738 1694 1348 5739 1723 1340 5740 1724 1342 5741 1723 1340 5742 1694 1348 5743 1708 1351 5744 1712 1341 5745 1723 1340 5746 1708 1351 5747 1712 1341 5748 1708 1351 5749 1710 1352 5750 1710 1352 5751 1714 1347 5752 1712 1341 5753 1710 1352 5754 1722 1353 5755 1714 1347 5756 1722 1353 5757 1719 1345 5758 1714 1347 5759 1722 1353 5760 1721 1354 5761 1719 1345 5762 1721 1354 5763 1720 1355 5764 1719 1345 5765 1720 1355 5766 1718 1356 5767 1719 1345 5768 1718 1356 5769 1715 1346 5770 1719 1345 5771 1715 1346 5772 1718 1356 5773 1717 1357 5774 1716 1344 5775 1715 1346 5776 1717 1357 5777 1713 1339 5778 1715 1346 5779 1716 1344 5780 1715 1346 5781 1713 1339 5782 1714 1347 5783 1714 1347 5784 1713 1339 5785 1712 1341 5786 1711 1358 5787 1709 1359 5788 1707 1360 5789 1711 1358 5790 1707 1360 5791 1697 1361 5792 1698 1362 5793 1711 1358 5794 1697 1361 5795 1708 1351 5796 1709 1359 5797 1710 1352 5798 1709 1359 5799 1708 1351 5800 1707 1360 5801 1708 1351 5802 1694 1348 5803 1707 1360 5804 1694 1348 5805 1695 1363 5806 1707 1360 5807 1707 1360 5808 1695 1363 5809 1697 1361 5810 1695 1363 5811 1696 1364 5812 1697 1361 5813 1706 1365 5814 1704 1366 5815 1705 1367 5816 1705 1367 5817 1685 1368 5818 1690 1369 5819 1704 1366 5820 1685 1368 5821 1705 1367 5822 1685 1368 5823 1704 1366 5824 1684 1370 5825 1704 1366 5826 1703 1371 5827 1684 1370 5828 1703 1371 5829 1702 1372 5830 1684 1370 5831 1702 1372 5832 1701 1373 5833 1684 1370 5834 1701 1373 5835 1700 1374 5836 1684 1370 5837 1700 1374 5838 1687 1375 5839 1684 1370 5840 1700 1374 5841 1699 1376 5842 1687 1375 5843 1699 1376 5844 1689 1377 5845 1687 1375 5846 1689 1377 5847 1699 1376 5848 1698 1362 5849 1697 1361 5850 1689 1377 5851 1698 1362 5852 1688 1378 5853 1689 1377 5854 1697 1361 5855 1696 1364 5856 1688 1378 5857 1697 1361 5858 1688 1378 5859 1696 1364 5860 1692 1379 5861 1696 1364 5862 1695 1363 5863 1692 1379 5864 1695 1363 5865 1693 1350 5866 1692 1379 5867 1695 1363 5868 1694 1348 5869 1693 1350 5870 1691 1380 5871 1688 1378 5872 1692 1379 5873 1686 1381 5874 1688 1378 5875 1691 1380 5876 1690 1369 5877 1686 1381 5878 1691 1380 5879 1685 1368 5880 1686 1381 5881 1690 1369 5882 1689 1377 5883 1688 1378 5884 1687 1375 5885 1688 1378 5886 1686 1381 5887 1687 1375 5888 1687 1375 5889 1686 1381 5890 1684 1370 5891 1686 1381 5892 1685 1368 5893 1684 1370 5894 1670 1382 5895 1683 1383 5896 1682 1384 5897 1681 1385 5898 1682 1384 5899 1683 1383 5900 1680 1386 5901 1682 1384 5902 1681 1385 5903 1679 1387 5904 1680 1386 5905 1681 1385 5906 1680 1386 5907 1679 1387 5908 1676 1388 5909 1679 1387 5910 1678 1389 5911 1676 1388 5912 1678 1389 5913 1677 1390 5914 1676 1388 5915 1677 1390 5916 1675 1391 5917 1676 1388 5918 1675 1391 5919 1672 1392 5920 1676 1388 5921 1675 1391 5922 1674 1393 5923 1672 1392 5924 1674 1393 5925 1673 1394 5926 1672 1392 5927 1671 1395 5928 1670 1396 5929 1668 1397 5930 1670 1396 5931 1669 1398 5932 1668 1397 5933 1669 1398 5934 1667 1399 5935 1668 1397 5936 1667 1399 5937 1666 1400 5938 1668 1397 5939 1667 1399 5940 1665 1401 5941 1666 1400 5942 1665 1401 5943 1664 1402 5944 1666 1400 5945 1665 1401 5946 1662 1403 5947 1664 1402 5948 1662 1403 5949 1663 1404 5950 1664 1402 5951 1663 1404 5952 1662 1403 5953 1660 1405 5954 1662 1403 5955 1661 1406 5956 1660 1405 5957 1661 1406 5958 1658 1407 5959 1660 1405 5960 1658 1407 5961 1659 1408 5962 1660 1405 5963 1659 1408 5964 1658 1407 5965 1655 1409 5966 1658 1407 5967 1657 1410 5968 1655 1409 5969 1657 1410 5970 1656 1411 5971 1655 1409 5972 1330 1412 5973 1652 1413 5974 1328 1414 5975 1653 1415 5976 1652 1413 5977 1330 1412 5978 1654 1416 5979 1653 1415 5980 1330 1412 5981 1654 1416 5982 1330 1412 5983 1143 1417 5984 1654 1416 5985 1143 1417 5986 1144 1418 5987 1654 1416 5988 1144 1418 5989 1145 1419 5990 1653 1415 5991 1654 1416 5992 1145 1419 5993 1653 1415 5994 1145 1419 5995 1148 1420 5996 1653 1415 5997 1148 1420 5998 1150 1421 5999 1652 1413 6000 1653 1415 6001 1150 1421 6002 1150 1421 6003 1296 1422 6004 1652 1413 6005 1296 1422 6006 1328 1414 6007 1652 1413 6008 1318 1423 6009 1328 1414 6010 1296 1422 6011 1651 1424 6012 1649 1425 6013 1650 1426 6014 1649 1425 6015 1648 1427 6016 1650 1426 6017 1648 1427 6018 1649 1425 6019 1647 1428 6020 1645 1429 6021 1648 1427 6022 1647 1428 6023 1645 1429 6024 1647 1428 6025 1644 1430 6026 1646 1431 6027 1645 1429 6028 1644 1430 6029 1639 1432 6030 633 1433 6031 1643 1434 6032 1617 1435 6033 1618 1436 6034 1642 1437 6035 1618 1436 6036 1633 1438 6037 1642 1437 6038 1642 1437 6039 1633 1438 6040 1641 1439 6041 1633 1438 6042 1634 1440 6043 1641 1439 6044 1641 1439 6045 1634 1440 6046 1640 1441 6047 1634 1440 6048 1639 1432 6049 1640 1441 6050 1634 1440 6051 1635 1442 6052 1639 1432 6053 1635 1442 6054 633 1433 6055 1639 1432 6056 1635 1442 6057 1636 1443 6058 633 1433 6059 1636 1443 6060 632 1444 6061 633 1433 6062 1636 1443 6063 1637 1445 6064 632 1444 6065 1637 1445 6066 637 1446 6067 632 1444 6068 1637 1445 6069 1638 1447 6070 637 1446 6071 1638 1447 6072 639 1448 6073 637 1446 6074 1638 1447 6075 619 1449 6076 639 1448 6077 619 1449 6078 641 1450 6079 639 1448 6080 619 1449 6081 620 1451 6082 641 1450 6083 620 1451 6084 645 1452 6085 641 1450 6086 613 1453 6087 619 1449 6088 1638 1447 6089 611 1454 6090 613 1453 6091 1638 1447 6092 611 1454 6093 1638 1447 6094 1637 1445 6095 609 1455 6096 611 1454 6097 1637 1445 6098 609 1455 6099 1637 1445 6100 1636 1443 6101 604 1456 6102 609 1455 6103 1636 1443 6104 604 1456 6105 1636 1443 6106 1635 1442 6107 602 1457 6108 604 1456 6109 1635 1442 6110 602 1457 6111 1635 1442 6112 1634 1440 6113 1633 1438 6114 602 1457 6115 1634 1440 6116 603 1458 6117 602 1457 6118 1633 1438 6119 1618 1436 6120 603 1458 6121 1633 1438 6122 603 1458 6123 1618 1436 6124 1631 1459 6125 1618 1436 6126 1616 1460 6127 1631 1459 6128 1631 1459 6129 1616 1460 6130 1629 1461 6131 1616 1460 6132 1620 1462 6133 1629 1461 6134 1629 1461 6135 1620 1462 6136 1626 1463 6137 1620 1462 6138 1622 1464 6139 1626 1463 6140 603 1458 6141 579 1465 6142 580 1466 6143 579 1465 6144 603 1458 6145 1632 1467 6146 603 1458 6147 1631 1459 6148 1632 1467 6149 1632 1467 6150 1631 1459 6151 1630 1468 6152 1631 1459 6153 1629 1461 6154 1630 1468 6155 1630 1468 6156 1629 1461 6157 1628 1469 6158 1629 1461 6159 1626 1463 6160 1628 1469 6161 1628 1469 6162 1626 1463 6163 1627 1470 6164 1626 1463 6165 1625 1471 6166 1627 1470 6167 1626 1463 6168 1622 1464 6169 1625 1471 6170 1622 1464 6171 1624 1472 6172 1625 1471 6173 1623 1473 6174 1624 1472 6175 1622 1464 6176 1621 1474 6177 1623 1473 6178 1622 1464 6179 1620 1462 6180 1621 1474 6181 1622 1464 6182 1619 1475 6183 1621 1474 6184 1620 1462 6185 1616 1460 6186 1619 1475 6187 1620 1462 6188 1617 1435 6189 1619 1475 6190 1616 1460 6191 1618 1436 6192 1617 1435 6193 1616 1460 6194 579 1465 6195 1614 1476 6196 578 1477 6197 578 1477 6198 1614 1476 6199 1613 1478 6200 578 1477 6201 1613 1478 6202 582 1479 6203 582 1479 6204 1613 1478 6205 1612 1480 6206 582 1479 6207 1612 1480 6208 584 1481 6209 584 1481 6210 1612 1480 6211 1615 1482 6212 1615 1482 6213 586 1483 6214 584 1481 6215 1612 1480 6216 1611 1484 6217 1615 1482 6218 1614 1476 6219 1608 1485 6220 1613 1478 6221 1613 1478 6222 1608 1485 6223 1606 1486 6224 1613 1478 6225 1606 1486 6226 1612 1480 6227 1612 1480 6228 1606 1486 6229 1611 1484 6230 1606 1486 6231 1609 1487 6232 1611 1484 6233 1606 1486 6234 1607 1488 6235 1609 1487 6236 1607 1488 6237 1610 1489 6238 1609 1487 6239 1608 1485 6240 1607 1488 6241 1606 1486 6242 1593 1490 6243 1558 1491 6244 1559 1492 6245 1558 1491 6246 1593 1490 6247 1493 1493 6248 1593 1490 6249 1594 1494 6250 1493 1493 6251 1605 1495 6252 1493 1493 6253 1594 1494 6254 1605 1495 6255 1491 1496 6256 1493 1493 6257 1604 1497 6258 1491 1496 6259 1605 1495 6260 1604 1497 6261 1481 1498 6262 1491 1496 6263 1480 1499 6264 1481 1498 6265 1604 1497 6266 1603 1500 6267 1480 1499 6268 1604 1497 6269 1471 1501 6270 1480 1499 6271 1603 1500 6272 1602 1502 6273 1471 1501 6274 1603 1500 6275 1471 1501 6276 1602 1502 6277 1470 1503 6278 1602 1502 6279 1461 1504 6280 1470 1503 6281 1461 1504 6282 1602 1502 6283 1460 1505 6284 1595 1506 6285 1605 1495 6286 1594 1494 6287 1601 1507 6288 1605 1495 6289 1595 1506 6290 1601 1507 6291 1604 1497 6292 1605 1495 6293 1600 1508 6294 1604 1497 6295 1601 1507 6296 1600 1508 6297 1603 1500 6298 1604 1497 6299 1600 1508 6300 1460 1505 6301 1603 1500 6302 1603 1500 6303 1460 1505 6304 1602 1502 6305 1597 1509 6306 1601 1507 6307 1595 1506 6308 1599 1510 6309 1601 1507 6310 1597 1509 6311 1599 1510 6312 1600 1508 6313 1601 1507 6314 1458 1511 6315 1460 1505 6316 1459 1512 6317 1459 1512 6318 1460 1505 6319 1600 1508 6320 1459 1512 6321 1600 1508 6322 1456 1513 6323 1600 1508 6324 1599 1510 6325 1456 1513 6326 1456 1513 6327 1599 1510 6328 1457 1084 6329 1457 1084 6330 1599 1510 6331 1597 1509 6332 1457 1084 6333 1597 1509 6334 1598 1082 6335 1598 1082 6336 1597 1509 6337 1596 1081 6338 1597 1509 6339 1595 1506 6340 1596 1081 6341 1592 1079 6342 1596 1081 6343 1595 1506 6344 1594 1494 6345 1592 1079 6346 1595 1506 6347 1589 1514 6348 1592 1079 6349 1594 1494 6350 1593 1490 6351 1589 1514 6352 1594 1494 6353 1589 1514 6354 1593 1490 6355 1591 1515 6356 1591 1515 6357 1593 1490 6358 1559 1492 6359 1560 1516 6360 1591 1515 6361 1559 1492 6362 1590 1517 6363 1591 1515 6364 1560 1516 6365 1590 1517 6366 1560 1516 6367 1575 1518 6368 1592 1079 6369 1589 1514 6370 1588 1077 6371 1590 1517 6372 1589 1514 6373 1591 1515 6374 1590 1517 6375 1575 1518 6376 1589 1514 6377 1575 1518 6378 1588 1077 6379 1589 1514 6380 1575 1518 6381 1577 1519 6382 1588 1077 6383 1577 1519 6384 1585 1520 6385 1588 1077 6386 1585 1520 6387 1587 1075 6388 1588 1077 6389 1587 1075 6390 1585 1520 6391 1586 1521 6392 1580 1522 6393 1586 1521 6394 1585 1520 6395 1584 1523 6396 1580 1522 6397 1585 1520 6398 1585 1520 6399 1577 1519 6400 1584 1523 6401 1562 1524 6402 1576 1525 6403 1561 1526 6404 1576 1525 6405 1562 1524 6406 1579 1527 6407 1562 1524 6408 1582 1528 6409 1579 1527 6410 1582 1528 6411 1562 1524 6412 1563 1529 6413 1563 1529 6414 1565 1530 6415 1582 1528 6416 1565 1530 6417 1583 1531 6418 1582 1528 6419 1583 1531 6420 1581 1532 6421 1582 1528 6422 1581 1532 6423 1579 1527 6424 1582 1528 6425 1581 1532 6426 1580 1533 6427 1579 1527 6428 1580 1533 6429 1578 1534 6430 1579 1527 6431 1576 1525 6432 1579 1527 6433 1578 1534 6434 1577 1519 6435 1576 1525 6436 1578 1534 6437 1576 1525 6438 1577 1519 6439 1575 1518 6440 1561 1526 6441 1576 1525 6442 1575 1518 6443 1560 1516 6444 1561 1526 6445 1575 1518 6446 1574 1031 6447 1573 1535 6448 1569 1032 6449 1569 1032 6450 1573 1535 6451 1571 1536 6452 1573 1535 6453 1572 1537 6454 1571 1536 6455 1571 1536 6456 1567 1538 6457 1569 1032 6458 1569 1032 6459 1568 1037 6460 1570 1030 6461 1567 1538 6462 1568 1037 6463 1569 1032 6464 1568 1037 6465 1567 1538 6466 1564 1038 6467 1567 1538 6468 1566 1539 6469 1564 1038 6470 1566 1539 6471 1565 1530 6472 1564 1038 6473 1565 1530 6474 1563 1529 6475 1564 1038 6476 1563 1529 6477 1557 1039 6478 1564 1038 6479 1562 1524 6480 1557 1039 6481 1563 1529 6482 1557 1039 6483 1562 1524 6484 1556 1540 6485 1556 1540 6486 1562 1524 6487 1561 1526 6488 1554 1541 6489 1556 1540 6490 1561 1526 6491 1560 1516 6492 1554 1541 6493 1561 1526 6494 1560 1516 6495 1553 1542 6496 1554 1541 6497 1553 1542 6498 1560 1516 6499 1559 1492 6500 1553 1542 6501 1559 1492 6502 1544 1543 6503 1559 1492 6504 1558 1491 6505 1544 1543 6506 1558 1491 6507 1494 1544 6508 1544 1543 6509 1494 1544 6510 1558 1491 6511 1493 1493 6512 1555 1040 6513 1557 1039 6514 1556 1540 6515 1555 1040 6516 1556 1540 6517 1554 1541 6518 1550 1041 6519 1555 1040 6520 1554 1541 6521 1554 1541 6522 1548 1545 6523 1550 1041 6524 1553 1542 6525 1548 1545 6526 1554 1541 6527 1548 1545 6528 1553 1542 6529 1546 1546 6530 1546 1546 6531 1553 1542 6532 1544 1543 6533 1542 1547 6534 1541 1548 6535 1552 1021 6536 1543 1549 6537 1542 1547 6538 1552 1021 6539 1543 1549 6540 1552 1021 6541 1545 1022 6542 1550 1041 6543 1549 1024 6544 1551 1025 6545 1548 1545 6546 1549 1024 6547 1550 1041 6548 1549 1024 6549 1548 1545 6550 1547 1023 6551 1547 1023 6552 1548 1545 6553 1546 1546 6554 1547 1023 6555 1546 1546 6556 1545 1022 6557 1545 1022 6558 1546 1546 6559 1544 1543 6560 1543 1549 6561 1545 1022 6562 1544 1543 6563 1544 1543 6564 1494 1544 6565 1543 1549 6566 1494 1544 6567 1542 1547 6568 1543 1549 6569 1498 1550 6570 1542 1547 6571 1494 1544 6572 1542 1547 6573 1498 1550 6574 1541 1548 6575 1498 1550 6576 1506 1551 6577 1541 1548 6578 1540 1552 6579 1541 1548 6580 1506 1551 6581 1539 1553 6582 1540 1552 6583 1506 1551 6584 1506 1551 6585 1538 1554 6586 1539 1553 6587 1538 1554 6588 1506 1551 6589 1537 1555 6590 1506 1551 6591 1495 1556 6592 1537 1555 6593 1532 1557 6594 1537 1555 6595 1495 1556 6596 1535 1558 6597 1536 1559 6598 1534 1560 6599 1530 1561 6600 1535 1558 6601 1531 1562 6602 1531 1562 6603 1535 1558 6604 1534 1560 6605 1531 1562 6606 1534 1560 6607 1532 1557 6608 1534 1560 6609 1533 1563 6610 1532 1557 6611 1496 1564 6612 1532 1557 6613 1495 1556 6614 1517 1565 6615 1532 1557 6616 1496 1564 6617 1517 1565 6618 1531 1562 6619 1532 1557 6620 1518 1566 6621 1531 1562 6622 1517 1565 6623 1518 1566 6624 1530 1561 6625 1531 1562 6626 1529 1567 6627 1530 1561 6628 1518 1566 6629 1519 1568 6630 1529 1567 6631 1518 1566 6632 1529 1567 6633 1519 1568 6634 1528 1569 6635 1519 1568 6636 1520 1570 6637 1528 1569 6638 1528 1569 6639 1520 1570 6640 1527 1571 6641 1520 1570 6642 1521 1572 6643 1527 1571 6644 1527 1571 6645 1521 1572 6646 1526 1573 6647 1521 1572 6648 1522 1574 6649 1526 1573 6650 1526 1573 6651 1522 1574 6652 1525 1575 6653 1522 1574 6654 1508 1576 6655 1525 1575 6656 1508 1576 6657 1523 1577 6658 1525 1575 6659 1508 1576 6660 1509 1578 6661 1523 1577 6662 1509 1578 6663 1524 1579 6664 1523 1577 6665 1511 1580 6666 1508 1576 6667 1522 1574 6668 1521 1572 6669 1511 1580 6670 1522 1574 6671 1513 1581 6672 1511 1580 6673 1521 1572 6674 1520 1570 6675 1513 1581 6676 1521 1572 6677 1514 1582 6678 1513 1581 6679 1520 1570 6680 1519 1568 6681 1514 1582 6682 1520 1570 6683 1514 1582 6684 1519 1568 6685 1515 1583 6686 1519 1568 6687 1518 1566 6688 1515 1583 6689 1515 1583 6690 1518 1566 6691 1517 1565 6692 1515 1583 6693 1517 1565 6694 1516 1584 6695 1516 1584 6696 1517 1565 6697 1496 1564 6698 1516 1584 6699 1496 1564 6700 1497 1585 6701 1501 1586 6702 1499 1587 6703 1500 1588 6704 1501 1586 6705 1497 1585 6706 1499 1587 6707 1502 1589 6708 1497 1585 6709 1501 1586 6710 1502 1589 6711 1516 1584 6712 1497 1585 6713 1503 1590 6714 1516 1584 6715 1502 1589 6716 1503 1590 6717 1515 1583 6718 1516 1584 6719 1504 1591 6720 1515 1583 6721 1503 1590 6722 1504 1591 6723 1514 1582 6724 1515 1583 6725 1514 1582 6726 1504 1591 6727 1507 1592 6728 1514 1582 6729 1507 1592 6730 1513 1581 6731 1507 1592 6732 1512 1593 6733 1513 1581 6734 1513 1581 6735 1512 1593 6736 1511 1580 6737 1512 1593 6738 1510 1594 6739 1511 1580 6740 1511 1580 6741 1510 1594 6742 1508 1576 6743 1510 1594 6744 1509 1578 6745 1508 1576 6746 1507 1592 6747 1504 1591 6748 1505 1595 6749 1495 1556 6750 1506 1551 6751 1498 1550 6752 1505 1595 6753 1486 1596 6754 1485 1597 6755 1504 1591 6756 1486 1596 6757 1505 1595 6758 1504 1591 6759 1487 1598 6760 1486 1596 6761 1487 1598 6762 1504 1591 6763 1503 1590 6764 1487 1598 6765 1503 1590 6766 1488 1599 6767 1488 1599 6768 1503 1590 6769 1502 1589 6770 1488 1599 6771 1502 1589 6772 1489 1600 6773 1489 1600 6774 1502 1589 6775 1501 1586 6776 1489 1600 6777 1501 1586 6778 1490 1601 6779 1490 1601 6780 1501 1586 6781 1500 1588 6782 1490 1601 6783 1500 1588 6784 1492 1602 6785 1492 1602 6786 1500 1588 6787 1494 1544 6788 1499 1587 6789 1494 1544 6790 1500 1588 6791 1499 1587 6792 1498 1550 6793 1494 1544 6794 1497 1585 6795 1498 1550 6796 1499 1587 6797 1497 1585 6798 1495 1556 6799 1498 1550 6800 1497 1585 6801 1496 1564 6802 1495 1556 6803 1492 1602 6804 1494 1544 6805 1493 1493 6806 1491 1496 6807 1492 1602 6808 1493 1493 6809 1491 1496 6810 1490 1601 6811 1492 1602 6812 1481 1498 6813 1490 1601 6814 1491 1496 6815 1481 1498 6816 1489 1600 6817 1490 1601 6818 1479 1603 6819 1489 1600 6820 1481 1498 6821 1479 1603 6822 1488 1599 6823 1489 1600 6824 1473 1604 6825 1488 1599 6826 1479 1603 6827 1473 1604 6828 1487 1598 6829 1488 1599 6830 1487 1598 6831 1473 1604 6832 1474 1605 6833 1487 1598 6834 1474 1605 6835 1486 1596 6836 1486 1596 6837 1474 1605 6838 1475 1606 6839 1486 1596 6840 1475 1606 6841 1485 1597 6842 1485 1597 6843 1475 1606 6844 1484 1607 6845 1475 1606 6846 1476 1608 6847 1484 1607 6848 1484 1607 6849 1476 1608 6850 1483 1609 6851 1476 1608 6852 1482 929 6853 1483 1609 6854 1476 1608 6855 1477 927 6856 1482 929 6857 1480 1499 6858 1479 1603 6859 1481 1498 6860 1471 1501 6861 1472 1610 6862 1480 1499 6863 1472 1610 6864 1479 1603 6865 1480 1499 6866 1472 1610 6867 1473 1604 6868 1479 1603 6869 1444 932 6870 1478 930 6871 1446 1611 6872 1478 930 6873 1467 1612 6874 1446 1611 6875 1467 1612 6876 1478 930 6877 1477 927 6878 1469 1613 6879 1467 1612 6880 1477 927 6881 1469 1613 6882 1477 927 6883 1476 1608 6884 1475 1606 6885 1469 1613 6886 1476 1608 6887 1474 1605 6888 1469 1613 6889 1475 1606 6890 1474 1605 6891 1468 1614 6892 1469 1613 6893 1473 1604 6894 1468 1614 6895 1474 1605 6896 1466 1615 6897 1468 1614 6898 1473 1604 6899 1473 1604 6900 1472 1610 6901 1466 1615 6902 1472 1610 6903 1465 1616 6904 1466 1615 6905 1472 1610 6906 1471 1501 6907 1465 1616 6908 1471 1501 6909 1464 1617 6910 1465 1616 6911 1464 1617 6912 1471 1501 6913 1470 1503 6914 1464 1617 6915 1470 1503 6916 1463 1618 6917 1470 1503 6918 1461 1504 6919 1463 1618 6920 1461 1504 6921 1462 1619 6922 1463 1618 6923 1468 1614 6924 1467 1612 6925 1469 1613 6926 1467 1612 6927 1468 1614 6928 1466 1615 6929 1446 1611 6930 1467 1612 6931 1466 1615 6932 1466 1615 6933 1465 1616 6934 1446 1611 6935 1465 1616 6936 1445 1620 6937 1446 1611 6938 1465 1616 6939 1464 1617 6940 1445 1620 6941 1464 1617 6942 1448 1621 6943 1445 1620 6944 1448 1621 6945 1464 1617 6946 1463 1618 6947 1450 1622 6948 1448 1621 6949 1463 1618 6950 1463 1618 6951 1462 1619 6952 1450 1622 6953 1462 1619 6954 1452 1623 6955 1450 1622 6956 1462 1619 6957 1454 1624 6958 1452 1623 6959 1462 1619 6960 1461 1504 6961 1454 1624 6962 1461 1504 6963 1458 1511 6964 1454 1624 6965 1458 1511 6966 1461 1504 6967 1460 1505 6968 1455 1625 6969 1459 1512 6970 1456 1513 6971 1455 1625 6972 1458 1511 6973 1459 1512 6974 1458 1511 6975 1455 1625 6976 1454 1624 6977 1414 1626 6978 1457 1084 6979 1413 1083 6980 1457 1084 6981 1414 1626 6982 1443 1627 6983 1443 1627 6984 1456 1513 6985 1457 1084 6986 1441 1628 6987 1456 1513 6988 1443 1627 6989 1441 1628 6990 1455 1625 6991 1456 1513 6992 1455 1625 6993 1441 1628 6994 1440 1629 6995 1455 1625 6996 1440 1629 6997 1454 1624 6998 1454 1624 6999 1440 1629 7000 1439 942 7001 1454 1624 7002 1439 942 7003 1452 1623 7004 1452 1623 7005 1439 942 7006 1453 940 7007 1452 1623 7008 1453 940 7009 1451 938 7010 1450 1622 7011 1452 1623 7012 1451 938 7013 1449 936 7014 1450 1622 7015 1451 938 7016 1449 936 7017 1448 1621 7018 1450 1622 7019 1448 1621 7020 1449 936 7021 1447 934 7022 1445 1620 7023 1448 1621 7024 1447 934 7025 1445 1620 7026 1447 934 7027 1444 932 7028 1446 1611 7029 1445 1620 7030 1444 932 7031 1442 1630 7032 1441 1628 7033 1443 1627 7034 1442 1630 7035 1443 1627 7036 1414 1626 7037 1415 1631 7038 1442 1630 7039 1414 1626 7040 1442 1630 7041 1415 1631 7042 1432 1632 7043 1441 1628 7044 1442 1630 7045 1432 1632 7046 1433 1633 7047 1441 1628 7048 1432 1632 7049 1441 1628 7050 1433 1633 7051 1440 1629 7052 1440 1629 7053 1433 1633 7054 1437 1634 7055 1440 1629 7056 1437 1634 7057 1439 942 7058 1437 1634 7059 1438 944 7060 1439 942 7061 1437 1634 7062 1427 946 7063 1438 944 7064 1433 1633 7065 1427 946 7066 1437 1634 7067 1435 1635 7068 1436 1636 7069 1434 1637 7070 1426 1638 7071 1434 1637 7072 1436 1636 7073 1424 1639 7074 1434 1637 7075 1426 1638 7076 1424 1639 7077 1423 1640 7078 1434 1637 7079 1423 1640 7080 1435 1635 7081 1434 1637 7082 1415 1631 7083 1417 1641 7084 1432 1632 7085 1432 1632 7086 1417 1641 7087 1431 1642 7088 1417 1641 7089 1419 1643 7090 1431 1642 7091 1433 1633 7092 1432 1632 7093 1427 946 7094 1432 1632 7095 1431 1642 7096 1427 946 7097 1431 1642 7098 1425 1644 7099 1427 946 7100 1431 1642 7101 1419 1643 7102 1425 1644 7103 1419 1643 7104 1421 1645 7105 1425 1644 7106 1428 945 7107 1429 1646 7108 1430 943 7109 1428 945 7110 1426 1638 7111 1429 1646 7112 1427 946 7113 1426 1638 7114 1428 945 7115 1427 946 7116 1425 1644 7117 1426 1638 7118 1425 1644 7119 1424 1639 7120 1426 1638 7121 1425 1644 7122 1421 1645 7123 1424 1639 7124 1421 1645 7125 1423 1640 7126 1424 1639 7127 1423 1640 7128 1421 1645 7129 1422 1647 7130 1421 1645 7131 1420 1648 7132 1422 1647 7133 1421 1645 7134 1419 1643 7135 1420 1648 7136 1419 1643 7137 1418 1649 7138 1420 1648 7139 1419 1643 7140 1417 1641 7141 1418 1649 7142 1416 1650 7143 1418 1649 7144 1417 1641 7145 1415 1631 7146 1416 1650 7147 1417 1641 7148 1408 1651 7149 1416 1650 7150 1415 1631 7151 1414 1626 7152 1408 1651 7153 1415 1631 7154 1402 1652 7155 1408 1651 7156 1414 1626 7157 1402 1652 7158 1414 1626 7159 1413 1083 7160 1402 1652 7161 1413 1083 7162 1404 2 7163 1404 2 7164 1413 1083 7165 1412 0 7166 1403 1653 7167 1410 1654 7168 1401 1655 7169 1401 1655 7170 1410 1654 7171 1399 1656 7172 1410 1654 7173 1411 1657 7174 1399 1656 7175 1399 1656 7176 1411 1657 7177 1398 1658 7178 1411 1657 7179 1397 1659 7180 1398 1658 7181 1411 1657 7182 1407 1660 7183 1397 1659 7184 1411 1657 7185 1410 1654 7186 1407 1660 7187 1409 1661 7188 1407 1660 7189 1410 1654 7190 1403 1653 7191 1409 1661 7192 1410 1654 7193 1405 1662 7194 1409 1661 7195 1403 1653 7196 1408 1651 7197 1402 1652 7198 1400 1663 7199 1407 1660 7200 1396 1664 7201 1397 1659 7202 1406 1 7203 1405 1662 7204 1404 2 7205 1404 2 7206 1405 1662 7207 1403 1653 7208 1403 1653 7209 1402 1652 7210 1404 2 7211 1402 1652 7212 1403 1653 7213 1401 1655 7214 1402 1652 7215 1401 1655 7216 1400 1663 7217 1400 1663 7218 1401 1655 7219 1399 1656 7220 1400 1663 7221 1399 1656 7222 1388 1665 7223 1399 1656 7224 1398 1658 7225 1388 1665 7226 1388 1665 7227 1398 1658 7228 1387 1666 7229 1398 1658 7230 1397 1659 7231 1387 1666 7232 1397 1659 7233 1389 1667 7234 1387 1666 7235 1389 1667 7236 1397 1659 7237 1396 1664 7238 1389 1667 7239 1396 1664 7240 1390 1668 7241 1396 1664 7242 1395 1669 7243 1390 1668 7244 1390 1668 7245 1395 1669 7246 1391 1670 7247 1395 1669 7248 1394 1671 7249 1391 1670 7250 1393 1672 7251 1384 1673 7252 1392 1674 7253 1384 1673 7254 1391 1670 7255 1392 1674 7256 1390 1668 7257 1391 1670 7258 1384 1673 7259 1385 1675 7260 1390 1668 7261 1384 1673 7262 1389 1667 7263 1390 1668 7264 1385 1675 7265 1387 1666 7266 1389 1667 7267 1385 1675 7268 1387 1666 7269 1385 1675 7270 1386 1676 7271 1388 1665 7272 1387 1666 7273 1386 1676 7274 1386 1676 7275 1385 1675 7276 1384 1673 7277 1377 1677 7278 1376 1678 7279 1378 1679 7280 1376 1678 7281 1383 1680 7282 1378 1679 7283 1382 1681 7284 1383 1680 7285 1376 1678 7286 1375 1682 7287 1382 1681 7288 1376 1678 7289 1382 1681 7290 1375 1682 7291 1381 1683 7292 1375 1682 7293 1380 1684 7294 1381 1683 7295 1380 1684 7296 1375 1682 7297 1374 1685 7298 1363 1686 7299 1362 1687 7300 1371 1688 7301 1368 1689 7302 1379 1690 7303 1369 1691 7304 1379 1690 7305 1368 1689 7306 1378 1679 7307 1368 1689 7308 1377 1677 7309 1378 1679 7310 1377 1677 7311 1368 1689 7312 1366 1692 7313 1377 1677 7314 1366 1692 7315 1376 1678 7316 1366 1692 7317 1365 1693 7318 1376 1678 7319 1375 1682 7320 1376 1678 7321 1365 1693 7322 1370 1694 7323 1375 1682 7324 1365 1693 7325 1375 1682 7326 1370 1694 7327 1374 1685 7328 1374 1685 7329 1370 1694 7330 1364 1695 7331 1373 1696 7332 1374 1685 7333 1364 1695 7334 1372 1697 7335 1373 1696 7336 1364 1695 7337 1363 1686 7338 1372 1697 7339 1364 1695 7340 1372 1697 7341 1363 1686 7342 1371 1688 7343 1372 1697 7344 1371 1688 7345 1307 1698 7346 1310 1699 7347 1307 1698 7348 1371 1688 7349 1311 1700 7350 1310 1699 7351 1371 1688 7352 1311 1700 7353 1371 1688 7354 1362 1687 7355 1364 1695 7356 1370 1694 7357 1365 1693 7358 1368 1689 7359 1367 1701 7360 1366 1692 7361 1339 1702 7362 1340 1703 7363 1349 1704 7364 1349 1704 7365 1340 1703 7366 1369 1691 7367 1340 1703 7368 1341 1705 7369 1369 1691 7370 1341 1705 7371 1368 1689 7372 1369 1691 7373 1368 1689 7374 1341 1705 7375 1333 1706 7376 1367 1701 7377 1368 1689 7378 1333 1706 7379 1332 1707 7380 1367 1701 7381 1333 1706 7382 1366 1692 7383 1367 1701 7384 1332 1707 7385 1366 1692 7386 1332 1707 7387 1327 1708 7388 1365 1693 7389 1366 1692 7390 1327 1708 7391 1326 1709 7392 1365 1693 7393 1327 1708 7394 1326 1709 7395 1364 1695 7396 1365 1693 7397 1326 1709 7398 1320 1710 7399 1364 1695 7400 1320 1710 7401 1363 1686 7402 1364 1695 7403 1363 1686 7404 1320 1710 7405 1313 1711 7406 1363 1686 7407 1313 1711 7408 1362 1687 7409 1362 1687 7410 1313 1711 7411 1312 1712 7412 1312 1712 7413 1311 1700 7414 1362 1687 7415 1352 1713 7416 1361 1714 7417 1353 1715 7418 1356 1716 7419 1360 1717 7420 1357 1718 7421 1348 1719 7422 1139 1720 7423 1138 1721 7424 1359 1722 7425 1139 1720 7426 1348 1719 7427 1358 1723 7428 1359 1722 7429 1348 1719 7430 1358 1723 7431 1348 1719 7432 1357 1718 7433 1348 1719 7434 1347 1724 7435 1357 1718 7436 1347 1724 7437 1356 1716 7438 1357 1718 7439 1347 1724 7440 1346 1725 7441 1356 1716 7442 1346 1725 7443 1355 1726 7444 1356 1716 7445 1346 1725 7446 1345 1727 7447 1355 1726 7448 1345 1727 7449 1354 1728 7450 1355 1726 7451 1353 1715 7452 1354 1728 7453 1345 1727 7454 1344 1729 7455 1353 1715 7456 1345 1727 7457 1344 1729 7458 1352 1713 7459 1353 1715 7460 1352 1713 7461 1344 1729 7462 1351 1730 7463 1344 1729 7464 1338 1731 7465 1351 1730 7466 1351 1730 7467 1338 1731 7468 1350 1732 7469 1338 1731 7470 1339 1702 7471 1350 1732 7472 1350 1732 7473 1339 1702 7474 1349 1704 7475 1141 1733 7476 1335 1734 7477 1140 1735 7478 1140 1735 7479 1335 1734 7480 1342 1736 7481 1342 1736 7482 1138 1721 7483 1140 1735 7484 1348 1719 7485 1138 1721 7486 1342 1736 7487 1347 1724 7488 1348 1719 7489 1342 1736 7490 1342 1736 7491 1343 1737 7492 1347 1724 7493 1343 1737 7494 1346 1725 7495 1347 1724 7496 1343 1737 7497 1337 1738 7498 1346 1725 7499 1337 1738 7500 1345 1727 7501 1346 1725 7502 1344 1729 7503 1345 1727 7504 1337 1738 7505 1338 1731 7506 1344 1729 7507 1337 1738 7508 1343 1737 7509 1335 1734 7510 1337 1738 7511 1335 1734 7512 1343 1737 7513 1342 1736 7514 1333 1706 7515 1341 1705 7516 1334 1739 7517 1341 1705 7518 1340 1703 7519 1334 1739 7520 1336 1740 7521 1334 1739 7522 1340 1703 7523 1339 1702 7524 1336 1740 7525 1340 1703 7526 1339 1702 7527 1338 1731 7528 1336 1740 7529 1332 1707 7530 1329 1741 7531 1327 1708 7532 1329 1741 7533 1332 1707 7534 1331 1742 7535 1338 1731 7536 1337 1738 7537 1336 1740 7538 1335 1734 7539 1336 1740 7540 1337 1738 7541 1334 1739 7542 1336 1740 7543 1335 1734 7544 1141 1733 7545 1334 1739 7546 1335 1734 7547 1333 1706 7548 1334 1739 7549 1141 1733 7550 1151 1743 7551 1333 1706 7552 1141 1733 7553 1151 1743 7554 1332 1707 7555 1333 1706 7556 1151 1743 7557 1142 1744 7558 1332 1707 7559 1142 1744 7560 1331 1742 7561 1332 1707 7562 1143 1417 7563 1331 1742 7564 1142 1744 7565 1330 1412 7566 1331 1742 7567 1143 1417 7568 1330 1412 7569 1329 1741 7570 1331 1742 7571 1329 1741 7572 1330 1412 7573 1328 1414 7574 1329 1741 7575 1328 1414 7576 1327 1708 7577 1328 1414 7578 1318 1423 7579 1327 1708 7580 1327 1708 7581 1318 1423 7582 1326 1709 7583 1318 1423 7584 1320 1710 7585 1326 1709 7586 1318 1423 7587 1317 1745 7588 1320 1710 7589 1321 1746 7590 1306 1747 7591 1323 1748 7592 1306 1747 7593 1325 1749 7594 1323 1748 7595 1324 1750 7596 1322 1751 7597 1323 1748 7598 1322 1751 7599 1321 1746 7600 1323 1748 7601 1322 1751 7602 1308 1752 7603 1321 1746 7604 1308 1752 7605 1309 1753 7606 1321 1746 7607 1321 1746 7608 1309 1753 7609 1306 1747 7610 1306 1747 7611 1309 1753 7612 1305 1754 7613 1314 1755 7614 1313 1711 7615 1315 1756 7616 1313 1711 7617 1319 1757 7618 1315 1756 7619 1320 1710 7620 1319 1757 7621 1313 1711 7622 1317 1745 7623 1319 1757 7624 1320 1710 7625 1317 1745 7626 1316 1758 7627 1319 1757 7628 1316 1758 7629 1315 1756 7630 1319 1757 7631 1317 1745 7632 1318 1423 7633 1296 1422 7634 1296 1422 7635 1316 1758 7636 1317 1745 7637 1316 1758 7638 1296 1422 7639 1297 1759 7640 1297 1759 7641 1315 1756 7642 1316 1758 7643 1315 1756 7644 1297 1759 7645 1298 1760 7646 1315 1756 7647 1298 1760 7648 1299 1761 7649 1314 1755 7650 1315 1756 7651 1299 1761 7652 1299 1761 7653 1300 1762 7654 1314 1755 7655 1300 1762 7656 1313 1711 7657 1314 1755 7658 1313 1711 7659 1300 1762 7660 1312 1712 7661 1312 1712 7662 1300 1762 7663 1301 1763 7664 1312 1712 7665 1301 1763 7666 1311 1700 7667 1301 1763 7668 1302 1764 7669 1311 1700 7670 1311 1700 7671 1302 1764 7672 1310 1699 7673 1302 1764 7674 1305 1754 7675 1310 1699 7676 1310 1699 7677 1305 1754 7678 1309 1753 7679 1310 1699 7680 1309 1753 7681 1307 1698 7682 1309 1753 7683 1308 1752 7684 1307 1698 7685 1304 1765 7686 1306 1747 7687 1305 1754 7688 1304 1765 7689 1305 1754 7690 1302 1764 7691 1303 1766 7692 1304 1765 7693 1302 1764 7694 1294 1767 7695 1303 1766 7696 1302 1764 7697 1301 1763 7698 1294 1767 7699 1302 1764 7700 1301 1763 7701 1285 1768 7702 1294 1767 7703 1300 1762 7704 1285 1768 7705 1301 1763 7706 1285 1768 7707 1300 1762 7708 1288 1769 7709 1300 1762 7710 1299 1761 7711 1288 1769 7712 1289 1770 7713 1288 1769 7714 1299 1761 7715 1298 1760 7716 1289 1770 7717 1299 1761 7718 1298 1760 7719 1293 1771 7720 1289 1770 7721 1297 1759 7722 1293 1771 7723 1298 1760 7724 1293 1771 7725 1297 1759 7726 1152 1772 7727 1296 1422 7728 1152 1772 7729 1297 1759 7730 1154 1773 7731 1152 1772 7732 1296 1422 7733 1150 1421 7734 1154 1773 7735 1296 1422 7736 1149 1774 7737 1154 1773 7738 1150 1421 7739 1285 1768 7740 1295 1775 7741 1294 1767 7742 1293 1771 7743 1291 1776 7744 1289 1770 7745 1291 1776 7746 1293 1771 7747 1152 1772 7748 1292 1777 7749 1291 1776 7750 1152 1772 7751 1291 1776 7752 1292 1777 7753 1290 1778 7754 1289 1770 7755 1291 1776 7756 1290 1778 7757 1289 1770 7758 1290 1778 7759 1287 1779 7760 1288 1769 7761 1289 1770 7762 1287 1779 7763 1288 1769 7764 1287 1779 7765 1285 1768 7766 1287 1779 7767 1286 1780 7768 1285 1768 7769 1276 1781 7770 1277 1782 7771 1278 1783 7772 1282 1784 7773 1276 1781 7774 1278 1783 7775 1282 1784 7776 1284 1785 7777 1276 1781 7778 1284 1785 7779 1275 1786 7780 1276 1781 7781 1275 1786 7782 1284 1785 7783 1152 1772 7784 1284 1785 7785 1283 1787 7786 1152 1772 7787 1283 1787 7788 1284 1785 7789 1282 1784 7790 1281 1788 7791 1283 1787 7792 1282 1784 7793 1281 1788 7794 1282 1784 7795 1278 1783 7796 1280 1789 7797 1281 1788 7798 1278 1783 7799 1280 1789 7800 1278 1783 7801 1279 1790 7802 1278 1783 7803 1263 1791 7804 1279 1790 7805 1263 1791 7806 1278 1783 7807 1277 1782 7808 1264 1792 7809 1263 1791 7810 1277 1782 7811 1264 1792 7812 1277 1782 7813 1265 1793 7814 1277 1782 7815 1269 1794 7816 1265 1793 7817 1277 1782 7818 1276 1781 7819 1269 1794 7820 1276 1781 7821 1268 1795 7822 1269 1794 7823 1276 1781 7824 1275 1786 7825 1268 1795 7826 1275 1786 7827 1271 1796 7828 1268 1795 7829 1271 1796 7830 1275 1786 7831 1152 1772 7832 1271 1796 7833 1152 1772 7834 1270 1797 7835 1153 1798 7836 1270 1797 7837 1152 1772 7838 1270 1797 7839 1153 1798 7840 1274 1799 7841 1153 1798 7842 1161 1800 7843 1274 1799 7844 1186 1801 7845 1274 1799 7846 1161 1800 7847 1273 1802 7848 1270 1797 7849 1274 1799 7850 1270 1797 7851 1273 1802 7852 1272 1803 7853 1274 1799 7854 1186 1801 7855 1267 1804 7856 1267 1804 7857 1273 1802 7858 1274 1799 7859 1273 1802 7860 1267 1804 7861 1266 1805 7862 1273 1802 7863 1266 1805 7864 1268 1795 7865 1272 1803 7866 1273 1802 7867 1268 1795 7868 1271 1796 7869 1272 1803 7870 1268 1795 7871 1272 1803 7872 1271 1796 7873 1270 1797 7874 1265 1793 7875 1269 1794 7876 1266 1805 7877 1269 1794 7878 1268 1795 7879 1266 1805 7880 1202 1806 7881 1205 1807 7882 1217 1808 7883 1185 1809 7884 1202 1806 7885 1217 1808 7886 1256 1810 7887 1185 1809 7888 1217 1808 7889 1185 1809 7890 1256 1810 7891 1186 1801 7892 1256 1810 7893 1258 1811 7894 1186 1801 7895 1186 1801 7896 1258 1811 7897 1267 1804 7898 1267 1804 7899 1258 1811 7900 1257 1812 7901 1267 1804 7902 1257 1812 7903 1266 1805 7904 1257 1812 7905 1253 1813 7906 1266 1805 7907 1253 1813 7908 1265 1793 7909 1266 1805 7910 1253 1813 7911 1251 1814 7912 1265 1793 7913 1265 1793 7914 1251 1814 7915 1264 1792 7916 1251 1814 7917 1250 926 7918 1264 1792 7919 1264 1792 7920 1250 926 7921 1263 1791 7922 1250 926 7923 1260 911 7924 1263 1791 7925 1263 1791 7926 1260 911 7927 1262 1815 7928 1260 911 7929 1261 1816 7930 1262 1815 7931 1261 1816 7932 1260 911 7933 1259 913 7934 1255 1817 7935 1258 1811 7936 1256 1810 7937 1258 1811 7938 1255 1817 7939 1257 1812 7940 1257 1812 7941 1255 1817 7942 1253 1813 7943 1255 1817 7944 1254 1818 7945 1253 1813 7946 1252 1819 7947 1246 1820 7948 1249 1821 7949 1235 1822 7950 1216 1823 7951 1218 1824 7952 1235 1822 7953 1217 1808 7954 1216 1823 7955 1235 1822 7956 1234 1825 7957 1217 1808 7958 1234 1825 7959 1256 1810 7960 1217 1808 7961 1256 1810 7962 1234 1825 7963 1239 1826 7964 1239 1826 7965 1255 1817 7966 1256 1810 7967 1255 1817 7968 1239 1826 7969 1240 1827 7970 1254 1818 7971 1255 1817 7972 1240 1827 7973 1243 1828 7974 1254 1818 7975 1240 1827 7976 1253 1813 7977 1254 1818 7978 1243 1828 7979 1252 1819 7980 1253 1813 7981 1243 1828 7982 1253 1813 7983 1252 1819 7984 1251 1814 7985 1252 1819 7986 1249 1821 7987 1251 1814 7988 1250 926 7989 1251 1814 7990 1249 1821 7991 1248 925 7992 1250 926 7993 1249 1821 7994 1248 925 7995 1249 1821 7996 1246 1820 7997 1247 924 7998 1248 925 7999 1246 1820 8000 1247 924 8001 1246 1820 8002 1245 923 8003 1241 1829 8004 1244 1830 8005 1240 1827 8006 1244 1830 8007 1243 1828 8008 1240 1827 8009 1237 1831 8010 1242 1832 8011 1241 1829 8012 1236 1833 8013 1237 1831 8014 1241 1829 8015 1236 1833 8016 1241 1829 8017 1240 1827 8018 1236 1833 8019 1240 1827 8020 1238 1834 8021 1240 1827 8022 1239 1826 8023 1238 1834 8024 1234 1825 8025 1238 1834 8026 1239 1826 8027 1238 1834 8028 1234 1825 8029 1232 1835 8030 1236 1833 8031 1238 1834 8032 1232 1835 8033 1237 1831 8034 1236 1833 8035 1232 1835 8036 1235 1822 8037 1218 1824 8038 1234 1825 8039 1218 1824 8040 1233 1836 8041 1234 1825 8042 1234 1825 8043 1233 1836 8044 1232 1835 8045 1231 1837 8046 1228 1838 8047 1227 1839 8048 1221 1840 8049 1222 1841 8050 1230 1842 8051 1222 1841 8052 1229 1843 8053 1230 1842 8054 1228 1838 8055 1229 1843 8056 1222 1841 8057 1224 1844 8058 1228 1838 8059 1222 1841 8060 1228 1838 8061 1224 1844 8062 1227 1839 8063 1227 1839 8064 1224 1844 8065 1226 1845 8066 1224 1844 8067 1223 1846 8068 1226 1845 8069 1225 1847 8070 1226 1845 8071 1223 1846 8072 1172 1848 8073 1225 1847 8074 1223 1846 8075 1173 1849 8076 1225 1847 8077 1172 1848 8078 1224 1844 8079 1222 1841 8080 1223 1846 8081 1223 1846 8082 1214 1850 8083 1172 1848 8084 1222 1841 8085 1214 1850 8086 1223 1846 8087 1214 1850 8088 1222 1841 8089 1213 1851 8090 1213 1851 8091 1222 1841 8092 1215 1852 8093 1222 1841 8094 1221 1840 8095 1215 1852 8096 1207 1853 8097 1220 1854 8098 1206 1855 8099 1206 1855 8100 1220 1854 8101 1216 1823 8102 1220 1854 8103 1219 1856 8104 1216 1823 8105 1216 1823 8106 1219 1856 8107 1218 1824 8108 1217 1808 8109 1205 1807 8110 1216 1823 8111 1216 1823 8112 1205 1807 8113 1206 1855 8114 1213 1851 8115 1215 1852 8116 1212 1857 8117 1174 1858 8118 1172 1848 8119 1189 1859 8120 1214 1850 8121 1189 1859 8122 1172 1848 8123 1189 1859 8124 1214 1850 8125 1191 1860 8126 1191 1860 8127 1214 1850 8128 1213 1851 8129 1191 1860 8130 1213 1851 8131 1197 1861 8132 1197 1861 8133 1213 1851 8134 1212 1857 8135 1199 1862 8136 1197 1861 8137 1212 1857 8138 1211 1863 8139 1199 1862 8140 1212 1857 8141 1199 1862 8142 1211 1863 8143 1210 1864 8144 1209 1865 8145 1199 1862 8146 1210 1864 8147 1199 1862 8148 1209 1865 8149 1198 1866 8150 1209 1865 8151 1208 1867 8152 1198 1866 8153 1198 1866 8154 1208 1867 8155 1200 1868 8156 1208 1867 8157 1207 1853 8158 1200 1868 8159 1200 1868 8160 1207 1853 8161 1206 1855 8162 1200 1868 8163 1206 1855 8164 1201 1869 8165 1205 1807 8166 1201 1869 8167 1206 1855 8168 1205 1807 8169 1202 1806 8170 1201 1869 8171 1202 1806 8172 1185 1809 8173 1184 1870 8174 1203 1871 8175 1202 1806 8176 1184 1870 8177 1204 1872 8178 1203 1871 8179 1184 1870 8180 1183 1873 8181 1204 1872 8182 1184 1870 8183 1182 1874 8184 1204 1872 8185 1183 1873 8186 1204 1872 8187 1182 1874 8188 1192 1875 8189 1204 1872 8190 1192 1875 8191 1203 1871 8192 1192 1875 8193 1193 1876 8194 1203 1871 8195 1202 1806 8196 1203 1871 8197 1193 1876 8198 1194 1877 8199 1202 1806 8200 1193 1876 8201 1202 1806 8202 1194 1877 8203 1201 1869 8204 1201 1869 8205 1194 1877 8206 1195 1878 8207 1195 1878 8208 1200 1868 8209 1201 1869 8210 1200 1868 8211 1195 1878 8212 1196 1879 8213 1198 1866 8214 1200 1868 8215 1196 1879 8216 1199 1862 8217 1198 1866 8218 1197 1861 8219 1198 1866 8220 1196 1879 8221 1197 1861 8222 1196 1879 8223 1191 1860 8224 1197 1861 8225 1191 1860 8226 1196 1879 8227 1195 1878 8228 1190 1880 8229 1191 1860 8230 1195 1878 8231 1194 1877 8232 1190 1880 8233 1195 1878 8234 1194 1877 8235 1188 1881 8236 1190 1880 8237 1188 1881 8238 1194 1877 8239 1193 1876 8240 1193 1876 8241 1176 1882 8242 1188 1881 8243 1176 1882 8244 1193 1876 8245 1192 1875 8246 1178 1883 8247 1176 1882 8248 1192 1875 8249 1178 1883 8250 1192 1875 8251 1182 1874 8252 1180 1884 8253 1178 1883 8254 1182 1874 8255 1190 1880 8256 1189 1859 8257 1191 1860 8258 1188 1881 8259 1189 1859 8260 1190 1880 8261 1188 1881 8262 1174 1858 8263 1189 1859 8264 1176 1882 8265 1174 1858 8266 1188 1881 8267 1181 1885 8268 1187 1886 8269 1179 1887 8270 1171 1888 8271 1186 1801 8272 1161 1800 8273 1186 1801 8274 1171 1888 8275 1185 1809 8276 1171 1888 8277 1184 1870 8278 1185 1809 8279 1171 1888 8280 1170 1889 8281 1184 1870 8282 1170 1889 8283 1183 1873 8284 1184 1870 8285 1183 1873 8286 1170 1889 8287 1168 1890 8288 1168 1890 8289 1182 1874 8290 1183 1873 8291 1169 1891 8292 1182 1874 8293 1168 1890 8294 1182 1874 8295 1169 1891 8296 1180 1884 8297 1169 1891 8298 1181 1885 8299 1180 1884 8300 1180 1884 8301 1181 1885 8302 1179 1887 8303 1180 1884 8304 1179 1887 8305 1178 1883 8306 1179 1887 8307 1177 1892 8308 1178 1883 8309 1178 1883 8310 1177 1892 8311 1176 1882 8312 1177 1892 8313 1175 1893 8314 1176 1882 8315 1174 1858 8316 1176 1882 8317 1175 1893 8318 1173 1849 8319 1174 1858 8320 1175 1893 8321 1174 1858 8322 1173 1849 8323 1172 1848 8324 1170 1889 8325 1165 1894 8326 1168 1890 8327 1170 1889 8328 1171 1888 8329 1161 1800 8330 1162 1895 8331 1170 1889 8332 1161 1800 8333 1170 1889 8334 1162 1895 8335 1165 1894 8336 1162 1895 8337 1163 1896 8338 1165 1894 8339 1167 1897 8340 1169 1891 8341 1168 1890 8342 1167 1897 8343 1168 1890 8344 1165 1894 8345 1166 1898 8346 1167 1897 8347 1165 1894 8348 1164 1899 8349 1166 1898 8350 1165 1894 8351 1163 1896 8352 1164 1899 8353 1165 1894 8354 1160 1900 8355 1164 1899 8356 1163 1896 8357 1159 1901 8358 1160 1900 8359 1163 1896 8360 1163 1896 8361 1162 1895 8362 1159 1901 8363 1162 1895 8364 1155 1902 8365 1159 1901 8366 1162 1895 8367 1161 1800 8368 1155 1902 8369 1161 1800 8370 1153 1798 8371 1155 1902 8372 1157 1903 8373 1160 1900 8374 1156 1904 8375 1160 1900 8376 1159 1901 8377 1156 1904 8378 1159 1901 8379 1155 1902 8380 1156 1904 8381 1158 1905 8382 1147 1906 8383 1146 1907 8384 1158 1905 8385 1157 1903 8386 1147 1906 8387 1157 1903 8388 1156 1904 8389 1147 1906 8390 1147 1906 8391 1156 1904 8392 1149 1774 8393 1155 1902 8394 1149 1774 8395 1156 1904 8396 1149 1774 8397 1155 1902 8398 1154 1773 8399 1155 1902 8400 1153 1798 8401 1154 1773 8402 1154 1773 8403 1153 1798 8404 1152 1772 8405 1151 1743 8406 1141 1733 8407 1142 1744 8408 1148 1420 8409 1149 1774 8410 1150 1421 8411 1148 1420 8412 1147 1906 8413 1149 1774 8414 1145 1419 8415 1147 1906 8416 1148 1420 8417 1147 1906 8418 1145 1419 8419 1146 1907 8420 1146 1907 8421 1145 1419 8422 1134 1908 8423 1145 1419 8424 1144 1418 8425 1134 1908 8426 1134 1908 8427 1144 1418 8428 1122 1909 8429 1143 1417 8430 1122 1909 8431 1144 1418 8432 1122 1909 8433 1143 1417 8434 1117 1910 8435 1117 1910 8436 1143 1417 8437 1142 1744 8438 1117 1910 8439 1142 1744 8440 1116 1911 8441 1141 1733 8442 1116 1911 8443 1142 1744 8444 1124 1912 8445 1116 1911 8446 1141 1733 8447 1124 1912 8448 1141 1733 8449 1140 1735 8450 1124 1912 8451 1140 1735 8452 1123 1913 8453 1138 1721 8454 1123 1913 8455 1140 1735 8456 1123 1913 8457 1138 1721 8458 1135 1914 8459 1139 1720 8460 1135 1914 8461 1138 1721 8462 1137 1915 8463 1127 1916 8464 1126 1917 8465 1125 1918 8466 1137 1915 8467 1126 1917 8468 1137 1915 8469 1125 1918 8470 1136 1919 8471 1125 1918 8472 1123 1913 8473 1136 1919 8474 1136 1919 8475 1123 1913 8476 1135 1914 8477 1133 1920 8478 1134 1908 8479 1122 1909 8480 1133 1920 8481 1122 1909 8482 1121 1921 8483 1132 1922 8484 1133 1920 8485 1121 1921 8486 1132 1922 8487 1121 1921 8488 1131 1923 8489 1121 1921 8490 1120 1924 8491 1131 1923 8492 1131 1923 8493 1120 1924 8494 1130 1925 8495 1120 1924 8496 1129 1926 8497 1130 1925 8498 1129 1926 8499 1120 1924 8500 1128 1927 8501 1120 1924 8502 1119 1928 8503 1128 1927 8504 1128 1927 8505 1119 1928 8506 1127 1916 8507 1119 1928 8508 1126 1917 8509 1127 1916 8510 1126 1917 8511 1119 1928 8512 1116 1911 8513 1126 1917 8514 1116 1911 8515 1125 1918 8516 1116 1911 8517 1124 1912 8518 1125 1918 8519 1125 1918 8520 1124 1912 8521 1123 1913 8522 1121 1921 8523 1122 1909 8524 1117 1910 8525 1117 1910 8526 1118 1929 8527 1121 1921 8528 1120 1924 8529 1121 1921 8530 1118 1929 8531 1119 1928 8532 1120 1924 8533 1118 1929 8534 1119 1928 8535 1118 1929 8536 1116 1911 8537 1118 1929 8538 1117 1910 8539 1116 1911 8540 1086 1930 8541 1087 1931 8542 1114 1932 8543 1115 1933 8544 1086 1930 8545 1114 1932 8546 1115 1933 8547 1114 1932 8548 1113 1934 8549 1114 1932 8550 1112 1935 8551 1113 1934 8552 1110 1936 8553 1113 1934 8554 1112 1935 8555 1111 1937 8556 1110 1936 8557 1112 1935 8558 1110 1936 8559 1111 1937 8560 1108 1938 8561 1109 1939 8562 1110 1936 8563 1108 1938 8564 1107 1940 8565 1109 1939 8566 1108 1938 8567 1106 1941 8568 1107 1940 8569 1108 1938 8570 1105 1942 8571 1107 1940 8572 1106 1941 8573 1104 1943 8574 1105 1942 8575 1106 1941 8576 1105 1942 8577 1104 1943 8578 1103 1944 8579 1104 1943 8580 1102 1945 8581 1103 1944 8582 1103 1944 8583 1102 1945 8584 1098 1946 8585 1102 1945 8586 1101 1947 8587 1098 1946 8588 1101 1947 8589 1100 1948 8590 1098 1946 8591 1100 1948 8592 1099 1949 8593 1098 1946 8594 1095 1950 8595 1097 1951 8596 1096 1952 8597 1094 1953 8598 1095 1950 8599 1096 1952 8600 1093 1954 8601 1095 1950 8602 1094 1953 8603 1092 1955 8604 1093 1954 8605 1094 1953 8606 1091 1956 8607 1093 1954 8608 1092 1955 8609 1090 1957 8610 1091 1956 8611 1092 1955 8612 1091 1956 8613 1090 1957 8614 1089 1958 8615 1090 1957 8616 1088 1959 8617 1089 1958 8618 1089 1958 8619 1088 1959 8620 1086 1930 8621 1088 1959 8622 1087 1931 8623 1086 1930 8624 775 1960 8625 772 1961 8626 773 1962 8627 1076 1963 8628 775 1960 8629 773 1962 8630 1085 1964 8631 1076 1963 8632 773 1962 8633 1076 1963 8634 1085 1964 8635 1084 1965 8636 1083 1966 8637 1076 1963 8638 1084 1965 8639 1076 1963 8640 1083 1966 8641 1075 1967 8642 1083 1966 8643 1082 1968 8644 1075 1967 8645 1075 1967 8646 1082 1968 8647 1081 1969 8648 1074 1970 8649 1075 1967 8650 1081 1969 8651 1074 1970 8652 1081 1969 8653 1080 1971 8654 1073 1972 8655 1074 1970 8656 1080 1971 8657 1073 1972 8658 1080 1971 8659 1079 1973 8660 1072 1974 8661 1073 1972 8662 1079 1973 8663 1072 1974 8664 1079 1973 8665 1078 1975 8666 915 1976 8667 1072 1974 8668 1078 1975 8669 915 1976 8670 1078 1975 8671 1077 1977 8672 914 1978 8673 915 1976 8674 1077 1977 8675 914 1978 8676 1077 1977 8677 927 1979 8678 1076 1963 8679 1075 1967 8680 775 1960 8681 779 1980 8682 850 1981 8683 781 1982 8684 1061 1983 8685 850 1981 8686 779 1980 8687 777 1984 8688 1061 1983 8689 779 1980 8690 1061 1983 8691 777 1984 8692 1062 1985 8693 777 1984 8694 776 1986 8695 1062 1985 8696 1070 1987 8697 1062 1985 8698 776 1986 8699 774 1988 8700 1070 1987 8701 776 1986 8702 1070 1987 8703 774 1988 8704 775 1960 8705 1069 1989 8706 1070 1987 8707 775 1960 8708 1075 1967 8709 1069 1989 8710 775 1960 8711 1069 1989 8712 1075 1967 8713 1068 1990 8714 1075 1967 8715 1074 1970 8716 1068 1990 8717 1068 1990 8718 1074 1970 8719 1066 1991 8720 1074 1970 8721 1073 1972 8722 1066 1991 8723 1071 1992 8724 1066 1991 8725 1073 1972 8726 1072 1974 8727 1071 1992 8728 1073 1972 8729 1072 1974 8730 899 1993 8731 1071 1992 8732 899 1993 8733 1072 1974 8734 915 1976 8735 900 1994 8736 1071 1992 8737 899 1993 8738 900 1994 8739 1063 1995 8740 1071 1992 8741 1063 1995 8742 1066 1991 8743 1071 1992 8744 1063 1995 8745 1064 1996 8746 1066 1991 8747 1058 1997 8748 863 1998 8749 851 1999 8750 872 2000 8751 863 1998 8752 1058 1997 8753 1059 2001 8754 872 2000 8755 1058 1997 8756 874 2002 8757 872 2000 8758 1059 2001 8759 1060 2003 8760 874 2002 8761 1059 2001 8762 1060 2003 8763 1065 2004 8764 874 2002 8765 1062 1985 8766 1065 2004 8767 1060 2003 8768 1067 2005 8769 1065 2004 8770 1062 1985 8771 1070 1987 8772 1067 2005 8773 1062 1985 8774 1070 1987 8775 1069 1989 8776 1067 2005 8777 1069 1989 8778 1068 1990 8779 1067 2005 8780 1068 1990 8781 1066 1991 8782 1067 2005 8783 1065 2004 8784 1067 2005 8785 1066 1991 8786 1064 1996 8787 1065 2004 8788 1066 1991 8789 1065 2004 8790 1064 1996 8791 874 2002 8792 1064 1996 8793 1063 1995 8794 874 2002 8795 1063 1995 8796 873 2006 8797 874 2002 8798 873 2006 8799 1063 1995 8800 900 1994 8801 1058 1997 8802 851 1999 8803 849 2007 8804 1061 1983 8805 1062 1985 8806 1060 2003 8807 1061 1983 8808 1060 2003 8809 850 1981 8810 1060 2003 8811 1059 2001 8812 850 1981 8813 850 1981 8814 1059 2001 8815 849 2007 8816 1059 2001 8817 1058 1997 8818 849 2007 8819 1057 2008 8820 1050 2009 8821 1049 2010 8822 1057 2008 8823 1056 2011 8824 1050 2009 8825 1056 2011 8826 1051 2012 8827 1050 2009 8828 1051 2012 8829 1056 2011 8830 1055 2013 8831 1052 2014 8832 1051 2012 8833 1055 2013 8834 1052 2014 8835 1055 2013 8836 1053 2015 8837 1055 2013 8838 1054 2016 8839 1053 2015 8840 945 2017 8841 1053 2015 8842 1054 2016 8843 916 2018 8844 945 2017 8845 1054 2016 8846 917 2019 8847 945 2017 8848 916 2018 8849 944 2020 8850 943 2021 8851 946 2022 8852 944 2020 8853 946 2022 8854 1046 2023 8855 944 2020 8856 1046 2023 8857 945 2017 8858 945 2017 8859 1046 2023 8860 1045 2024 8861 1053 2015 8862 945 2017 8863 1045 2024 8864 1045 2024 8865 1028 2025 8866 1053 2015 8867 1028 2025 8868 1052 2014 8869 1053 2015 8870 1028 2025 8871 1029 2026 8872 1052 2014 8873 1029 2026 8874 1051 2012 8875 1052 2014 8876 1051 2012 8877 1029 2026 8878 1034 2027 8879 1050 2009 8880 1051 2012 8881 1034 2027 8882 1050 2009 8883 1034 2027 8884 1036 2028 8885 1050 2009 8886 1036 2028 8887 1049 2010 8888 1048 1290 8889 1049 2010 8890 1036 2028 8891 1037 2029 8892 1048 1290 8893 1036 2028 8894 1048 1290 8895 1037 2029 8896 1047 1288 8897 1047 1288 8898 1037 2029 8899 1025 2030 8900 1025 2030 8901 1026 1286 8902 1047 1288 8903 1044 2031 8904 976 2032 8905 972 2033 8906 946 2022 8907 963 2034 8908 1046 2023 8909 963 2034 8910 982 2035 8911 1046 2023 8912 982 2035 8913 1045 2024 8914 1046 2023 8915 1028 2025 8916 1045 2024 8917 982 2035 8918 980 2036 8919 1028 2025 8920 982 2035 8921 980 2036 8922 1030 2037 8923 1028 2025 8924 978 2038 8925 1030 2037 8926 980 2036 8927 1030 2037 8928 978 2038 8929 1032 2039 8930 1032 2039 8931 978 2038 8932 976 2032 8933 1032 2039 8934 976 2032 8935 1043 2040 8936 976 2032 8937 1044 2031 8938 1043 2040 8939 1044 2031 8940 1041 2041 8941 1043 2040 8942 1041 2041 8943 1044 2031 8944 972 2033 8945 1042 2042 8946 1041 2041 8947 972 2033 8948 973 2043 8949 1042 2042 8950 972 2033 8951 1042 2042 8952 973 2043 8953 1015 2044 8954 1017 2045 8955 1042 2042 8956 1015 2044 8957 1042 2042 8958 1017 2045 8959 1019 2046 8960 1041 2041 8961 1040 2047 8962 1043 2040 8963 1043 2040 8964 1040 2047 8965 1033 2048 8966 1032 2039 8967 1043 2040 8968 1033 2048 8969 1040 2047 8970 1039 2049 8971 1033 2048 8972 1039 2049 8973 1038 2050 8974 1033 2048 8975 1038 2050 8976 1035 2051 8977 1033 2048 8978 1034 2027 8979 1029 2026 8980 1031 2052 8981 1041 2041 8982 1042 2042 8983 1019 2046 8984 1040 2047 8985 1041 2041 8986 1019 2046 8987 1021 2053 8988 1040 2047 8989 1019 2046 8990 1040 2047 8991 1021 2053 8992 1039 2049 8993 1021 2053 8994 1023 2054 8995 1039 2049 8996 1038 2050 8997 1039 2049 8998 1023 2054 8999 1025 2030 9000 1038 2050 9001 1023 2054 9002 1037 2029 9003 1038 2050 9004 1025 2030 9005 1038 2050 9006 1037 2029 9007 1035 2051 9008 1037 2029 9009 1036 2028 9010 1035 2051 9011 1034 2027 9012 1035 2051 9013 1036 2028 9014 1035 2051 9015 1034 2027 9016 1033 2048 9017 1034 2027 9018 1031 2052 9019 1033 2048 9020 1031 2052 9021 1032 2039 9022 1033 2048 9023 1031 2052 9024 1030 2037 9025 1032 2039 9026 1029 2026 9027 1030 2037 9028 1031 2052 9029 1030 2037 9030 1029 2026 9031 1028 2025 9032 1014 2055 9033 1027 2056 9034 1016 2057 9035 1024 2058 9036 1026 1286 9037 1025 2030 9038 1023 2054 9039 1024 2058 9040 1025 2030 9041 1022 2059 9042 1024 2058 9043 1023 2054 9044 1021 2053 9045 1022 2059 9046 1023 2054 9047 1020 2060 9048 1022 2059 9049 1021 2053 9050 1019 2046 9051 1020 2060 9052 1021 2053 9053 1018 2061 9054 1020 2060 9055 1019 2046 9056 1017 2045 9057 1018 2061 9058 1019 2046 9059 1016 2057 9060 1018 2061 9061 1017 2045 9062 1015 2044 9063 1016 2057 9064 1017 2045 9065 1015 2044 9066 1014 2055 9067 1016 2057 9068 1014 2055 9069 1015 2044 9070 973 2043 9071 1013 2062 9072 1014 2055 9073 973 2043 9074 1013 2062 9075 973 2043 9076 974 2063 9077 1012 2064 9078 1013 2062 9079 974 2063 9080 974 2063 9081 993 2065 9082 1012 2064 9083 993 2065 9084 1011 2066 9085 1012 2064 9086 993 2065 9087 997 2067 9088 1011 2066 9089 997 2067 9090 1010 2068 9091 1011 2066 9092 1010 2068 9093 997 2067 9094 998 2069 9095 1009 2070 9096 1010 2068 9097 998 2069 9098 998 2069 9099 994 2071 9100 1009 2070 9101 994 2071 9102 1008 2072 9103 1009 2070 9104 1008 2072 9105 994 2071 9106 995 2073 9107 1007 2074 9108 1008 2072 9109 995 2073 9110 1006 2075 9111 1007 2074 9112 995 2073 9113 988 2076 9114 1006 2075 9115 995 2073 9116 1006 2075 9117 988 2076 9118 1005 2077 9119 988 2076 9120 987 2078 9121 1005 2077 9122 1004 2079 9123 1005 2077 9124 987 2078 9125 986 2080 9126 1004 2079 9127 987 2078 9128 1003 2081 9129 1004 2079 9130 986 2080 9131 967 2082 9132 1003 2081 9133 986 2080 9134 967 2082 9135 1002 2083 9136 1003 2081 9137 1002 2083 9138 967 2082 9139 1000 2084 9140 967 2082 9141 1001 2085 9142 1000 2084 9143 992 2086 9144 997 2067 9145 993 2065 9146 997 2067 9147 992 2086 9148 996 2087 9149 996 2087 9150 992 2086 9151 991 2088 9152 996 2087 9153 991 2088 9154 990 2089 9155 999 2090 9156 996 2087 9157 990 2089 9158 989 2091 9159 999 2090 9160 990 2089 9161 994 2071 9162 999 2090 9163 989 2091 9164 996 2087 9165 999 2090 9166 994 2071 9167 998 2069 9168 996 2087 9169 994 2071 9170 998 2069 9171 997 2067 9172 996 2087 9173 988 2076 9174 995 2073 9175 989 2091 9176 995 2073 9177 994 2071 9178 989 2091 9179 975 2092 9180 993 2065 9181 974 2063 9182 975 2092 9183 992 2086 9184 993 2065 9185 977 2093 9186 992 2086 9187 975 2092 9188 992 2086 9189 977 2093 9190 991 2088 9191 991 2088 9192 977 2093 9193 979 2094 9194 979 2094 9195 981 2095 9196 991 2088 9197 981 2095 9198 990 2089 9199 991 2088 9200 983 2096 9201 990 2089 9202 981 2095 9203 983 2096 9204 989 2091 9205 990 2089 9206 984 2097 9207 989 2091 9208 983 2096 9209 984 2097 9210 988 2076 9211 989 2091 9212 984 2097 9213 985 2098 9214 988 2076 9215 985 2098 9216 987 2078 9217 988 2076 9218 986 2080 9219 987 2078 9220 985 2098 9221 967 2082 9222 986 2080 9223 966 2099 9224 966 2099 9225 986 2080 9226 985 2098 9227 966 2099 9228 985 2098 9229 965 2100 9230 965 2100 9231 985 2098 9232 984 2097 9233 964 2101 9234 965 2100 9235 984 2097 9236 964 2101 9237 984 2097 9238 983 2096 9239 964 2101 9240 983 2096 9241 962 2102 9242 962 2102 9243 983 2096 9244 981 2095 9245 963 2034 9246 962 2102 9247 981 2095 9248 982 2035 9249 963 2034 9250 981 2095 9251 982 2035 9252 981 2095 9253 980 2036 9254 981 2095 9255 979 2094 9256 980 2036 9257 979 2094 9258 978 2038 9259 980 2036 9260 977 2093 9261 978 2038 9262 979 2094 9263 978 2038 9264 977 2093 9265 976 2032 9266 976 2032 9267 977 2093 9268 975 2092 9269 976 2032 9270 975 2092 9271 972 2033 9272 972 2033 9273 975 2092 9274 974 2063 9275 974 2063 9276 973 2043 9277 972 2033 9278 968 2103 9279 971 2104 9280 967 2082 9281 953 2105 9282 970 2106 9283 952 2107 9284 952 2107 9285 970 2106 9286 969 2108 9287 961 2109 9288 952 2107 9289 969 2108 9290 961 2109 9291 969 2108 9292 968 2103 9293 960 2110 9294 961 2109 9295 968 2103 9296 960 2110 9297 968 2103 9298 967 2082 9299 960 2110 9300 967 2082 9301 959 2111 9302 959 2111 9303 967 2082 9304 966 2099 9305 959 2111 9306 966 2099 9307 958 2112 9308 958 2112 9309 966 2099 9310 965 2100 9311 958 2112 9312 965 2100 9313 957 2113 9314 957 2113 9315 965 2100 9316 964 2101 9317 956 2114 9318 957 2113 9319 964 2101 9320 956 2114 9321 964 2101 9322 962 2102 9323 946 2022 9324 956 2114 9325 962 2102 9326 963 2034 9327 946 2022 9328 962 2102 9329 961 2109 9330 951 2115 9331 952 2107 9332 955 2116 9333 951 2115 9334 961 2109 9335 960 2110 9336 955 2116 9337 961 2109 9338 955 2116 9339 960 2110 9340 959 2111 9341 959 2111 9342 949 2117 9343 955 2116 9344 949 2117 9345 959 2111 9346 958 2112 9347 949 2117 9348 958 2112 9349 948 2118 9350 948 2118 9351 958 2112 9352 957 2113 9353 948 2118 9354 957 2113 9355 947 2119 9356 947 2119 9357 957 2113 9358 946 2022 9359 957 2113 9360 956 2114 9361 946 2022 9362 949 2117 9363 950 2120 9364 955 2116 9365 951 2115 9366 955 2116 9367 950 2120 9368 936 2121 9369 954 2122 9370 953 2105 9371 935 2123 9372 936 2121 9373 953 2105 9374 935 2123 9375 953 2105 9376 952 2107 9377 935 2123 9378 952 2107 9379 938 2124 9380 938 2124 9381 952 2107 9382 951 2115 9383 939 2125 9384 938 2124 9385 951 2115 9386 939 2125 9387 951 2115 9388 950 2120 9389 939 2125 9390 950 2120 9391 940 2126 9392 950 2120 9393 949 2117 9394 940 2126 9395 949 2117 9396 941 2127 9397 940 2126 9398 941 2127 9399 949 2117 9400 948 2118 9401 941 2127 9402 948 2118 9403 942 2128 9404 942 2128 9405 948 2118 9406 947 2119 9407 942 2128 9408 947 2119 9409 943 2021 9410 943 2021 9411 947 2119 9412 946 2022 9413 937 2129 9414 935 2123 9415 938 2124 9416 917 2019 9417 944 2020 9418 945 2017 9419 917 2019 9420 919 2130 9421 944 2020 9422 919 2130 9423 943 2021 9424 944 2020 9425 920 2131 9426 943 2021 9427 919 2130 9428 920 2131 9429 942 2128 9430 943 2021 9431 921 2132 9432 942 2128 9433 920 2131 9434 921 2132 9435 941 2127 9436 942 2128 9437 941 2127 9438 921 2132 9439 922 2133 9440 940 2126 9441 941 2127 9442 922 2133 9443 940 2126 9444 922 2133 9445 933 2134 9446 933 2134 9447 939 2125 9448 940 2126 9449 939 2125 9450 933 2134 9451 934 2135 9452 938 2124 9453 939 2125 9454 934 2135 9455 938 2124 9456 934 2135 9457 931 2136 9458 937 2129 9459 938 2124 9460 931 2136 9461 937 2129 9462 931 2136 9463 929 2137 9464 935 2123 9465 937 2129 9466 929 2137 9467 936 2121 9468 935 2123 9469 929 2137 9470 931 2136 9471 934 2135 9472 932 2138 9473 934 2135 9474 923 2139 9475 932 2138 9476 934 2135 9477 933 2134 9478 923 2139 9479 922 2133 9480 923 2139 9481 933 2134 9482 924 2140 9483 925 2141 9484 923 2139 9485 925 2141 9486 932 2138 9487 923 2139 9488 932 2138 9489 925 2141 9490 928 2142 9491 932 2138 9492 928 2142 9493 930 2143 9494 931 2136 9495 932 2138 9496 930 2143 9497 931 2136 9498 930 2143 9499 929 2137 9500 925 2141 9501 926 2144 9502 928 2142 9503 913 2145 9504 914 1978 9505 927 1979 9506 913 2145 9507 927 1979 9508 926 2144 9509 925 2141 9510 913 2145 9511 926 2144 9512 912 2146 9513 913 2145 9514 925 2141 9515 912 2146 9516 925 2141 9517 924 2140 9518 911 2147 9519 912 2146 9520 924 2140 9521 911 2147 9522 924 2140 9523 923 2139 9524 910 2148 9525 911 2147 9526 923 2139 9527 910 2148 9528 923 2139 9529 922 2133 9530 910 2148 9531 922 2133 9532 909 2149 9533 922 2133 9534 921 2132 9535 909 2149 9536 909 2149 9537 921 2132 9538 920 2131 9539 909 2149 9540 920 2131 9541 904 2150 9542 904 2150 9543 920 2131 9544 919 2130 9545 904 2150 9546 919 2130 9547 903 2151 9548 919 2130 9549 917 2019 9550 903 2151 9551 917 2019 9552 918 2152 9553 903 2151 9554 918 2152 9555 917 2019 9556 916 2018 9557 906 2153 9558 909 2149 9559 904 2150 9560 899 1993 9561 915 1976 9562 886 2154 9563 886 2154 9564 915 1976 9565 914 1978 9566 888 2155 9567 886 2154 9568 914 1978 9569 888 2155 9570 914 1978 9571 913 2145 9572 890 2156 9573 888 2155 9574 913 2145 9575 913 2145 9576 912 2146 9577 890 2156 9578 912 2146 9579 891 2157 9580 890 2156 9581 891 2157 9582 912 2146 9583 911 2147 9584 901 2158 9585 891 2157 9586 911 2147 9587 901 2158 9588 911 2147 9589 910 2148 9590 909 2149 9591 901 2158 9592 910 2148 9593 893 2159 9594 901 2158 9595 909 2149 9596 906 2153 9597 893 2159 9598 909 2149 9599 908 2160 9600 893 2159 9601 906 2153 9602 907 2161 9603 908 2160 9604 906 2153 9605 907 2161 9606 906 2153 9607 905 2162 9608 906 2153 9609 904 2150 9610 905 2162 9611 905 2162 9612 904 2150 9613 903 2151 9614 902 2163 9615 895 2164 9616 893 2159 9617 891 2157 9618 901 2158 9619 893 2159 9620 887 2165 9621 889 2166 9622 892 2167 9623 899 1993 9624 886 2154 9625 898 2168 9626 887 2165 9627 898 2168 9628 886 2154 9629 887 2165 9630 897 2169 9631 898 2168 9632 897 2169 9633 887 2165 9634 892 2167 9635 897 2169 9636 892 2167 9637 894 2170 9638 875 2171 9639 873 2006 9640 900 1994 9641 875 2171 9642 900 1994 9643 899 1993 9644 884 2172 9645 875 2171 9646 899 1993 9647 884 2172 9648 899 1993 9649 898 2168 9650 883 2173 9651 884 2172 9652 898 2168 9653 897 2169 9654 883 2173 9655 898 2168 9656 883 2173 9657 897 2169 9658 882 2174 9659 897 2169 9660 894 2170 9661 882 2174 9662 896 2175 9663 882 2174 9664 894 2170 9665 895 2164 9666 896 2175 9667 894 2170 9668 895 2164 9669 894 2170 9670 893 2159 9671 892 2167 9672 893 2159 9673 894 2170 9674 892 2167 9675 891 2157 9676 893 2159 9677 892 2167 9678 889 2166 9679 891 2157 9680 891 2157 9681 889 2166 9682 890 2156 9683 888 2155 9684 890 2156 9685 889 2166 9686 887 2165 9687 888 2155 9688 889 2166 9689 888 2155 9690 887 2165 9691 886 2154 9692 885 2176 9693 881 2177 9694 882 2174 9695 884 2172 9696 883 2173 9697 875 2171 9698 883 2173 9699 882 2174 9700 875 2171 9701 882 2174 9702 876 2178 9703 875 2171 9704 881 2177 9705 876 2178 9706 882 2174 9707 876 2178 9708 881 2177 9709 877 2179 9710 881 2177 9711 880 2180 9712 877 2179 9713 877 2179 9714 880 2180 9715 878 2181 9716 880 2180 9717 879 2182 9718 878 2181 9719 878 2181 9720 879 2182 9721 866 2183 9722 865 2184 9723 878 2181 9724 866 2183 9725 878 2181 9726 865 2184 9727 870 2185 9728 877 2179 9729 878 2181 9730 870 2185 9731 871 2186 9732 877 2179 9733 870 2185 9734 876 2178 9735 877 2179 9736 871 2186 9737 873 2006 9738 876 2178 9739 871 2186 9740 876 2178 9741 873 2006 9742 875 2171 9743 874 2002 9744 873 2006 9745 872 2000 9746 873 2006 9747 871 2186 9748 872 2000 9749 872 2000 9750 871 2186 9751 863 1998 9752 871 2186 9753 870 2185 9754 863 1998 9755 870 2185 9756 864 2187 9757 863 1998 9758 865 2184 9759 864 2187 9760 870 2185 9761 864 2187 9762 862 2188 9763 863 1998 9764 869 2189 9765 857 2190 9766 856 2191 9767 869 2189 9768 856 2191 9769 868 2192 9770 856 2191 9771 859 2193 9772 868 2192 9773 867 2194 9774 868 2192 9775 859 2193 9776 861 2195 9777 867 2194 9778 859 2193 9779 866 2183 9780 867 2194 9781 861 2195 9782 865 2184 9783 866 2183 9784 861 2195 9785 865 2184 9786 861 2195 9787 860 2196 9788 864 2187 9789 865 2184 9790 860 2196 9791 864 2187 9792 860 2196 9793 858 2197 9794 862 2188 9795 864 2187 9796 858 2197 9797 862 2188 9798 858 2197 9799 851 1999 9800 863 1998 9801 862 2188 9802 851 1999 9803 854 2198 9804 853 2199 9805 852 2200 9806 858 2197 9807 854 2198 9808 852 2200 9809 854 2198 9810 858 2197 9811 855 2201 9812 858 2197 9813 860 2196 9814 855 2201 9815 859 2193 9816 855 2201 9817 860 2196 9818 861 2195 9819 859 2193 9820 860 2196 9821 855 2201 9822 859 2193 9823 856 2191 9824 858 2197 9825 852 2200 9826 851 1999 9827 845 2202 9828 848 2203 9829 837 2204 9830 837 2204 9831 848 2203 9832 838 2205 9833 848 2203 9834 857 2190 9835 838 2205 9836 857 2190 9837 848 2203 9838 856 2191 9839 856 2191 9840 848 2203 9841 847 2206 9842 847 2206 9843 855 2201 9844 856 2191 9845 847 2206 9846 846 2207 9847 855 2201 9848 846 2207 9849 854 2198 9850 855 2201 9851 854 2198 9852 846 2207 9853 789 2208 9854 853 2199 9855 854 2198 9856 789 2208 9857 853 2199 9858 789 2208 9859 787 2209 9860 852 2200 9861 853 2199 9862 787 2209 9863 785 2210 9864 852 2200 9865 787 2209 9866 851 1999 9867 852 2200 9868 785 2210 9869 783 2211 9870 851 1999 9871 785 2210 9872 851 1999 9873 783 2211 9874 849 2007 9875 849 2007 9876 783 2211 9877 781 1982 9878 850 1981 9879 849 2007 9880 781 1982 9881 848 2203 9882 845 2202 9883 847 2206 9884 847 2206 9885 845 2202 9886 846 2207 9887 846 2207 9888 835 2212 9889 789 2208 9890 845 2202 9891 835 2212 9892 846 2207 9893 835 2212 9894 845 2202 9895 836 2213 9896 836 2213 9897 845 2202 9898 837 2204 9899 824 2214 9900 819 2215 9901 844 2216 9902 819 2215 9903 820 2217 9904 844 2216 9905 844 2216 9906 820 2217 9907 843 2218 9908 820 2217 9909 821 2219 9910 843 2218 9911 843 2218 9912 821 2219 9913 842 2220 9914 821 2219 9915 841 2221 9916 842 2220 9917 841 2221 9918 821 2219 9919 822 2222 9920 840 2223 9921 841 2221 9922 822 2222 9923 840 2223 9924 822 2222 9925 839 2224 9926 822 2222 9927 791 2225 9928 839 2224 9929 838 2205 9930 839 2224 9931 791 2225 9932 837 2204 9933 838 2205 9934 791 2225 9935 837 2204 9936 791 2225 9937 792 2226 9938 836 2213 9939 837 2204 9940 792 2226 9941 797 2227 9942 836 2213 9943 792 2226 9944 797 2227 9945 835 2212 9946 836 2213 9947 790 2228 9948 835 2212 9949 797 2227 9950 835 2212 9951 790 2228 9952 789 2208 9953 834 1285 9954 806 1284 9955 813 2229 9956 833 2230 9957 834 1285 9958 813 2229 9959 833 2230 9960 813 2229 9961 814 2231 9962 832 2232 9963 833 2230 9964 814 2231 9965 814 2231 9966 815 2233 9967 832 2232 9968 815 2233 9969 831 2234 9970 832 2232 9971 831 2234 9972 815 2233 9973 830 2235 9974 815 2233 9975 823 2236 9976 830 2235 9977 830 2235 9978 823 2236 9979 829 2237 9980 823 2236 9981 828 2238 9982 829 2237 9983 828 2238 9984 823 2236 9985 827 2239 9986 823 2236 9987 816 2240 9988 827 2239 9989 827 2239 9990 816 2240 9991 826 2241 9992 816 2240 9993 817 2242 9994 826 2241 9995 826 2241 9996 817 2242 9997 825 2243 9998 817 2242 9999 818 2244 10000 825 2243 10001 825 2243 10002 818 2244 10003 824 2214 10004 818 2244 10005 819 2215 10006 824 2214 10007 823 2236 10008 815 2233 10009 816 2240 10010 822 2222 10011 793 2245 10012 791 2225 10013 822 2222 10014 821 2219 10015 793 2245 10016 821 2219 10017 820 2217 10018 793 2245 10019 793 2245 10020 820 2217 10021 794 2246 10022 820 2217 10023 819 2215 10024 794 2246 10025 812 2247 10026 794 2246 10027 819 2215 10028 818 2244 10029 812 2247 10030 819 2215 10031 811 2248 10032 812 2247 10033 818 2244 10034 817 2242 10035 811 2248 10036 818 2244 10037 811 2248 10038 817 2242 10039 816 2240 10040 810 2249 10041 811 2248 10042 816 2240 10043 815 2233 10044 810 2249 10045 816 2240 10046 810 2249 10047 815 2233 10048 814 2231 10049 809 2250 10050 810 2249 10051 814 2231 10052 814 2231 10053 813 2229 10054 809 2250 10055 813 2229 10056 808 2251 10057 809 2250 10058 813 2229 10059 806 1284 10060 808 2251 10061 806 1284 10062 807 2252 10063 808 2251 10064 794 2246 10065 812 2247 10066 796 2253 10067 796 2253 10068 812 2247 10069 804 2254 10070 812 2247 10071 811 2248 10072 804 2254 10073 811 2248 10074 810 2249 10075 804 2254 10076 810 2249 10077 809 2250 10078 804 2254 10079 809 2250 10080 808 2251 10081 804 2254 10082 808 2251 10083 805 2255 10084 804 2254 10085 808 2251 10086 807 2252 10087 805 2255 10088 807 2252 10089 799 2256 10090 805 2255 10091 799 2256 10092 807 2252 10093 800 2257 10094 800 2257 10095 807 2252 10096 801 1282 10097 807 2252 10098 806 1284 10099 801 1282 10100 805 2255 10101 799 2256 10102 798 2258 10103 805 2255 10104 798 2258 10105 804 2254 10106 798 2258 10107 796 2253 10108 804 2254 10109 795 2259 10110 797 2227 10111 792 2226 10112 782 1277 10113 784 2260 10114 803 1278 10115 803 1278 10116 784 2260 10117 786 2261 10118 802 1280 10119 803 1278 10120 786 2261 10121 801 1282 10122 802 1280 10123 786 2261 10124 800 2257 10125 801 1282 10126 786 2261 10127 800 2257 10128 786 2261 10129 788 2262 10130 788 2262 10131 799 2256 10132 800 2257 10133 790 2228 10134 799 2256 10135 788 2262 10136 799 2256 10137 790 2228 10138 798 2258 10139 798 2258 10140 790 2228 10141 797 2227 10142 798 2258 10143 797 2227 10144 796 2253 10145 797 2227 10146 795 2259 10147 796 2253 10148 795 2259 10149 794 2246 10150 796 2253 10151 794 2246 10152 795 2259 10153 792 2226 10154 793 2245 10155 794 2246 10156 792 2226 10157 793 2245 10158 792 2226 10159 791 2225 10160 789 2208 10161 790 2228 10162 788 2262 10163 789 2208 10164 788 2262 10165 787 2209 10166 786 2261 10167 787 2209 10168 788 2262 10169 785 2210 10170 787 2209 10171 786 2261 10172 784 2260 10173 785 2210 10174 786 2261 10175 783 2211 10176 785 2210 10177 784 2260 10178 782 1277 10179 783 2211 10180 784 2260 10181 783 2211 10182 782 1277 10183 781 1982 10184 781 1982 10185 782 1277 10186 780 1274 10187 779 1980 10188 781 1982 10189 780 1274 10190 778 1272 10191 779 1980 10192 780 1274 10193 777 1984 10194 779 1980 10195 778 1272 10196 768 1269 10197 777 1984 10198 778 1272 10199 776 1986 10200 777 1984 10201 768 1269 10202 769 2263 10203 776 1986 10204 768 1269 10205 776 1986 10206 769 2263 10207 774 1988 10208 769 2263 10209 772 1961 10210 774 1988 10211 772 1961 10212 775 1960 10213 774 1988 10214 772 1961 10215 771 2264 10216 773 1962 10217 772 1961 10218 769 2263 10219 771 2264 10220 769 2263 10221 770 2265 10222 771 2264 10223 770 2265 10224 769 2263 10225 767 1268 10226 769 2263 10227 768 1269 10228 767 1268 10229 766 2266 10230 765 2267 10231 763 2268 10232 765 2267 10233 764 2269 10234 763 2268 10235 762 2270 10236 761 2271 10237 759 2272 10238 761 2271 10239 760 2273 10240 759 2272 10241 758 2274 10242 757 2275 10243 755 2276 10244 757 2275 10245 756 2277 10246 755 2276 10247 62 2278 10248 754 2279 10249 63 2280 10250 753 2281 10251 743 2282 10252 745 2283 10253 745 2283 10254 747 2284 10255 753 2281 10256 747 2284 10257 749 2285 10258 753 2281 10259 738 2286 10260 736 2287 10261 744 2288 10262 736 2287 10263 752 2289 10264 744 2288 10265 752 2289 10266 746 2290 10267 744 2288 10268 749 2285 10269 750 2291 10270 751 2292 10271 748 2293 10272 750 2291 10273 749 2285 10274 747 2284 10275 748 2293 10276 749 2285 10277 735 2294 10278 748 2293 10279 747 2284 10280 734 2295 10281 735 2294 10282 747 2284 10283 747 2284 10284 745 2283 10285 734 2295 10286 745 2283 10287 746 2290 10288 734 2295 10289 746 2290 10290 745 2283 10291 744 2288 10292 743 2282 10293 744 2288 10294 745 2283 10295 738 2286 10296 744 2288 10297 743 2282 10298 742 2296 10299 738 2286 10300 743 2282 10301 742 2296 10302 741 2297 10303 738 2286 10304 741 2297 10305 737 2298 10306 738 2286 10307 737 2298 10308 741 2297 10309 740 2299 10310 739 2300 10311 737 2298 10312 740 2299 10313 737 2298 10314 739 2300 10315 736 2287 10316 738 2286 10317 737 2298 10318 736 2287 10319 735 2294 10320 734 2295 10321 733 2301 10322 732 2302 10323 729 2303 10324 730 2304 10325 727 2305 10326 732 2302 10327 731 2306 10328 732 2302 10329 730 2304 10330 731 2306 10331 722 2307 10332 731 2306 10333 730 2304 10334 721 2308 10335 722 2307 10336 730 2304 10337 721 2308 10338 730 2304 10339 725 2309 10340 729 2303 10341 725 2309 10342 730 2304 10343 718 2310 10344 725 2309 10345 729 2303 10346 728 2311 10347 718 2310 10348 729 2303 10349 728 2311 10350 717 2312 10351 718 2310 10352 727 2313 10353 724 2314 10354 726 2315 10355 724 2314 10356 723 2316 10357 726 2315 10358 541 2317 10359 726 2315 10360 723 2316 10361 541 2317 10362 723 2316 10363 529 2318 10364 720 2319 10365 721 2308 10366 725 2309 10367 720 2319 10368 725 2309 10369 719 2320 10370 725 2309 10371 718 2310 10372 719 2320 10373 723 2316 10374 724 2314 10375 722 2307 10376 723 2316 10377 530 2321 10378 529 2318 10379 668 2322 10380 530 2321 10381 723 2316 10382 722 2307 10383 668 2322 10384 723 2316 10385 667 2323 10386 668 2322 10387 722 2307 10388 721 2308 10389 667 2323 10390 722 2307 10391 669 2324 10392 667 2323 10393 721 2308 10394 720 2319 10395 669 2324 10396 721 2308 10397 680 2325 10398 669 2324 10399 720 2319 10400 719 2320 10401 680 2325 10402 720 2319 10403 719 2320 10404 678 2326 10405 680 2325 10406 719 2320 10407 718 2310 10408 678 2326 10409 718 2310 10410 672 2327 10411 678 2326 10412 717 2312 10413 672 2327 10414 718 2310 10415 674 2328 10416 672 2327 10417 717 2312 10418 716 2329 10419 674 2328 10420 717 2312 10421 716 2329 10422 704 2330 10423 674 2328 10424 704 2330 10425 675 2331 10426 674 2328 10427 708 2332 10428 709 2333 10429 715 2334 10430 714 2335 10431 708 2332 10432 715 2334 10433 708 2332 10434 714 2335 10435 670 2336 10436 671 2337 10437 708 2332 10438 670 2336 10439 710 2338 10440 708 2332 10441 671 2337 10442 696 2339 10443 710 2338 10444 671 2337 10445 712 2340 10446 710 2338 10447 696 2339 10448 697 2341 10449 712 2340 10450 696 2339 10451 713 2342 10452 712 2340 10453 697 2341 10454 698 2343 10455 713 2342 10456 697 2341 10457 699 2344 10458 713 2342 10459 698 2343 10460 713 2342 10461 699 2344 10462 706 2345 10463 712 2340 10464 713 2342 10465 706 2345 10466 711 2346 10467 712 2340 10468 706 2345 10469 710 2338 10470 712 2340 10471 711 2346 10472 707 2347 10473 710 2338 10474 711 2346 10475 708 2332 10476 710 2338 10477 707 2347 10478 709 2333 10479 708 2332 10480 707 2347 10481 699 2344 10482 705 2348 10483 706 2345 10484 705 2348 10485 699 2344 10486 700 2349 10487 675 2331 10488 704 2330 10489 703 2350 10490 702 2351 10491 675 2331 10492 703 2350 10493 676 2352 10494 675 2331 10495 702 2351 10496 701 2353 10497 676 2352 10498 702 2351 10499 688 2354 10500 676 2352 10501 701 2353 10502 700 2349 10503 688 2354 10504 701 2353 10505 699 2344 10506 688 2354 10507 700 2349 10508 688 2354 10509 699 2344 10510 689 2355 10511 689 2355 10512 699 2344 10513 698 2343 10514 689 2355 10515 698 2343 10516 691 2356 10517 698 2343 10518 697 2341 10519 691 2356 10520 697 2341 10521 692 2357 10522 691 2356 10523 697 2341 10524 696 2339 10525 692 2357 10526 696 2339 10527 695 2358 10528 692 2357 10529 696 2339 10530 671 2337 10531 695 2358 10532 671 2337 10533 694 2359 10534 695 2358 10535 694 2359 10536 671 2337 10537 662 2360 10538 694 2359 10539 662 2360 10540 661 2361 10541 692 2357 10542 695 2358 10543 693 2362 10544 693 2362 10545 695 2358 10546 661 2361 10547 695 2358 10548 694 2359 10549 661 2361 10550 690 2363 10551 689 2355 10552 691 2356 10553 659 2364 10554 685 2365 10555 661 2361 10556 685 2365 10557 693 2362 10558 661 2361 10559 693 2362 10560 685 2365 10561 684 2366 10562 687 2367 10563 693 2362 10564 684 2366 10565 687 2367 10566 692 2357 10567 693 2362 10568 692 2357 10569 687 2367 10570 686 2368 10571 691 2356 10572 692 2357 10573 686 2368 10574 686 2368 10575 681 2369 10576 691 2356 10577 681 2369 10578 690 2363 10579 691 2356 10580 679 2370 10581 690 2363 10582 681 2369 10583 689 2355 10584 690 2363 10585 679 2370 10586 677 2371 10587 689 2355 10588 679 2370 10589 677 2371 10590 688 2354 10591 689 2355 10592 676 2352 10593 688 2354 10594 677 2371 10595 687 2367 10596 684 2366 10597 683 2372 10598 686 2368 10599 687 2367 10600 683 2372 10601 683 2372 10602 682 2373 10603 686 2368 10604 682 2373 10605 681 2369 10606 686 2368 10607 673 2374 10608 678 2326 10609 672 2327 10610 663 2375 10611 685 2365 10612 659 2364 10613 685 2365 10614 663 2375 10615 664 2376 10616 684 2366 10617 685 2365 10618 664 2376 10619 684 2366 10620 664 2376 10621 665 2377 10622 683 2372 10623 684 2366 10624 665 2377 10625 665 2377 10626 666 2378 10627 683 2372 10628 666 2378 10629 682 2373 10630 683 2372 10631 682 2373 10632 666 2378 10633 669 2324 10634 681 2369 10635 682 2373 10636 669 2324 10637 680 2325 10638 681 2369 10639 669 2324 10640 680 2325 10641 679 2370 10642 681 2369 10643 678 2326 10644 679 2370 10645 680 2325 10646 677 2371 10647 679 2370 10648 678 2326 10649 673 2374 10650 677 2371 10651 678 2326 10652 673 2374 10653 676 2352 10654 677 2371 10655 675 2331 10656 676 2352 10657 673 2374 10658 674 2328 10659 675 2331 10660 673 2374 10661 674 2328 10662 673 2374 10663 672 2327 10664 671 2337 10665 670 2336 10666 662 2360 10667 666 2378 10668 667 2323 10669 669 2324 10670 668 2322 10671 650 2379 10672 530 2321 10673 650 2379 10674 668 2322 10675 667 2323 10676 666 2378 10677 650 2379 10678 667 2323 10679 650 2379 10680 666 2378 10681 651 2380 10682 666 2378 10683 665 2377 10684 651 2380 10685 665 2377 10686 652 2381 10687 651 2380 10688 665 2377 10689 664 2376 10690 652 2381 10691 664 2376 10692 653 2382 10693 652 2381 10694 654 2383 10695 653 2382 10696 664 2376 10697 663 2375 10698 654 2383 10699 664 2376 10700 654 2383 10701 663 2375 10702 656 2384 10703 656 2384 10704 663 2375 10705 659 2364 10706 662 2360 10707 660 2385 10708 661 2361 10709 659 2364 10710 661 2361 10711 660 2385 10712 658 2386 10713 659 2364 10714 660 2385 10715 659 2364 10716 658 2386 10717 656 2384 10718 658 2386 10719 657 2387 10720 656 2384 10721 656 2384 10722 657 2387 10723 655 2388 10724 655 2388 10725 654 2383 10726 656 2384 10727 654 2383 10728 655 2388 10729 647 2389 10730 646 2390 10731 654 2383 10732 647 2389 10733 653 2382 10734 654 2383 10735 646 2390 10736 643 2391 10737 653 2382 10738 646 2390 10739 652 2381 10740 653 2382 10741 643 2391 10742 630 2392 10743 652 2381 10744 643 2391 10745 651 2380 10746 652 2381 10747 630 2392 10748 509 2393 10749 651 2380 10750 630 2392 10751 650 2379 10752 651 2380 10753 509 2393 10754 510 2394 10755 650 2379 10756 509 2393 10757 650 2379 10758 510 2394 10759 530 2321 10760 636 2395 10761 648 2396 10762 635 2397 10763 649 2398 10764 648 2396 10765 647 2389 10766 648 2396 10767 636 2395 10768 647 2389 10769 646 2390 10770 647 2389 10771 636 2395 10772 638 2399 10773 646 2390 10774 636 2395 10775 638 2399 10776 640 2400 10777 646 2390 10778 640 2400 10779 643 2391 10780 646 2390 10781 637 1446 10782 634 2401 10783 632 1444 10784 641 1450 10785 645 1452 10786 642 2402 10787 645 1452 10788 644 2403 10789 642 2402 10790 621 2404 10791 625 2405 10792 620 1451 10793 620 1451 10794 625 2405 10795 645 1452 10796 625 2405 10797 627 2406 10798 645 1452 10799 645 1452 10800 627 2406 10801 644 2403 10802 627 2406 10803 629 2407 10804 644 2403 10805 644 2403 10806 629 2407 10807 630 2392 10808 643 2391 10809 644 2403 10810 630 2392 10811 644 2403 10812 643 2391 10813 642 2402 10814 640 2400 10815 642 2402 10816 643 2391 10817 641 1450 10818 642 2402 10819 640 2400 10820 639 1448 10821 641 1450 10822 640 2400 10823 639 1448 10824 640 2400 10825 638 2399 10826 637 1446 10827 639 1448 10828 638 2399 10829 637 1446 10830 638 2399 10831 636 2395 10832 634 2401 10833 637 1446 10834 636 2395 10835 636 2395 10836 635 2397 10837 634 2401 10838 635 2397 10839 631 2408 10840 634 2401 10841 632 1444 10842 634 2401 10843 631 2408 10844 633 1433 10845 632 1444 10846 631 2408 10847 507 2409 10848 508 2410 10849 443 2411 10850 508 2410 10851 628 2412 10852 443 2411 10853 446 2413 10854 443 2411 10855 628 2412 10856 626 2414 10857 446 2413 10858 628 2412 10859 448 2415 10860 446 2413 10861 626 2414 10862 451 2416 10863 448 2415 10864 626 2414 10865 509 2393 10866 630 2392 10867 508 2410 10868 630 2392 10869 629 2407 10870 508 2410 10871 628 2412 10872 508 2410 10873 629 2407 10874 627 2406 10875 628 2412 10876 629 2407 10877 626 2414 10878 628 2412 10879 627 2406 10880 625 2405 10881 626 2414 10882 627 2406 10883 451 2416 10884 626 2414 10885 625 2405 10886 621 2404 10887 451 2416 10888 625 2405 10889 453 2417 10890 451 2416 10891 621 2404 10892 622 2418 10893 453 2417 10894 621 2404 10895 442 2419 10896 453 2417 10897 622 2418 10898 623 2420 10899 442 2419 10900 622 2418 10901 623 2420 10902 439 2421 10903 442 2419 10904 623 2420 10905 624 2422 10906 439 2421 10907 624 2422 10908 438 2423 10909 439 2421 10910 624 2422 10911 596 2424 10912 438 2423 10913 596 2424 10914 437 2425 10915 438 2423 10916 592 2426 10917 437 2425 10918 596 2424 10919 590 2427 10920 593 2428 10921 597 2429 10922 597 2429 10923 593 2428 10924 608 2430 10925 608 2430 10926 593 2428 10927 594 2431 10928 608 2430 10929 594 2431 10930 612 2432 10931 612 2432 10932 594 2431 10933 595 2433 10934 614 2434 10935 612 2432 10936 595 2433 10937 595 2433 10938 596 2424 10939 614 2434 10940 596 2424 10941 616 2435 10942 614 2434 10943 596 2424 10944 624 2422 10945 616 2435 10946 624 2422 10947 618 2436 10948 616 2435 10949 624 2422 10950 623 2420 10951 618 2436 10952 623 2420 10953 622 2418 10954 618 2436 10955 618 2436 10956 622 2418 10957 621 2404 10958 617 2437 10959 618 2436 10960 621 2404 10961 617 2437 10962 621 2404 10963 620 1451 10964 617 2437 10965 620 1451 10966 615 2438 10967 615 2438 10968 620 1451 10969 619 1449 10970 613 1453 10971 615 2438 10972 619 1449 10973 618 2436 10974 617 2437 10975 616 2435 10976 617 2437 10977 615 2438 10978 616 2435 10979 615 2438 10980 614 2434 10981 616 2435 10982 614 2434 10983 615 2438 10984 613 1453 10985 612 2432 10986 614 2434 10987 613 1453 10988 612 2432 10989 613 1453 10990 611 1454 10991 610 2439 10992 612 2432 10993 611 1454 10994 612 2432 10995 610 2439 10996 608 2430 10997 610 2439 10998 607 2440 10999 608 2430 11000 610 2439 11001 605 2441 11002 607 2440 11003 605 2441 11004 606 2442 11005 607 2440 11006 610 2439 11007 611 1454 11008 609 1455 11009 605 2441 11010 610 2439 11011 609 1455 11012 605 2441 11013 609 1455 11014 604 1456 11015 608 2430 11016 607 2440 11017 597 2429 11018 607 2440 11019 598 2443 11020 597 2429 11021 607 2440 11022 606 2442 11023 598 2443 11024 606 2442 11025 599 2444 11026 598 2443 11027 599 2444 11028 606 2442 11029 600 2445 11030 606 2442 11031 605 2441 11032 600 2445 11033 605 2441 11034 601 2446 11035 600 2445 11036 601 2446 11037 605 2441 11038 604 1456 11039 601 2446 11040 604 1456 11041 602 1457 11042 580 1466 11043 602 1457 11044 603 1458 11045 580 1466 11046 601 2446 11047 602 1457 11048 601 2446 11049 580 1466 11050 581 2447 11051 601 2446 11052 581 2447 11053 600 2445 11054 600 2445 11055 581 2447 11056 583 2448 11057 583 2448 11058 599 2444 11059 600 2445 11060 585 2449 11061 599 2444 11062 583 2448 11063 599 2444 11064 585 2449 11065 588 2450 11066 598 2443 11067 599 2444 11068 588 2450 11069 598 2443 11070 588 2450 11071 589 2451 11072 597 2429 11073 598 2443 11074 589 2451 11075 589 2451 11076 590 2427 11077 597 2429 11078 595 2433 11079 592 2426 11080 596 2424 11081 595 2433 11082 594 2431 11083 592 2426 11084 594 2431 11085 593 2428 11086 592 2426 11087 592 2426 11088 593 2428 11089 591 2452 11090 593 2428 11091 590 2427 11092 591 2452 11093 437 2425 11094 592 2426 11095 436 2453 11096 592 2426 11097 591 2452 11098 436 2453 11099 591 2452 11100 570 2454 11101 436 2453 11102 591 2452 11103 590 2427 11104 570 2454 11105 590 2427 11106 572 2455 11107 570 2454 11108 589 2451 11109 572 2455 11110 590 2427 11111 574 2456 11112 572 2455 11113 589 2451 11114 589 2451 11115 588 2450 11116 574 2456 11117 588 2450 11118 587 2457 11119 574 2456 11120 588 2450 11121 585 2449 11122 587 2457 11123 585 2449 11124 586 1483 11125 587 2457 11126 586 1483 11127 585 2449 11128 584 1481 11129 584 1481 11130 585 2449 11131 583 2448 11132 583 2448 11133 582 1479 11134 584 1481 11135 581 2447 11136 582 1479 11137 583 2448 11138 581 2447 11139 578 1477 11140 582 1479 11141 580 1466 11142 578 1477 11143 581 2447 11144 580 1466 11145 579 1465 11146 578 1477 11147 575 2458 11148 571 2459 11149 573 2460 11150 577 2461 11151 571 2459 11152 575 2458 11153 576 2462 11154 577 2461 11155 575 2458 11156 576 2462 11157 575 2458 11158 574 2456 11159 574 2456 11160 575 2458 11161 573 2460 11162 574 2456 11163 573 2460 11164 572 2455 11165 572 2455 11166 573 2460 11167 571 2459 11168 570 2454 11169 572 2455 11170 571 2459 11171 570 2454 11172 571 2459 11173 568 2463 11174 436 2453 11175 570 2454 11176 568 2463 11177 436 2453 11178 568 2463 11179 569 2464 11180 434 2465 11181 436 2453 11182 569 2464 11183 434 2465 11184 569 2464 11185 564 2466 11186 430 2467 11187 434 2465 11188 564 2466 11189 430 2467 11190 564 2466 11191 565 2468 11192 429 2469 11193 430 2467 11194 565 2468 11195 429 2469 11196 565 2468 11197 458 2470 11198 432 2471 11199 429 2469 11200 458 2470 11201 569 2464 11202 567 2472 11203 564 2466 11204 569 2464 11205 568 2463 11206 567 2472 11207 566 2473 11208 562 2474 11209 563 2475 11210 458 2470 11211 562 2474 11212 566 2473 11213 565 2468 11214 562 2474 11215 458 2470 11216 565 2468 11217 564 2466 11218 562 2474 11219 564 2466 11220 563 2475 11221 562 2474 11222 544 2476 11223 543 2477 11224 561 2478 11225 560 2479 11226 544 2476 11227 561 2478 11228 545 2480 11229 544 2476 11230 560 2479 11231 554 2481 11232 545 2480 11233 560 2479 11234 554 2481 11235 560 2479 11236 559 2482 11237 555 2483 11238 554 2481 11239 559 2482 11240 558 2484 11241 555 2483 11242 559 2482 11243 552 2485 11244 555 2483 11245 558 2484 11246 553 2486 11247 552 2485 11248 558 2484 11249 550 2487 11250 551 2488 11251 557 2489 11252 551 2488 11253 556 2490 11254 557 2489 11255 556 2490 11256 551 2488 11257 553 2486 11258 548 2491 11259 547 2492 11260 552 2485 11261 552 2485 11262 547 2492 11263 555 2483 11264 547 2492 11265 546 2493 11266 555 2483 11267 555 2483 11268 546 2493 11269 554 2481 11270 546 2493 11271 545 2480 11272 554 2481 11273 551 2488 11274 552 2485 11275 553 2486 11276 551 2488 11277 548 2491 11278 552 2485 11279 551 2488 11280 550 2487 11281 548 2491 11282 550 2487 11283 549 2494 11284 548 2491 11285 542 2495 11286 549 2494 11287 550 2487 11288 549 2494 11289 542 2495 11290 539 2496 11291 549 2494 11292 539 2496 11293 548 2491 11294 539 2496 11295 538 2497 11296 548 2491 11297 548 2491 11298 538 2497 11299 547 2492 11300 538 2497 11301 537 2498 11302 547 2492 11303 547 2492 11304 537 2498 11305 546 2493 11306 537 2498 11307 536 2499 11308 546 2493 11309 546 2493 11310 536 2499 11311 545 2480 11312 536 2499 11313 535 2500 11314 545 2480 11315 545 2480 11316 535 2500 11317 544 2476 11318 535 2500 11319 534 2501 11320 544 2476 11321 544 2476 11322 534 2501 11323 543 2477 11324 534 2501 11325 533 2502 11326 543 2477 11327 542 2495 11328 540 2503 11329 539 2496 11330 540 2503 11331 541 2317 11332 529 2318 11333 528 2504 11334 540 2503 11335 529 2318 11336 540 2503 11337 528 2504 11338 539 2496 11339 528 2504 11340 527 2505 11341 539 2496 11342 539 2496 11343 527 2505 11344 538 2497 11345 527 2505 11346 526 2506 11347 538 2497 11348 538 2497 11349 526 2506 11350 537 2498 11351 526 2506 11352 525 2507 11353 537 2498 11354 537 2498 11355 525 2507 11356 536 2499 11357 525 2507 11358 524 2508 11359 536 2499 11360 536 2499 11361 524 2508 11362 535 2500 11363 524 2508 11364 523 2509 11365 535 2500 11366 535 2500 11367 523 2509 11368 534 2501 11369 523 2509 11370 522 2510 11371 534 2501 11372 534 2501 11373 522 2510 11374 533 2502 11375 522 2510 11376 521 2511 11377 533 2502 11378 531 2512 11379 533 2502 11380 521 2511 11381 532 2513 11382 531 2512 11383 521 2511 11384 511 2514 11385 530 2321 11386 510 2394 11387 511 2514 11388 529 2318 11389 530 2321 11390 520 2515 11391 529 2318 11392 511 2514 11393 529 2318 11394 520 2515 11395 528 2504 11396 528 2504 11397 520 2515 11398 527 2505 11399 520 2515 11400 519 2516 11401 527 2505 11402 527 2505 11403 519 2516 11404 526 2506 11405 519 2516 11406 515 2517 11407 526 2506 11408 526 2506 11409 515 2517 11410 525 2507 11411 515 2517 11412 516 2518 11413 525 2507 11414 525 2507 11415 516 2518 11416 524 2508 11417 516 2518 11418 517 2519 11419 524 2508 11420 524 2508 11421 517 2519 11422 523 2509 11423 517 2519 11424 518 2520 11425 523 2509 11426 523 2509 11427 518 2520 11428 522 2510 11429 518 2520 11430 498 2521 11431 522 2510 11432 522 2510 11433 498 2521 11434 521 2511 11435 498 2521 11436 497 2522 11437 521 2511 11438 512 2523 11439 513 2524 11440 511 2514 11441 511 2514 11442 513 2524 11443 520 2515 11444 513 2524 11445 514 2525 11446 520 2515 11447 514 2525 11448 519 2516 11449 520 2515 11450 519 2516 11451 514 2525 11452 515 2517 11453 500 2526 11454 496 2527 11455 498 2521 11456 518 2520 11457 500 2526 11458 498 2521 11459 501 2528 11460 500 2526 11461 518 2520 11462 517 2519 11463 501 2528 11464 518 2520 11465 502 2529 11466 501 2528 11467 517 2519 11468 516 2518 11469 502 2529 11470 517 2519 11471 515 2517 11472 502 2529 11473 516 2518 11474 514 2525 11475 502 2529 11476 515 2517 11477 514 2525 11478 487 2530 11479 502 2529 11480 513 2524 11481 487 2530 11482 514 2525 11483 487 2530 11484 513 2524 11485 444 2531 11486 513 2524 11487 512 2523 11488 444 2531 11489 444 2531 11490 512 2523 11491 443 2411 11492 512 2523 11493 511 2514 11494 443 2411 11495 511 2514 11496 507 2409 11497 443 2411 11498 507 2409 11499 511 2514 11500 510 2394 11501 510 2394 11502 509 2393 11503 507 2409 11504 509 2393 11505 508 2410 11506 507 2409 11507 494 2532 11508 506 2533 11509 495 2534 11510 499 2535 11511 495 2534 11512 506 2533 11513 505 2536 11514 499 2535 11515 506 2533 11516 505 2536 11517 504 2537 11518 499 2535 11519 504 2537 11520 503 2538 11521 499 2535 11522 487 2530 11523 489 2539 11524 502 2529 11525 502 2529 11526 489 2539 11527 501 2528 11528 489 2539 11529 491 2540 11530 501 2528 11531 501 2528 11532 491 2540 11533 500 2526 11534 491 2540 11535 493 2541 11536 500 2526 11537 500 2526 11538 493 2541 11539 496 2527 11540 495 2534 11541 499 2535 11542 497 2522 11543 496 2527 11544 497 2522 11545 498 2521 11546 496 2527 11547 495 2534 11548 497 2522 11549 493 2541 11550 495 2534 11551 496 2527 11552 493 2541 11553 494 2532 11554 495 2534 11555 492 2542 11556 494 2532 11557 493 2541 11558 491 2540 11559 492 2542 11560 493 2541 11561 490 2543 11562 492 2542 11563 491 2540 11564 489 2539 11565 490 2543 11566 491 2540 11567 488 2544 11568 490 2543 11569 489 2539 11570 487 2530 11571 488 2544 11572 489 2539 11573 486 2545 11574 488 2544 11575 487 2530 11576 486 2545 11577 487 2530 11578 444 2531 11579 485 2546 11580 486 2545 11581 444 2531 11582 485 2546 11583 444 2531 11584 445 2547 11585 484 2548 11586 485 2546 11587 445 2547 11588 484 2548 11589 445 2547 11590 483 2549 11591 445 2547 11592 447 2550 11593 483 2549 11594 483 2549 11595 447 2550 11596 478 2551 11597 473 2552 11598 482 2553 11599 471 2554 11600 482 2553 11601 481 2555 11602 471 2554 11603 471 2554 11604 481 2555 11605 470 2556 11606 481 2555 11607 480 2557 11608 470 2556 11609 480 2557 11610 479 2558 11611 470 2556 11612 477 2559 11613 476 2560 11614 465 2561 11615 476 2560 11616 464 2562 11617 465 2561 11618 476 2560 11619 475 2563 11620 464 2562 11621 475 2563 11622 474 2564 11623 464 2562 11624 464 2562 11625 474 2564 11626 466 2565 11627 474 2564 11628 472 2566 11629 466 2565 11630 466 2565 11631 472 2566 11632 468 2567 11633 447 2550 11634 449 2568 11635 478 2551 11636 478 2551 11637 449 2568 11638 477 2559 11639 449 2568 11640 462 2569 11641 477 2559 11642 476 2560 11643 477 2559 11644 462 2569 11645 462 2569 11646 461 2570 11647 476 2560 11648 461 2570 11649 475 2563 11650 476 2560 11651 463 2571 11652 475 2563 11653 461 2570 11654 475 2563 11655 463 2571 11656 474 2564 11657 463 2571 11658 473 2552 11659 474 2564 11660 473 2552 11661 472 2566 11662 474 2564 11663 472 2566 11664 473 2552 11665 471 2554 11666 472 2566 11667 471 2554 11668 468 2567 11669 468 2567 11670 471 2554 11671 470 2556 11672 468 2567 11673 470 2556 11674 469 2572 11675 467 2573 11676 468 2567 11677 469 2572 11678 466 2565 11679 468 2567 11680 467 2573 11681 465 2561 11682 466 2565 11683 467 2573 11684 466 2565 11685 465 2561 11686 464 2562 11687 460 2574 11688 463 2571 11689 461 2570 11690 449 2568 11691 450 2575 11692 462 2569 11693 450 2575 11694 461 2570 11695 462 2569 11696 450 2575 11697 460 2574 11698 461 2570 11699 450 2575 11700 452 2576 11701 460 2574 11702 460 2574 11703 452 2576 11704 459 2577 11705 452 2576 11706 454 2578 11707 459 2577 11708 459 2577 11709 454 2578 11710 455 2579 11711 458 2470 11712 457 2580 11713 432 2471 11714 432 2471 11715 457 2580 11716 456 2581 11717 432 2471 11718 456 2581 11719 433 2582 11720 433 2582 11721 456 2581 11722 455 2579 11723 433 2582 11724 455 2579 11725 441 2583 11726 454 2578 11727 441 2583 11728 455 2579 11729 454 2578 11730 442 2419 11731 441 2583 11732 442 2419 11733 454 2578 11734 453 2417 11735 454 2578 11736 452 2576 11737 453 2417 11738 451 2416 11739 453 2417 11740 452 2576 11741 452 2576 11742 450 2575 11743 451 2416 11744 450 2575 11745 448 2415 11746 451 2416 11747 450 2575 11748 449 2568 11749 448 2415 11750 449 2568 11751 447 2550 11752 448 2415 11753 448 2415 11754 447 2550 11755 446 2413 11756 447 2550 11757 445 2547 11758 446 2413 11759 445 2547 11760 443 2411 11761 446 2413 11762 445 2547 11763 444 2531 11764 443 2411 11765 439 2421 11766 440 2584 11767 442 2419 11768 442 2419 11769 440 2584 11770 441 2583 11771 441 2583 11772 440 2584 11773 433 2582 11774 440 2584 11775 431 2585 11776 433 2582 11777 440 2584 11778 439 2421 11779 431 2585 11780 439 2421 11781 430 2467 11782 431 2585 11783 439 2421 11784 438 2423 11785 430 2467 11786 438 2423 11787 435 2586 11788 430 2467 11789 438 2423 11790 437 2425 11791 435 2586 11792 437 2425 11793 436 2453 11794 435 2586 11795 435 2586 11796 436 2453 11797 434 2465 11798 435 2586 11799 434 2465 11800 430 2467 11801 433 2582 11802 431 2585 11803 432 2471 11804 431 2585 11805 429 2469 11806 432 2471 11807 431 2585 11808 430 2467 11809 429 2469 11810 428 2587 11811 419 2588 11812 418 2589 11813 419 2588 11814 428 2587 11815 427 2590 11816 420 2591 11817 419 2588 11818 427 2590 11819 420 2591 11820 427 2590 11821 426 2592 11822 425 2593 11823 420 2591 11824 426 2592 11825 425 2593 11826 421 2594 11827 420 2591 11828 350 2595 11829 351 2596 11830 365 2597 11831 424 2598 11832 350 2595 11833 365 2597 11834 423 2599 11835 424 2598 11836 365 2597 11837 401 2600 11838 423 2599 11839 365 2597 11840 422 2601 11841 423 2599 11842 401 2600 11843 402 2602 11844 422 2601 11845 401 2600 11846 421 2594 11847 422 2601 11848 402 2602 11849 413 2603 11850 421 2594 11851 402 2602 11852 421 2594 11853 413 2603 11854 420 2591 11855 413 2603 11856 403 2604 11857 420 2591 11858 403 2604 11859 419 2588 11860 420 2591 11861 419 2588 11862 403 2604 11863 415 2605 11864 419 2588 11865 415 2605 11866 418 2589 11867 415 2605 11868 405 2606 11869 418 2589 11870 405 2606 11871 417 2607 11872 418 2589 11873 417 2607 11874 405 2606 11875 406 2608 11876 416 824 11877 417 2607 11878 406 2608 11879 406 2608 11880 407 822 11881 416 824 11882 403 2604 11883 404 2609 11884 415 2605 11885 415 2605 11886 404 2609 11887 405 2606 11888 408 826 11889 409 2610 11890 414 827 11891 414 827 11892 409 2610 11893 410 828 11894 403 2604 11895 413 2603 11896 402 2602 11897 411 2611 11898 412 829 11899 410 828 11900 395 2612 11901 411 2611 11902 410 828 11903 396 2613 11904 395 2612 11905 410 828 11906 409 2610 11907 396 2613 11908 410 828 11909 396 2613 11910 409 2610 11911 397 2614 11912 409 2610 11913 408 826 11914 397 2614 11915 408 826 11916 400 2615 11917 397 2614 11918 400 2615 11919 408 826 11920 407 822 11921 406 2608 11922 400 2615 11923 407 822 11924 398 2616 11925 400 2615 11926 406 2608 11927 405 2606 11928 398 2616 11929 406 2608 11930 404 2609 11931 398 2616 11932 405 2606 11933 398 2616 11934 404 2609 11935 385 2617 11936 404 2609 11937 403 2604 11938 385 2617 11939 403 2604 11940 386 2618 11941 385 2617 11942 386 2618 11943 403 2604 11944 402 2602 11945 384 2619 11946 386 2618 11947 402 2602 11948 401 2600 11949 384 2619 11950 402 2602 11951 384 2619 11952 401 2600 11953 365 2597 11954 380 2620 11955 384 2619 11956 365 2597 11957 400 2615 11958 398 2616 11959 397 2614 11960 399 211 11961 391 214 11962 387 209 11963 382 2621 11964 383 207 11965 385 2617 11966 383 207 11967 389 2622 11968 385 2617 11969 389 2622 11970 398 2616 11971 385 2617 11972 398 2616 11973 389 2622 11974 397 2614 11975 397 2614 11976 389 2622 11977 388 2623 11978 388 2623 11979 396 2613 11980 397 2614 11981 395 2612 11982 396 2613 11983 388 2623 11984 394 2624 11985 395 2612 11986 388 2623 11987 394 2624 11988 388 2623 11989 387 209 11990 393 2625 11991 394 2624 11992 387 209 11993 393 2625 11994 387 209 11995 392 2626 11996 391 214 11997 392 2626 11998 387 209 11999 392 2626 12000 391 214 12001 390 122 12002 389 2622 12003 383 207 12004 388 2623 12005 388 2623 12006 383 207 12007 387 209 12008 386 2618 12009 384 2619 12010 385 2617 12011 384 2619 12012 382 2621 12013 385 2617 12014 382 2621 12015 384 2619 12016 380 2620 12017 379 208 12018 382 2621 12019 380 2620 12020 383 207 12021 382 2621 12022 379 208 12023 378 210 12024 381 206 12025 379 208 12026 378 210 12027 377 2627 12028 376 212 12029 352 2628 12030 380 2620 12031 365 2597 12032 380 2620 12033 352 2628 12034 379 208 12035 352 2628 12036 364 2629 12037 379 208 12038 364 2629 12039 378 210 12040 379 208 12041 378 210 12042 364 2629 12043 353 2630 12044 377 2627 12045 378 210 12046 353 2630 12047 354 2631 12048 377 2627 12049 353 2630 12050 377 2627 12051 354 2631 12052 370 2632 12053 376 212 12054 377 2627 12055 370 2632 12056 370 2632 12057 371 2633 12058 376 212 12059 371 2633 12060 375 221 12061 376 212 12062 375 221 12063 371 2633 12064 205 2634 12065 374 218 12066 375 221 12067 205 2634 12068 200 2635 12069 374 218 12070 205 2634 12071 373 219 12072 374 218 12073 200 2635 12074 199 2636 12075 373 219 12076 200 2635 12077 373 219 12078 199 2636 12079 188 222 12080 187 2637 12081 188 222 12082 199 2636 12083 361 344 12084 372 342 12085 359 2638 12086 372 342 12087 369 2639 12088 359 2638 12089 369 2639 12090 372 342 12091 202 341 12092 205 2634 12093 369 2639 12094 202 341 12095 369 2639 12096 205 2634 12097 368 2640 12098 205 2634 12099 371 2633 12100 368 2640 12101 371 2633 12102 367 2641 12103 368 2640 12104 371 2633 12105 370 2632 12106 367 2641 12107 370 2632 12108 366 2642 12109 367 2641 12110 370 2632 12111 354 2631 12112 366 2642 12113 354 2631 12114 355 2643 12115 366 2642 12116 355 2643 12117 356 2644 12118 366 2642 12119 366 2642 12120 356 2644 12121 357 2645 12122 369 2639 12123 368 2640 12124 359 2638 12125 368 2640 12126 367 2641 12127 359 2638 12128 367 2641 12129 357 2645 12130 359 2638 12131 367 2641 12132 366 2642 12133 357 2645 12134 351 2596 12135 352 2628 12136 365 2597 12137 364 2629 12138 352 2628 12139 353 2630 12140 362 372 12141 363 346 12142 361 344 12143 360 382 12144 362 372 12145 361 344 12146 360 382 12147 361 344 12148 359 2638 12149 358 381 12150 360 382 12151 359 2638 12152 357 2645 12153 358 381 12154 359 2638 12155 324 379 12156 358 381 12157 357 2645 12158 356 2644 12159 324 379 12160 357 2645 12161 324 379 12162 356 2644 12163 337 2646 12164 356 2644 12165 355 2643 12166 337 2646 12167 355 2643 12168 348 2647 12169 337 2646 12170 355 2643 12171 354 2631 12172 348 2647 12173 354 2631 12174 347 2648 12175 348 2647 12176 347 2648 12177 354 2631 12178 353 2630 12179 353 2630 12180 345 2649 12181 347 2648 12182 352 2628 12183 345 2649 12184 353 2630 12185 345 2649 12186 352 2628 12187 344 2650 12188 352 2628 12189 351 2596 12190 344 2650 12191 351 2596 12192 350 2595 12193 344 2650 12194 350 2595 12195 341 2651 12196 344 2650 12197 344 2650 12198 341 2651 12199 340 2652 12200 340 2652 12201 346 2653 12202 344 2650 12203 346 2653 12204 340 2652 12205 327 2654 12206 349 2655 12207 346 2653 12208 327 2654 12209 326 2656 12210 349 2655 12211 327 2654 12212 349 2655 12213 326 2656 12214 337 2646 12215 346 2653 12216 349 2655 12217 337 2646 12218 348 2647 12219 346 2653 12220 337 2646 12221 346 2653 12222 348 2647 12223 347 2648 12224 345 2649 12225 346 2653 12226 347 2648 12227 346 2653 12228 345 2649 12229 344 2650 12230 343 91 12231 342 453 12232 335 93 12233 341 2651 12234 339 2657 12235 340 2652 12236 339 2657 12237 327 2654 12238 340 2652 12239 339 2657 12240 328 2658 12241 327 2654 12242 338 452 12243 333 2659 12244 335 93 12245 333 2659 12246 338 452 12247 330 451 12248 326 2656 12249 325 2660 12250 337 2646 12251 325 2660 12252 324 379 12253 337 2646 12254 336 92 12255 335 93 12256 334 97 12257 335 93 12258 333 2659 12259 334 97 12260 334 97 12261 333 2659 12262 332 98 12263 332 98 12264 333 2659 12265 330 451 12266 331 2661 12267 332 98 12268 330 451 12269 331 2661 12270 330 451 12271 329 2662 12272 330 451 12273 321 450 12274 329 2662 12275 328 2658 12276 329 2662 12277 321 450 12278 320 2663 12279 328 2658 12280 321 450 12281 328 2658 12282 320 2663 12283 327 2654 12284 320 2663 12285 322 2664 12286 327 2654 12287 322 2664 12288 326 2656 12289 327 2654 12290 326 2656 12291 322 2664 12292 319 2665 12293 325 2660 12294 326 2656 12295 319 2665 12296 318 2666 12297 325 2660 12298 319 2665 12299 324 379 12300 325 2660 12301 318 2666 12302 317 388 12303 324 379 12304 318 2666 12305 324 379 12306 317 388 12307 323 380 12308 322 2664 12309 320 2663 12310 319 2665 12311 320 2663 12312 321 450 12313 313 449 12314 319 2665 12315 320 2663 12316 313 449 12317 314 2667 12318 319 2665 12319 313 449 12320 319 2665 12321 314 2667 12322 318 2666 12323 314 2667 12324 315 2668 12325 318 2666 12326 317 388 12327 318 2666 12328 315 2668 12329 302 2669 12330 317 388 12331 315 2668 12332 317 388 12333 302 2669 12334 316 389 12335 302 2669 12336 305 390 12337 316 389 12338 302 2669 12339 315 2668 12340 301 448 12341 315 2668 12342 314 2667 12343 301 448 12344 314 2667 12345 313 449 12346 301 448 12347 296 2670 12348 275 510 12349 283 2671 12350 296 2670 12351 312 511 12352 275 510 12353 296 2670 12354 295 2672 12355 312 511 12356 295 2672 12357 311 512 12358 312 511 12359 297 2673 12360 311 512 12361 295 2672 12362 310 466 12363 311 512 12364 297 2673 12365 310 466 12366 297 2673 12367 309 464 12368 297 2673 12369 298 2674 12370 309 464 12371 309 464 12372 298 2674 12373 308 445 12374 308 445 12375 298 2674 12376 307 444 12377 307 444 12378 298 2674 12379 299 2675 12380 306 443 12381 307 444 12382 299 2675 12383 299 2675 12384 300 391 12385 306 443 12386 306 443 12387 300 391 12388 304 442 12389 305 390 12390 304 442 12391 300 391 12392 305 390 12393 302 2669 12394 304 442 12395 302 2669 12396 303 441 12397 304 442 12398 303 441 12399 302 2669 12400 301 448 12401 299 2675 12402 294 392 12403 300 391 12404 295 2672 12405 294 392 12406 299 2675 12407 299 2675 12408 297 2673 12409 295 2672 12410 299 2675 12411 298 2674 12412 297 2673 12413 296 2670 12414 283 2671 12415 295 2672 12416 283 2671 12417 294 392 12418 295 2672 12419 283 2671 12420 284 394 12421 294 392 12422 288 2676 12423 293 402 12424 287 401 12425 293 402 12426 288 2676 12427 215 408 12428 288 2676 12429 216 2677 12430 215 408 12431 292 395 12432 284 394 12433 285 397 12434 241 2678 12435 271 2679 12436 240 2680 12437 241 2678 12438 282 2681 12439 271 2679 12440 282 2681 12441 241 2678 12442 291 2682 12443 282 2681 12444 291 2682 12445 290 2683 12446 282 2681 12447 290 2683 12448 281 2684 12449 289 2685 12450 281 2684 12451 290 2683 12452 281 2684 12453 289 2685 12454 280 2686 12455 289 2685 12456 288 2676 12457 280 2686 12458 288 2676 12459 287 401 12460 280 2686 12461 280 2686 12462 287 401 12463 270 2687 12464 287 401 12465 286 399 12466 270 2687 12467 286 399 12468 272 2688 12469 270 2687 12470 272 2688 12471 286 399 12472 285 397 12473 272 2688 12474 285 397 12475 273 2689 12476 284 394 12477 273 2689 12478 285 397 12479 273 2689 12480 284 394 12481 274 2690 12482 284 394 12483 283 2671 12484 274 2690 12485 275 510 12486 274 2690 12487 283 2671 12488 282 2681 12489 281 2684 12490 271 2679 12491 271 2679 12492 281 2684 12493 270 2687 12494 281 2684 12495 280 2686 12496 270 2687 12497 278 506 12498 279 505 12499 252 504 12500 253 2691 12501 264 2692 12502 252 504 12503 264 2692 12504 278 506 12505 252 504 12506 264 2692 12507 265 2693 12508 278 506 12509 265 2693 12510 277 508 12511 278 506 12512 267 2694 12513 277 508 12514 265 2693 12515 276 509 12516 277 508 12517 267 2694 12518 269 2695 12519 276 509 12520 267 2694 12521 269 2695 12522 275 510 12523 276 509 12524 269 2695 12525 268 2696 12526 275 510 12527 268 2696 12528 274 2690 12529 275 510 12530 268 2696 12531 261 2697 12532 274 2690 12533 261 2697 12534 273 2689 12535 274 2690 12536 261 2697 12537 262 2698 12538 273 2689 12539 262 2698 12540 272 2688 12541 273 2689 12542 263 2699 12543 272 2688 12544 262 2698 12545 272 2688 12546 263 2699 12547 270 2687 12548 263 2699 12549 240 2680 12550 270 2687 12551 240 2680 12552 271 2679 12553 270 2687 12554 269 2695 12555 267 2694 12556 268 2696 12557 266 2700 12558 267 2694 12559 265 2693 12560 261 2697 12561 268 2696 12562 260 2701 12563 267 2694 12564 260 2701 12565 268 2696 12566 259 2702 12567 260 2701 12568 267 2694 12569 266 2700 12570 259 2702 12571 267 2694 12572 259 2702 12573 266 2700 12574 258 2703 12575 258 2703 12576 266 2700 12577 257 2704 12578 266 2700 12579 265 2693 12580 257 2704 12581 257 2704 12582 265 2693 12583 264 2692 12584 253 2691 12585 257 2704 12586 264 2692 12587 257 2704 12588 253 2691 12589 255 2705 12590 229 2706 12591 240 2680 12592 228 2707 12593 228 2707 12594 240 2680 12595 249 2708 12596 240 2680 12597 263 2699 12598 249 2708 12599 249 2708 12600 263 2699 12601 262 2698 12602 262 2698 12603 261 2697 12604 249 2708 12605 261 2697 12606 250 2709 12607 249 2708 12608 250 2709 12609 261 2697 12610 260 2701 12611 248 2710 12612 250 2709 12613 260 2701 12614 259 2702 12615 248 2710 12616 260 2701 12617 259 2702 12618 251 2711 12619 248 2710 12620 251 2711 12621 259 2702 12622 258 2703 12623 258 2703 12624 242 537 12625 251 2711 12626 258 2703 12627 257 2704 12628 242 537 12629 256 538 12630 242 537 12631 257 2704 12632 256 538 12633 257 2704 12634 255 2705 12635 255 2705 12636 254 503 12637 256 538 12638 253 2691 12639 254 503 12640 255 2705 12641 254 503 12642 253 2691 12643 252 504 12644 242 537 12645 243 2712 12646 251 2711 12647 247 2713 12648 251 2711 12649 243 2712 12650 251 2711 12651 247 2713 12652 248 2710 12653 246 2714 12654 247 2713 12655 243 2712 12656 250 2709 12657 248 2710 12658 249 2708 12659 248 2710 12660 228 2707 12661 249 2708 12662 248 2710 12663 247 2713 12664 228 2707 12665 247 2713 12666 230 2715 12667 228 2707 12668 247 2713 12669 246 2714 12670 230 2715 12671 232 2716 12672 230 2715 12673 246 2714 12674 233 549 12675 232 2716 12676 246 2714 12677 245 547 12678 233 549 12679 246 2714 12680 245 547 12681 246 2714 12682 243 2712 12683 244 536 12684 245 547 12685 243 2712 12686 244 536 12687 243 2712 12688 242 537 12689 241 2678 12690 231 2717 12691 227 2718 12692 241 2678 12693 229 2706 12694 231 2717 12695 229 2706 12696 241 2678 12697 240 2680 12698 237 2719 12699 239 546 12700 238 613 12701 237 2719 12702 236 545 12703 239 546 12704 221 2720 12705 165 611 12706 163 2721 12707 165 611 12708 221 2720 12709 238 613 12710 221 2720 12711 222 2722 12712 238 613 12713 237 2719 12714 238 613 12715 222 2722 12716 223 2723 12717 237 2719 12718 222 2722 12719 236 545 12720 237 2719 12721 223 2723 12722 224 2724 12723 236 545 12724 223 2723 12725 236 545 12726 224 2724 12727 235 544 12728 224 2724 12729 225 2725 12730 235 544 12731 225 2725 12732 234 550 12733 235 544 12734 225 2725 12735 226 2726 12736 234 550 12737 226 2726 12738 233 549 12739 234 550 12740 233 549 12741 226 2726 12742 227 2718 12743 232 2716 12744 233 549 12745 227 2718 12746 231 2717 12747 232 2716 12748 227 2718 12749 230 2715 12750 232 2716 12751 231 2717 12752 229 2706 12753 230 2715 12754 231 2717 12755 230 2715 12756 229 2706 12757 228 2707 12758 226 2726 12759 217 2727 12760 227 2718 12761 217 2727 12762 226 2726 12763 218 2728 12764 220 2729 12765 218 2728 12766 226 2726 12767 225 2725 12768 220 2729 12769 226 2726 12770 220 2729 12771 225 2725 12772 224 2724 12773 223 2723 12774 220 2729 12775 224 2724 12776 220 2729 12777 223 2723 12778 219 2730 12779 223 2723 12780 222 2722 12781 219 2730 12782 219 2730 12783 222 2722 12784 163 2721 12785 222 2722 12786 221 2720 12787 163 2721 12788 218 2728 12789 220 2729 12790 219 2730 12791 168 2731 12792 175 2732 12793 167 2733 12794 175 2732 12795 194 2734 12796 167 2733 12797 194 2734 12798 166 2735 12799 167 2733 12800 166 2735 12801 194 2734 12802 163 2721 12803 194 2734 12804 210 2736 12805 163 2721 12806 210 2736 12807 219 2730 12808 163 2721 12809 219 2730 12810 210 2736 12811 209 2737 12812 219 2730 12813 209 2737 12814 218 2728 12815 213 2738 12816 218 2728 12817 209 2737 12818 218 2728 12819 213 2738 12820 217 2727 12821 213 2738 12822 211 2739 12823 217 2727 12824 216 2677 12825 217 2727 12826 211 2739 12827 216 2677 12828 211 2739 12829 215 408 12830 211 2739 12831 212 2740 12832 215 408 12833 212 2740 12834 214 410 12835 215 408 12836 214 410 12837 212 2740 12838 206 412 12839 212 2740 12840 208 2741 12841 206 412 12842 208 2741 12843 195 2742 12844 206 412 12845 211 2739 12846 213 2738 12847 209 2737 12848 209 2737 12849 208 2741 12850 211 2739 12851 208 2741 12852 212 2740 12853 211 2739 12854 210 2736 12855 194 2734 12856 209 2737 12857 208 2741 12858 209 2737 12859 194 2734 12860 195 2742 12861 208 2741 12862 194 2734 12863 207 414 12864 206 412 12865 197 415 12866 206 412 12867 195 2742 12868 197 415 12869 200 2635 12870 205 2634 12871 202 341 12872 191 2743 12873 181 2744 12874 183 2745 12875 204 2746 12876 191 2743 12877 183 2745 12878 183 2745 12879 185 2747 12880 204 2746 12881 185 2747 12882 196 2748 12883 204 2746 12884 204 2746 12885 196 2748 12886 193 2749 12887 193 2749 12888 192 2750 12889 204 2746 12890 192 2750 12891 191 2743 12892 204 2746 12893 203 354 12894 201 423 12895 202 341 12896 201 423 12897 200 2635 12898 202 341 12899 198 424 12900 200 2635 12901 201 423 12902 198 424 12903 199 2636 12904 200 2635 12905 198 424 12906 187 2637 12907 199 2636 12908 187 2637 12909 198 424 12910 197 415 12911 185 2747 12912 187 2637 12913 197 415 12914 196 2748 12915 185 2747 12916 197 415 12917 195 2742 12918 196 2748 12919 197 415 12920 196 2748 12921 195 2742 12922 193 2749 12923 193 2749 12924 195 2742 12925 194 2734 12926 194 2734 12927 175 2732 12928 193 2749 12929 175 2732 12930 192 2750 12931 193 2749 12932 192 2750 12933 175 2732 12934 177 2751 12935 191 2743 12936 192 2750 12937 177 2751 12938 178 2752 12939 191 2743 12940 177 2751 12941 181 2744 12942 191 2743 12943 178 2752 12944 179 2753 12945 181 2744 12946 178 2752 12947 174 833 12948 190 831 12949 180 225 12950 190 831 12951 189 226 12952 180 225 12953 188 222 12954 186 2754 12955 184 223 12956 175 2732 12957 176 2755 12958 177 2751 12959 188 222 12960 187 2637 12961 186 2754 12962 187 2637 12963 185 2747 12964 186 2754 12965 184 223 12966 186 2754 12967 185 2747 12968 183 2745 12969 184 223 12970 185 2747 12971 182 224 12972 184 223 12973 183 2745 12974 181 2744 12975 182 224 12976 183 2745 12977 182 224 12978 181 2744 12979 180 225 12980 181 2744 12981 179 2753 12982 180 225 12983 179 2753 12984 174 833 12985 180 225 12986 174 833 12987 179 2753 12988 178 2752 12989 173 2756 12990 174 833 12991 178 2752 12992 173 2756 12993 178 2752 12994 177 2751 12995 172 2757 12996 173 2756 12997 177 2751 12998 171 2758 12999 172 2757 13000 177 2751 13001 176 2755 13002 171 2758 13003 177 2751 13004 171 2758 13005 176 2755 13006 170 2759 13007 170 2759 13008 176 2755 13009 168 2731 13010 176 2755 13011 175 2732 13012 168 2731 13013 169 2760 13014 170 2759 13015 168 2731 13016 174 833 13017 173 2756 13018 158 834 13019 157 2761 13020 158 834 13021 173 2756 13022 173 2756 13023 172 2757 13024 157 2761 13025 156 2762 13026 157 2761 13027 172 2757 13028 171 2758 13029 156 2762 13030 172 2757 13031 156 2762 13032 171 2758 13033 155 2763 13034 155 2763 13035 171 2758 13036 170 2759 13037 155 2763 13038 170 2759 13039 154 2764 13040 170 2759 13041 169 2760 13042 154 2764 13043 169 2760 13044 153 2765 13045 154 2764 13046 153 2765 13047 169 2760 13048 168 2731 13049 130 2766 13050 153 2765 13051 168 2731 13052 130 2766 13053 168 2731 13054 167 2733 13055 128 610 13056 130 2766 13057 167 2733 13058 167 2733 13059 166 2735 13060 128 610 13061 166 2735 13062 164 608 13063 128 610 13064 164 608 13065 166 2735 13066 163 2721 13067 165 611 13068 164 608 13069 163 2721 13070 162 796 13071 161 832 13072 160 794 13073 161 832 13074 158 834 13075 160 794 13076 158 834 13077 159 2767 13078 160 794 13079 159 2767 13080 142 792 13081 160 794 13082 142 792 13083 159 2767 13084 145 2768 13085 159 2767 13086 158 834 13087 145 2768 13088 158 834 13089 148 2769 13090 145 2768 13091 158 834 13092 157 2761 13093 148 2769 13094 149 2770 13095 148 2769 13096 157 2761 13097 156 2762 13098 149 2770 13099 157 2761 13100 149 2770 13101 156 2762 13102 150 2771 13103 150 2771 13104 156 2762 13105 155 2763 13106 155 2763 13107 151 2772 13108 150 2771 13109 151 2772 13110 155 2763 13111 154 2764 13112 151 2772 13113 154 2764 13114 152 2773 13115 154 2764 13116 153 2765 13117 152 2773 13118 153 2765 13119 132 2774 13120 152 2773 13121 132 2774 13122 153 2765 13123 130 2766 13124 152 2773 13125 132 2774 13126 134 2775 13127 137 2776 13128 152 2773 13129 134 2775 13130 137 2776 13131 151 2772 13132 152 2773 13133 147 2777 13134 151 2772 13135 137 2776 13136 151 2772 13137 147 2777 13138 150 2771 13139 150 2771 13140 147 2777 13141 146 2778 13142 146 2778 13143 149 2770 13144 150 2771 13145 149 2770 13146 146 2778 13147 145 2768 13148 149 2770 13149 145 2768 13150 148 2769 13151 144 2779 13152 142 792 13153 145 2768 13154 138 2780 13155 147 2777 13156 137 2776 13157 146 2778 13158 147 2777 13159 138 2780 13160 139 2781 13161 146 2778 13162 138 2780 13163 141 2782 13164 146 2778 13165 139 2781 13166 146 2778 13167 141 2782 13168 145 2768 13169 141 2782 13170 126 2783 13171 145 2768 13172 126 2783 13173 144 2779 13174 145 2768 13175 144 2779 13176 126 2783 13177 116 788 13178 142 792 13179 144 2779 13180 116 788 13181 143 789 13182 142 792 13183 116 788 13184 126 2783 13185 141 2782 13186 140 2784 13187 140 2784 13188 141 2782 13189 139 2781 13190 119 2785 13191 118 2786 13192 117 2787 13193 126 2783 13194 119 2785 13195 117 2787 13196 119 2785 13197 126 2783 13198 120 2788 13199 121 2789 13200 120 2788 13201 126 2783 13202 121 2789 13203 126 2783 13204 140 2784 13205 121 2789 13206 140 2784 13207 122 2790 13208 140 2784 13209 139 2781 13210 122 2790 13211 139 2781 13212 123 2791 13213 122 2790 13214 123 2791 13215 139 2781 13216 138 2780 13217 125 662 13218 123 2791 13219 138 2780 13220 125 662 13221 138 2780 13222 137 2776 13223 136 660 13224 125 662 13225 137 2776 13226 136 660 13227 137 2776 13228 134 2775 13229 136 660 13230 134 2775 13231 135 651 13232 135 651 13233 134 2775 13234 133 652 13235 132 2774 13236 133 652 13237 134 2775 13238 133 652 13239 132 2774 13240 131 643 13241 131 643 13242 132 2774 13243 130 2766 13244 131 643 13245 130 2766 13246 129 642 13247 130 2766 13248 128 610 13249 129 642 13250 129 642 13251 128 610 13252 127 609 13253 126 2783 13254 117 2787 13255 116 788 13256 123 2791 13257 125 662 13258 124 663 13259 124 663 13260 103 665 13261 123 2791 13262 103 665 13263 122 2790 13264 123 2791 13265 104 2792 13266 122 2790 13267 103 665 13268 104 2792 13269 121 2789 13270 122 2790 13271 121 2789 13272 104 2792 13273 105 2793 13274 120 2788 13275 121 2789 13276 105 2793 13277 105 2793 13278 106 2794 13279 120 2788 13280 106 2794 13281 119 2785 13282 120 2788 13283 119 2785 13284 106 2794 13285 107 2795 13286 118 2786 13287 119 2785 13288 107 2795 13289 107 2795 13290 108 2796 13291 118 2786 13292 108 2796 13293 110 2797 13294 118 2786 13295 118 2786 13296 110 2797 13297 117 2787 13298 110 2797 13299 113 2798 13300 117 2787 13301 117 2787 13302 113 2798 13303 116 788 13304 113 2798 13305 115 2799 13306 116 788 13307 115 2799 13308 114 786 13309 116 788 13310 115 2799 13311 113 2798 13312 114 786 13313 113 2798 13314 112 2800 13315 114 786 13316 113 2798 13317 110 2797 13318 112 2800 13319 110 2797 13320 111 2801 13321 112 2800 13322 111 2801 13323 110 2797 13324 109 2802 13325 110 2797 13326 108 2796 13327 109 2802 13328 96 2803 13329 109 2802 13330 108 2796 13331 97 2804 13332 96 2803 13333 108 2796 13334 108 2796 13335 107 2795 13336 97 2804 13337 107 2795 13338 98 2805 13339 97 2804 13340 98 2805 13341 107 2795 13342 106 2794 13343 100 2806 13344 98 2805 13345 106 2794 13346 106 2794 13347 105 2793 13348 100 2806 13349 105 2793 13350 101 2807 13351 100 2806 13352 101 2807 13353 105 2793 13354 104 2792 13355 102 2808 13356 101 2807 13357 104 2792 13358 102 2808 13359 104 2792 13360 103 665 13361 102 2808 13362 103 665 13363 99 679 13364 102 2808 13365 99 679 13366 101 2807 13367 100 2806 13368 101 2807 13369 99 679 13370 100 2806 13371 99 679 13372 98 2805 13373 92 2809 13374 93 680 13375 73 681 13376 99 679 13377 93 680 13378 94 2810 13379 99 679 13380 94 2810 13381 98 2805 13382 98 2805 13383 94 2810 13384 95 2811 13385 97 2804 13386 98 2805 13387 95 2811 13388 97 2804 13389 95 2811 13390 96 2803 13391 95 2811 13392 87 2812 13393 96 2803 13394 95 2811 13395 86 2813 13396 87 2812 13397 95 2811 13398 94 2810 13399 86 2813 13400 94 2810 13401 88 2814 13402 86 2813 13403 93 680 13404 88 2814 13405 94 2810 13406 83 2815 13407 88 2814 13408 93 680 13409 92 2809 13410 83 2815 13411 93 680 13412 92 2809 13413 74 2816 13414 83 2815 13415 92 2809 13416 73 681 13417 74 2816 13418 78 2817 13419 91 2818 13420 79 2819 13421 91 2818 13422 80 2820 13423 79 2819 13424 80 2820 13425 91 2818 13426 90 2821 13427 81 2822 13428 80 2820 13429 90 2821 13430 81 2822 13431 90 2821 13432 82 2823 13433 90 2821 13434 89 2824 13435 82 2823 13436 82 2823 13437 89 2824 13438 84 2825 13439 86 2813 13440 88 2814 13441 83 2815 13442 86 2813 13443 85 2826 13444 87 2812 13445 85 2826 13446 86 2813 13447 83 2815 13448 84 2825 13449 85 2826 13450 83 2815 13451 83 2815 13452 82 2823 13453 84 2825 13454 74 2816 13455 82 2823 13456 83 2815 13457 82 2823 13458 74 2816 13459 69 2827 13460 81 2822 13461 82 2823 13462 69 2827 13463 69 2827 13464 67 2828 13465 81 2822 13466 67 2828 13467 80 2820 13468 81 2822 13469 80 2820 13470 67 2828 13471 66 2829 13472 79 2819 13473 80 2820 13474 66 2829 13475 79 2819 13476 66 2829 13477 65 2830 13478 79 2819 13479 65 2830 13480 78 2817 13481 65 2830 13482 77 2831 13483 78 2817 13484 64 2832 13485 77 2831 13486 65 2830 13487 76 682 13488 71 692 13489 73 681 13490 71 692 13491 76 682 13492 75 683 13493 74 2816 13494 72 2833 13495 69 2827 13496 73 681 13497 72 2833 13498 74 2816 13499 71 692 13500 72 2833 13501 73 681 13502 69 2827 13503 72 2833 13504 71 692 13505 70 694 13506 69 2827 13507 71 692 13508 70 694 13509 68 696 13510 69 2827 13511 68 696 13512 67 2828 13513 69 2827 13514 67 2828 13515 68 696 13516 40 698 13517 66 2829 13518 67 2828 13519 40 698 13520 66 2829 13521 40 698 13522 42 2834 13523 66 2829 13524 42 2834 13525 65 2830 13526 65 2830 13527 42 2834 13528 44 2835 13529 50 2836 13530 65 2830 13531 44 2835 13532 50 2836 13533 64 2832 13534 65 2830 13535 50 2836 13536 51 2837 13537 64 2832 13538 51 2837 13539 63 2280 13540 64 2832 13541 51 2837 13542 62 2278 13543 63 2280 13544 51 2837 13545 46 2838 13546 62 2278 13547 46 2838 13548 47 2839 13549 62 2278 13550 53 2840 13551 54 2841 13552 55 2842 13553 61 2843 13554 53 2840 13555 55 2842 13556 55 2842 13557 56 2844 13558 61 2843 13559 56 2844 13560 60 2845 13561 61 2843 13562 60 2845 13563 56 2844 13564 57 2846 13565 58 2847 13566 60 2845 13567 57 2846 13568 18 2848 13569 59 2849 13570 20 2850 13571 20 2850 13572 59 2849 13573 58 2847 13574 57 2846 13575 20 2850 13576 58 2847 13577 20 2850 13578 57 2846 13579 34 2851 13580 34 2851 13581 57 2846 13582 35 2852 13583 57 2846 13584 56 2844 13585 35 2852 13586 35 2852 13587 56 2844 13588 48 2853 13589 56 2844 13590 55 2842 13591 48 2853 13592 48 2853 13593 55 2842 13594 49 2854 13595 55 2842 13596 54 2841 13597 49 2854 13598 49 2854 13599 54 2841 13600 43 2855 13601 54 2841 13602 45 2856 13603 43 2855 13604 54 2841 13605 53 2840 13606 45 2856 13607 53 2840 13608 52 2857 13609 45 2856 13610 45 2856 13611 52 2857 13612 47 2839 13613 44 2835 13614 46 2838 13615 50 2836 13616 46 2838 13617 51 2837 13618 50 2836 13619 43 2855 13620 41 2858 13621 38 2859 13622 49 2854 13623 43 2855 13624 38 2859 13625 49 2854 13626 38 2859 13627 36 2860 13628 48 2853 13629 49 2854 13630 36 2860 13631 48 2853 13632 36 2860 13633 35 2852 13634 46 2838 13635 45 2856 13636 47 2839 13637 45 2856 13638 46 2838 13639 44 2835 13640 43 2855 13641 45 2856 13642 44 2835 13643 44 2835 13644 42 2834 13645 43 2855 13646 42 2834 13647 41 2858 13648 43 2855 13649 40 698 13650 41 2858 13651 42 2834 13652 38 2859 13653 41 2858 13654 40 698 13655 39 75 13656 38 2859 13657 40 698 13658 38 2859 13659 39 75 13660 37 77 13661 36 2860 13662 38 2859 13663 37 77 13664 37 77 13665 28 79 13666 36 2860 13667 28 79 13668 29 2861 13669 36 2860 13670 36 2860 13671 29 2861 13672 35 2852 13673 35 2852 13674 29 2861 13675 30 2862 13676 34 2851 13677 35 2852 13678 30 2862 13679 34 2851 13680 30 2862 13681 32 2863 13682 32 2863 13683 20 2850 13684 34 2851 13685 19 2864 13686 20 2850 13687 32 2863 13688 28 79 13689 33 81 13690 22 84 13691 30 2862 13692 31 2865 13693 32 2863 13694 15 2866 13695 17 2867 13696 19 2864 13697 24 2868 13698 15 2866 13699 19 2864 13700 24 2868 13701 19 2864 13702 32 2863 13703 24 2868 13704 32 2863 13705 23 2869 13706 32 2863 13707 31 2865 13708 23 2869 13709 23 2869 13710 31 2865 13711 26 2870 13712 26 2870 13713 31 2865 13714 30 2862 13715 27 2871 13716 26 2870 13717 30 2862 13718 30 2862 13719 29 2861 13720 27 2871 13721 29 2861 13722 28 79 13723 27 2871 13724 27 2871 13725 28 79 13726 22 84 13727 27 2871 13728 22 84 13729 26 2870 13730 22 84 13731 21 2872 13732 26 2870 13733 26 2870 13734 21 2872 13735 25 2873 13736 21 2872 13737 7 2874 13738 25 2873 13739 25 2873 13740 7 2874 13741 11 2875 13742 7 2874 13743 9 2876 13744 11 2875 13745 25 2873 13746 23 2869 13747 26 2870 13748 25 2873 13749 11 2875 13750 23 2869 13751 11 2875 13752 13 2877 13753 23 2869 13754 23 2869 13755 13 2877 13756 15 2866 13757 24 2868 13758 23 2869 13759 15 2866 13760 5 86 13761 21 2872 13762 22 84 13763 7 2874 13764 21 2872 13765 5 86 13766 19 2864 13767 18 2848 13768 20 2850 13769 19 2864 13770 17 2867 13771 18 2848 13772 17 2867 13773 0 2878 13774 18 2848 13775 17 2867 13776 2 2879 13777 0 2878 13778 2 2879 13779 17 2867 13780 15 2866 13781 16 2880 13782 2 2879 13783 15 2866 13784 16 2880 13785 15 2866 13786 14 2881 13787 15 2866 13788 13 2877 13789 14 2881 13790 14 2881 13791 13 2877 13792 12 2882 13793 13 2877 13794 11 2875 13795 12 2882 13796 12 2882 13797 11 2875 13798 10 101 13799 11 2875 13800 9 2876 13801 10 101 13802 10 101 13803 9 2876 13804 8 95 13805 8 95 13806 9 2876 13807 7 2874 13808 6 96 13809 8 95 13810 7 2874 13811 6 96 13812 7 2874 13813 5 86 13814 6 96 13815 5 86 13816 3 90 13817 5 86 13818 4 88 13819 3 90 13820 2 2879 13821 1 2883 13822 0 2878 13823</p>
        </triangles>
      </mesh>
    </geometry>
  </library_geometries>
  <library_controllers>
    <controller id="male_portal_player_ARM_portal_player_reference_smd-skin" name="male_portal_player_ARM">
      <skin source="#player_male_portal_player_mdl_Body_portal_player_reference_smd_-mesh">
        <bind_shape_matrix>1 0 0 0 0 1 0 0 0 0 1 0 0 0 0 1</bind_shape_matrix>
        <source id="male_portal_player_ARM_portal_player_reference_smd-skin-joints">
          <Name_array id="male_portal_player_ARM_portal_player_reference_smd-skin-joints-array" count="61">ValveBiped_Bip01_Pelvis ValveBiped_Bip01_Spine ValveBiped_Bip01_Spine1 ValveBiped_Bip01_Spine2 ValveBiped_Bip01_Spine4 ValveBiped_Bip01_Neck1 ValveBiped_Bip01_Head1 ValveBiped_forward ValveBiped_Bip01_R_Clavicle ValveBiped_Bip01_R_UpperArm ValveBiped_Bip01_R_Forearm ValveBiped_Bip01_R_Hand ValveBiped_Anim_Attachment_RH ValveBiped_Bip01_L_Clavicle ValveBiped_Bip01_L_UpperArm ValveBiped_Bip01_L_Forearm ValveBiped_Bip01_L_Hand ValveBiped_Anim_Attachment_LH ValveBiped_Bip01_R_Thigh ValveBiped_Bip01_R_Calf ValveBiped_Bip01_R_Foot ValveBiped_Bip01_R_Toe0 ValveBiped_Bip01_L_Thigh ValveBiped_Bip01_L_Calf ValveBiped_Bip01_L_Foot ValveBiped_Bip01_L_Toe0 ValveBiped_Bip01_L_Finger4 ValveBiped_Bip01_L_Finger41 ValveBiped_Bip01_L_Finger42 ValveBiped_Bip01_L_Finger3 ValveBiped_Bip01_L_Finger31 ValveBiped_Bip01_L_Finger32 ValveBiped_Bip01_L_Finger2 ValveBiped_Bip01_L_Finger21 ValveBiped_Bip01_L_Finger22 ValveBiped_Bip01_L_Finger1 ValveBiped_Bip01_L_Finger11 ValveBiped_Bip01_L_Finger12 ValveBiped_Bip01_L_Finger0 ValveBiped_Bip01_L_Finger01 ValveBiped_Bip01_L_Finger02 ValveBiped_Bip01_R_Finger4 ValveBiped_Bip01_R_Finger41 ValveBiped_Bip01_R_Finger42 ValveBiped_Bip01_R_Finger3 ValveBiped_Bip01_R_Finger31 ValveBiped_Bip01_R_Finger32 ValveBiped_Bip01_R_Finger2 ValveBiped_Bip01_R_Finger21 ValveBiped_Bip01_R_Finger22 ValveBiped_Bip01_R_Finger1 ValveBiped_Bip01_R_Finger11 ValveBiped_Bip01_R_Finger12 ValveBiped_Bip01_R_Finger0 ValveBiped_Bip01_R_Finger01 ValveBiped_Bip01_R_Finger02 ValveBiped_Bip01_L_Wrist ValveBiped_Bip01_L_Bicep ValveBiped_Weapon_bone ValveBiped_Bip01_R_Wrist ValveBiped_Bip01_R_Trapezius</Name_array>
          <technique_common>
            <accessor source="#male_portal_player_ARM_portal_player_reference_smd-skin-joints-array" count="61" stride="1">
              <param name="JOINT" type="name"/>
            </accessor>
          </technique_common>
        </source>
        <source id="male_portal_player_ARM_portal_player_reference_smd-skin-bind_poses">
          <float_array id="male_portal_player_ARM_portal_player_reference_smd-skin-bind_poses-array" count="976">0.05780345 0 0 0 0 0 0.05780345 -0.7346997 0 -0.05780345 0 -0.01016563 0 0 0 1 0 0.004981935 0.05758833 -0.7994733 0 -0.05758833 0.004981935 -0.02234834 0.05780345 0 0 3.74002e-7 0 0 0 1 0 0.00666356 0.0574181 -0.8749946 0 -0.0574181 0.00666356 -0.04795122 0.05780345 0 0 4.72546e-7 0 0 0 1 0 8.78619e-4 0.05779677 -0.9420884 0 -0.05779677 8.78622e-4 0.04664999 0.05780345 0 0 4.63867e-7 0 0 0 1 0 -0.01028579 0.05688095 -1.082558 0 -0.05688095 -0.01028579 0.2603439 0.05780345 0 0 4.61155e-7 0 0 0 1 0 -0.03164732 0.04837024 -0.953423 1.86393e-7 0.04837024 0.03164732 -0.6863497 -0.05780345 1.41162e-7 0 -2.32368e-6 0 0 0 1 0 -0.00993812 0.0569427 -1.21001 1.67462e-7 0.0569427 0.00993818 -0.2262679 -0.05780345 1.56173e-7 0 -9.59729e-7 0 0 0 1 -1.92172e-7 -0.05765551 0.004132628 -0.1378496 0.05780345 -1.88515e-7 0 0 0 0.004132628 0.05765551 -1.251949 0 0 0 1 -0.05548346 -3.20007e-4 -0.01620864 0.2862235 -0.01613456 -0.004545867 0.05531948 -1.104395 -0.001580953 0.05762356 0.00427407 -0.1235545 0 0 0 1 -0.03727781 0.002715528 -0.04409343 0.7532365 0.001753211 0.05773961 0.002073705 -0.07273113 0.04414212 0 -0.037319 0.8316686 0 0 0 1 -0.03731566 -7.73198e-4 -0.04413819 0.5339158 -4.99137e-4 0.05779826 -5.90501e-4 -0.04059004 0.04414218 0 -0.037319 0.8316683 0 0 0 1 -0.04178637 0.001770794 -0.03989988 0.222819 -0.0399152 1.49066e-4 0.04180902 -0.8605648 0.001383721 0.05777615 0.001115024 -0.04943364 0 0 0 1 0.03991258 -1.49013e-4 -0.04181146 0.8279535 -0.001383721 -0.05777615 -0.001114964 0.04943269 -0.04178881 0.001770794 -0.03989732 0.1717884 0 0 0 1 0.0554834 -3.19984e-4 -0.01620894 0.2862284 0.01620674 -3.98725e-4 0.05548352 -1.110413 -4.1896e-4 -0.05780118 -2.93004e-4 0.04397761 0 0 0 1 0.03727757 0.002715408 -0.0440936 0.7532396 -0.001753032 0.05773961 0.002073705 -0.07273149 0.04414236 0 0.03731876 -0.831665 0 0 0 1 0.03731542 -7.73252e-4 -0.04413837 0.5339184 4.99245e-4 0.05779826 -5.90496e-4 -0.0405904 0.04414236 0 0.03731876 -0.8316649 0 0 0 1 0.04178655 0.001770853 -0.0398997 0.222815 0.03992509 -3.27403e-4 0.04179853 -0.8601267 0.001054525 -0.05777537 -0.001459777 0.05652844 0 0 0 1 0.03992724 -3.27391e-4 0.0417965 -0.8274956 0.001054465 -0.05777537 -0.001459896 0.05652964 0.04178446 0.001770853 -0.03990191 0.1718783 0 0 0 1 -3.01585e-4 0.002995371 -0.05772501 0.7338429 1.56706e-5 0.05772578 0.002995371 -0.02790021 0.05780267 0 -3.01992e-4 0.07795059 0 0 0 1 -3.00869e-4 0.004966676 -0.05758887 0.3926516 2.59794e-5 0.0575897 0.004966616 -0.04134505 0.05780267 0 -3.01988e-4 0.07795059 0 0 0 1 -0.002523124 -0.04814517 -0.03188908 0.07032519 0.001977562 0.03182876 -0.04821056 0.05164146 0.05771446 -0.003195405 2.57817e-4 0.07895022 0 0 0 1 -0.003025114 -0.05772423 0 -0.07890707 -0.004433035 2.32263e-4 -0.05763274 0.003104746 0.05755376 -0.003016173 -0.004439115 0.07969909 0 0 0 1 3.01454e-4 0.002995014 -0.05772501 0.733843 -1.56191e-5 0.05772578 0.002995014 -0.02789586 0.05780267 0 3.01859e-4 -0.07794868 0 0 0 1 3.00734e-4 0.004967212 -0.05758887 0.3926513 -2.59281e-5 0.05758965 0.004967153 -0.04134684 0.05780267 0 3.0185e-4 -0.07794862 0 0 0 1 0.002523183 -0.04814511 -0.03188914 0.07032573 -0.001360237 0.03186118 -0.0482105 0.05079382 0.05773234 0.002854883 2.57807e-4 -0.07949638 0 0 0 1 0.003025233 -0.05772423 0 -0.07890647 -1.63903e-4 -8.52202e-6 -0.05780321 0.009441137 0.05772399 0.003025233 -1.64124e-4 -0.07919704 0 0 0 1 -0.004252135 0.01012378 -0.05675089 0.7351566 0.05096274 0.02725708 0.001043856 -0.4717022 0.02694362 -0.04995793 -0.01093077 -0.02766078 0 0 0 1 -0.025801 -0.001959323 -0.05168855 0.8436213 0.04430454 0.02897369 -0.0232135 -0.1245271 0.02669548 -0.0499792 -0.01143085 -0.01950877 0 0 0 1 -0.03588342 -0.008660674 -0.04448157 0.8352968 0.03674834 0.02763944 -0.03502649 0.07986199 0.02651745 -0.0500229 -0.01165211 -0.01535707 0 0 0 1 -2.19732e-4 0.005686283 -0.05752265 0.719093 0.05693989 0.009924829 7.63595e-4 -0.498563 0.00995171 -0.05666041 -0.005639076 0.0412662 0 0 0 1 -0.01422291 0.003330945 -0.05592721 0.7907949 0.05514675 0.01101636 -0.0133683 -0.314153 0.00988841 -0.0566461 -0.005888521 0.04479253 0 0 0 1 -0.03602451 -0.001156806 -0.04518997 0.8286713 0.04416853 0.01140081 -0.03550207 0.03526985 0.009623467 -0.05665618 -0.006221294 0.05089324 0 0 0 1 0.0126037 0.002915859 -0.05633723 0.5991693 0.05630314 -0.004245579 0.0123763 -0.6248524 -0.003513574 -0.05757355 -0.00376594 0.1154386 0 0 0 1 -0.008388698 0.004561185 -0.05700933 0.752053 0.05708062 -0.002918779 -0.008632719 -0.3803984 -0.003559887 -0.05754923 -0.004080533 0.1195899 0 0 0 1 -0.02043795 0.005258977 -0.05381327 0.7933191 0.05394816 -0.001871347 -0.02067208 -0.2149958 -0.003622949 -0.05753326 -0.004246532 0.1220375 0 0 0 1 0.01580542 -7.78298e-4 -0.05559515 0.5642546 0.05227482 -0.01948171 0.01513421 -0.6197386 -0.01894122 -0.05441594 -0.004623115 0.2368556 0 0 0 1 -0.003709495 0.00641179 -0.05732685 0.7159541 0.05448055 -0.01848852 -0.00559318 -0.3906227 -0.01895648 -0.05439025 -0.004856705 0.2397746 0 0 0 1 -0.01672935 0.01083499 -0.05425834 0.7682331 0.05196505 -0.01638835 -0.01929491 -0.2108936 -0.01899999 -0.05436235 -0.004997491 0.2417693 0 0 0 1 0.001510798 -0.03515464 -0.04585963 0.6046651 0.02044242 0.04323375 -0.03246825 0.2572316 0.05404686 -0.01536977 0.01356261 -0.5836626 0 0 0 1 0.005703151 -0.02433234 -0.05212146 0.6183038 0.01956868 0.05007368 -0.0212351 0.1212874 0.05409044 -0.01554995 0.01317793 -0.5791112 0 0 0 1 0.01166749 -0.004798769 -0.05640989 0.6060847 0.01627022 0.0554499 -0.001351892 -0.0979157 0.05422532 -0.01560503 0.0125432 -0.5723188 0 0 0 1 0.004251837 0.01012384 -0.05675089 0.7351566 -0.05081874 0.02752238 0.001102268 -0.4715531 0.02721428 0.04981231 0.01092499 0.03017014 0 0 0 1 0.025801 -0.001959204 -0.05168855 0.8436238 -0.04417562 0.0292139 -0.02315813 -0.1244326 0.02690833 0.04983925 0.01154249 0.02010601 0 0 0 1 0.0358833 -0.008660495 -0.04448169 0.8352996 -0.03662425 0.0278728 -0.03497153 0.07993024 0.02668875 0.04989331 0.0118156 0.01498258 0 0 0 1 2.19583e-4 0.005686283 -0.05752265 0.7190942 -0.05688244 0.01024675 7.95792e-4 -0.498792 0.0102753 0.05660307 0.005634605 -0.03843075 0 0 0 1 0.01422286 0.003330886 -0.05592721 0.7907971 -0.05509144 0.01132839 -0.01333558 -0.3143965 0.01019221 0.05658453 0.005962073 -0.04306036 0 0 0 1 0.03602451 -0.001156866 -0.04518997 0.8286736 -0.04411977 0.01168441 -0.03547048 0.03501552 0.009844601 0.05659836 0.006398975 -0.05106943 0 0 0 1 -0.01260381 0.002915918 -0.05633717 0.5991698 -0.05632585 -0.00385046 0.01240199 -0.6256319 -0.003127157 0.05760133 0.003680944 -0.1111496 0 0 0 1 0.008388817 0.004561007 -0.05700933 0.7520561 -0.0571022 -0.002550065 -0.008606493 -0.3811552 -0.003194153 0.05756676 0.004135608 -0.1171492 0 0 0 1 0.02043801 0.005258977 -0.05381327 0.7933216 -0.05396968 -0.001511394 -0.02064514 -0.2157539 -0.003285348 0.05754387 0.004375755 -0.1206902 0 0 0 1 -0.01580554 -7.78297e-4 -0.05559509 0.5642554 -0.05240875 -0.0190925 0.01516693 -0.6214166 -0.01856732 0.05455374 0.004514873 -0.2324234 0 0 0 1 0.003709316 0.006411731 -0.05732685 0.7159553 -0.0546059 -0.01812487 -0.005560457 -0.3922175 -0.01859223 0.0545125 0.004893958 -0.2371616 0 0 0 1 0.01672941 0.01083499 -0.05425834 0.7682357 -0.05208706 -0.01603573 -0.01926213 -0.212455 -0.01866286 0.05446738 0.005122423 -0.240398 0 0 0 1 -0.001510858 -0.03515458 -0.04585969 0.6046673 -0.02018398 0.04330676 -0.03253263 0.2600169 0.0541439 0.01516306 -0.01340734 0.582428 0 0 0 1 -0.005703389 -0.02433228 -0.05212152 0.6183044 -0.01931679 0.05014556 -0.02129608 0.1239794 0.05418092 0.01531672 -0.01307916 0.5785435 0 0 0 1 -0.01166754 -0.00479865 -0.05640989 0.6060863 -0.016034 0.05551731 -0.001406311 -0.09542614 0.05429565 0.01536357 -0.01253718 0.5727404 0 0 0 1 0.03731542 -7.73252e-4 -0.04413837 0.3151921 4.54893e-4 0.05779826 -6.27992e-4 -0.03975474 0.04414284 5.80613e-5 0.03731817 -0.8317055 0 0 0 1 0.03727757 0.002715408 -0.0440936 0.6473216 -0.001753032 0.05773961 0.002073705 -0.07273149 0.04414236 0 0.03731876 -0.8316649 0 0 0 1 0.05767083 8.00355e-7 -0.003913104 0.05162489 0.003912866 -6.28255e-4 0.05766743 0.03155857 -4.17368e-5 -0.05780005 -6.26869e-4 0.008113741 0 0 0 1 -0.03731566 -7.73289e-4 -0.04413819 0.3151895 -1.23541e-4 0.05779618 -9.08122e-4 -0.03351074 0.0441448 -4.91906e-4 -0.03731262 0.8319836 0 0 0 1 -0.05548346 -3.19976e-4 -0.01620864 0.1877928 -0.01613456 -0.004545867 0.05531948 -1.104395 -0.001580893 0.0576235 0.00427407 -0.1235546 0 0 0 1</float_array>
          <technique_common>
            <accessor source="#male_portal_player_ARM_portal_player_reference_smd-skin-bind_poses-array" count="61" stride="16">
              <param name="TRANSFORM" type="float4x4"/>
            </accessor>
          </technique_common>
        </source>
        <source id="male_portal_player_ARM_portal_player_reference_smd-skin-weights">
          <float_array id="male_portal_player_ARM_portal_player_reference_smd-skin-weights-array" count="4190">1 1 1 1 1 1 1 1 1 1 1 1 1 1 1 1 1 1 1 1 1 1 1 1 1 1 1 1 1 1 1 1 1 1 1 1 1 1 1 1 1 1 1 1 1 1 1 1 1 1 1 1 1 1 1 1 1 1 1 1 1 1 1 1 1 1 1 1 1 1 1 1 1 1 1 1 1 1 1 1 1 1 1 1 1 1 1 1 1 1 1 1 1 1 1 1 1 1 1 1 1 1 1 1 1 1 1 1 1 1 1 1 1 1 1 1 1 1 1 1 1 1 1 1 1 1 1 1 1 1 1 1 1 1 1 1 1 1 1 1 1 1 1 1 1 1 1 1 1 1 1 1 1 1 1 1 1 1 1 1 1 1 1 1 1 1 1 1 1 1 1 1 1 1 1 1 1 1 1 1 1 1 1 1 1 1 1 1 1 1 1 1 1 1 1 1 1 1 1 1 1 1 1 1 1 1 1 1 1 1 1 1 1 1 1 1 1 1 1 1 1 1 1 1 1 1 1 1 1 1 1 1 1 1 1 1 1 1 1 1 1 1 1 1 1 1 1 1 1 1 1 1 1 1 1 1 1 1 1 1 1 1 1 1 1 1 1 1 1 1 1 1 1 1 1 1 1 1 1 1 1 1 1 1 1 1 1 1 1 1 1 1 1 1 1 1 1 1 1 1 1 1 1 1 1 1 1 1 1 1 1 1 1 1 1 1 1 1 1 1 1 1 1 1 1 1 1 1 1 1 1 1 1 1 1 1 1 1 1 1 1 1 1 1 1 1 1 1 1 1 1 1 1 1 1 1 1 1 1 1 1 1 1 1 1 1 1 1 1 1 1 1 1 1 1 1 1 1 1 1 1 1 1 1 1 1 1 1 1 1 1 1 1 1 1 1 1 1 1 1 1 1 1 1 1 1 1 1 1 1 1 1 1 1 1 1 1 1 1 1 1 1 1 1 1 1 1 1 1 0.201201 0.798799 0.2907555 0.7092446 0.4446306 0.5553695 0.121267 0.878733 0.5623179 0.4376822 0.394129 0.605871 0.394129 0.605871 1 0.8730292 0.1269708 0.301016 0.698984 0.1110219 0.6876493 0.2013288 0.1566939 0.767835 0.07547098 0.08262991 0.7750253 0.1423448 0.376682 0.623318 0.9126256 0.08737438 0.7512869 0.05676269 0.1919505 0.713496 0.286504 0.7573113 0.2426887 0.1042456 0.8957545 0.1875809 0.1020725 0.7103465 0.8592403 0.1407597 0.1912997 0.6609134 0.1477869 0.1823237 0.6161589 0.2015175 0.6650675 0.1221056 0.2128269 0.8793072 0.1206928 0.4258564 0.5741436 0.05941796 0.708219 0.232363 0.2941686 0.7058314 1 1 0.321192 0.678808 0.3706282 0.08886283 0.540509 0.586303 0.413697 0.484373 0.515627 0.07992905 0.384338 0.5357329 0.05277395 0.5616865 0.3855397 0.05732798 0.416445 0.526227 0.41749 0.58251 0.12059 0.87941 0.109298 0.890702 1 1 0.103272 0.896728 0.469636 0.530364 0.09970009 0.4009793 0.4993205 0.6527599 0.3472401 0.3440867 0.5569464 0.09896689 0.284243 0.616068 0.099689 0.415623 0.513099 0.07127797 0.8346327 0.1653673 1 1 1 0.167698 0.832302 0.1320645 0.8679356 0.6271226 0.3728774 0.837731 0.05986398 0.102405 0.6600145 0.2279672 0.1120184 0.4922224 0.2451908 0.2625867 0.4126091 0.1935214 0.3938696 0.2695078 0.07443982 0.6560523 0.2076169 0.7923831 0.2352727 0.4493982 0.3153291 0.2200381 0.4949921 0.2849696 0.212931 0.09453499 0.692534 0.190705 0.06578898 0.743506 1 0.07210946 0.9278905 1 0.05955076 0.9404492 1 0.210795 0.09120297 0.698002 0.2298355 0.4419024 0.328262 0.2385694 0.6750266 0.08640396 1 1 1 1 0.07480388 0.7727496 0.1524466 0.06492495 0.78814 0.146935 0.111079 0.277974 0.610947 0.1309951 0.4272104 0.4417944 0.718361 0.1699873 0.1116517 0.7687757 0.2312244 0.5641909 0.3311678 0.1046412 0.3664541 0.2519612 0.3815846 0.2380395 0.1124101 0.6495504 0.2023419 0.6619319 0.1357262 0.252759 0.2708827 0.4763582 0.2051502 0.08307206 0.7117778 0.3191112 0.3071281 0.3737607 0.6417855 0.2809631 0.07725143 1 1 0.1642488 0.8357512 0.2485027 0.1820917 0.5694054 0.2544798 0.5199682 0.2255522 0.2506794 0.1731593 0.5761614 0.324203 0.309578 0.366219 0.5745744 0.3340519 0.09137362 0.7574028 0.1118391 0.1307582 0.1142202 0.374925 0.5108548 1 1 1 0.06123554 0.9387645 0.1480709 0.8519291 0.259162 0.2259458 0.5148922 0.2703638 0.5334087 0.1962275 0.2582113 0.2153077 0.5264809 0.280478 0.386977 0.332545 0.5773793 0.3348004 0.08782029 0.1122055 0.569069 0.3187255 0.4148008 0.4317541 0.1534451 1 1 0.1829259 0.058088 0.758986 0.2663143 0.292408 0.4412777 0.2244543 0.6894989 0.08604675 0.2554401 0.2615821 0.4829779 0.273124 0.402742 0.324134 0.423651 0.374032 0.2023169 0.2760873 0.2015682 0.5223445 0.2093877 0.731765 0.0588473 0.2076169 0.7923831 0.176828 0.05266898 0.770503 0.2241433 0.4604567 0.3154 0.4126091 0.1935214 0.3938696 0.63507 0.2368794 0.1280505 0.2200381 0.4949921 0.2849696 0.190705 0.06578898 0.743506 1 1 1 1 0.08665299 0.913347 1 1 1 1 1 1 1 1 1 1 1 1 1 0.309595 0.690405 0.3706282 0.08886283 0.540509 0.5610107 0.1532118 0.2857775 0.3014666 0.6985334 1 1 0.9229556 0.07704442 1 1 1 1 1 1 1 0.9461298 0.05387014 0.06571811 0.934282 0.1539053 0.8460948 0.1750881 0.8249119 0.1700109 0.08406651 0.7459226 1 1 1 0.131498 0.1813584 0.6871436 0.1528159 0.500132 0.3470521 0.3512644 0.1703048 0.4784308 0.2257928 0.6791666 0.09504044 0.5526057 0.3382564 0.109138 0.3263772 0.2339941 0.4396287 0.1693041 0.1017287 0.7289671 0.1566326 0.8433675 0.1240234 0.8759767 0.681019 0.2198402 0.09914082 0.3453361 0.09000998 0.5646539 0.6648113 0.0861963 0.2489923 0.3126385 0.05666315 0.6306984 0.5603979 0.0720008 0.3676012 0.3692186 0.07845735 0.5523241 0.5394153 0.1004591 0.3601256 0.3979376 0.1409873 0.4610751 0.5572714 0.200577 0.2421516 0.3849967 0.2368274 0.3781759 1 1 0.5028266 0.4971734 1 0.494422 0.505578 1 1 0.8275194 0.1724806 1 1 0.06492203 0.7880957 0.1469821 0.130987 0.427351 0.441662 0.423651 0.374032 0.2023169 0.899132 0.100868 0.63507 0.2368794 0.1280505 0.8060594 0.1303119 0.06362861 0.4148008 0.4317541 0.1534451 0.6665503 0.2017338 0.1317158 1 0.06487798 0.787798 0.147324 1 0.06480699 0.788462 0.146731 1 0.06485706 0.7884388 0.1467041 0.1131048 0.4507885 0.4361065 0.06490898 0.788301 0.14679 1 0.1112781 0.2787943 0.6099277 0.113656 0.377935 0.508409 0.5773793 0.3348004 0.08782029 0.1122055 0.569069 0.3187255 0.1309951 0.4272104 0.4417944 0.111079 0.277974 0.610947 0.130987 0.427351 0.441662 0.1131048 0.4507885 0.4361065 0.1112781 0.2787943 0.6099277 0.113656 0.377935 0.508409 1 1 1 1 1 1 1 1 1 1 1 1 0.1142202 0.374925 0.5108548 1 0.5 0.5 0.5 0.5 1 0.5 0.5 0.5 0.5 1 1 0.5 0.5 1 1 1 1 1 1 1 1 1 1 1 0.5 0.5 1 1 1 1 1 1 0.5 0.5 0.5 0.5 0.5 0.5 1 1 1 1 1 1 1 1 1 1 1 1 1 1 1 1 1 0.5 0.5 1 1 1 1 1 0.09503674 0.3789986 0.5259647 0.09503674 0.3789986 0.5259647 0.09503674 0.3789986 0.5259647 1 0.113656 0.377935 0.508409 0.113656 0.377935 0.508409 1 1 1 0.09503674 0.3789986 0.5259647 1 1 1 1 0.5 0.5 1 0.5 0.5 1 0.2883141 0.5416924 0.1699935 1 0.5 0.5 1 1 1 1 1 1 1 1 1 1 1 1 0.738874 0.261126 1 0.858849 0.141151 0.749023 0.250977 1 1 0.858849 0.141151 1 1 0.738873 0.261127 0.749024 0.250976 0.858849 0.141151 0.6040219 0.2609164 0.1350617 0.1735163 0.1242853 0.7021983 0.3314121 0.1339527 0.5346351 0.601 0.194334 0.204666 0.721 0.134271 0.144729 0.510992 0.1055624 0.3834456 0.7750536 0.1134699 0.1114764 0.4267823 0.5732178 0.6573618 0.05099749 0.2916408 0.1620735 0.8379265 1 1 1 1 1 0.498 0.502 0.498 0.502 0.138 0.862 1 1 1 1 1 0.8246811 0.1753189 1 0.7443411 0.255659 1 0.2465244 0.7534756 0.2465244 0.7534756 0.8475682 0.1524317 0.6601428 0.3398572 0.8475682 0.1524317 0.7242904 0.2757095 1 1 1 0.06299996 0.937 0.7242904 0.2757095 0.7242904 0.2757095 1 0.7443988 0.2556012 0.7443988 0.2556012 0.3937803 0.6062197 0.3937803 0.6062197 0.3775504 0.6224496 0.3909717 0.6090283 0.7827057 0.2172942 0.7827057 0.2172942 0.259258 0.740742 1 1 1 0.0843243 0.9156756 1 1 1 1 0.272988 0.622858 0.104154 0.349587 0.650413 0.239521 0.760479 0.213484 0.786516 0.259258 0.740742 0.1981683 0.8018317 0.4074398 0.5925602 0.4074398 0.5925602 0.8307015 0.1692985 0.8307015 0.1692985 1 0.6601428 0.3398572 0.7443411 0.255659 1 0.8307015 0.1692985 0.8307015 0.1692985 0.4074398 0.5925602 0.4074398 0.5925602 0.1981683 0.8018317 0.8297344 0.1702656 0.279117 0.467296 0.253587 1 1 1 0.7769411 0.2230588 1 1 0.498 0.502 1 1 1 1 0.7769408 0.2230592 1 1 1 1 1 0.498 0.502 0.862696 0.137304 0.498 0.502 0.498 0.502 0.498 0.502 1 1 1 0.85914 0.14086 1 1 1 1 1 0.05416524 0.9458348 1 0.863945 0.1360549 0.834582 0.165418 1 0.08001387 0.06773334 0.8522528 0.1256271 0.8743729 0.1937335 0.8062665 0.1363868 0.8636132 0.2220922 0.2303038 0.547604 0.4521018 0.5478982 0.5025739 0.1790595 0.3183666 0.6518476 0.2013116 0.1468408 0.2992969 0.7007031 0.4465616 0.5534384 0.1346147 0.8653852 0.1864109 0.8135891 0.1203529 0.8796471 0.6023795 0.1766825 0.2209379 0.6033912 0.2024915 0.1941173 0.2220922 0.2303038 0.547604 0.5030206 0.1976109 0.2993684 0.3080355 0.6919646 0.2889393 0.7110607 0.102482 0.897518 1 0.3450044 0.4917826 0.1632129 1 1 1 1 1 0.3450044 0.4917826 0.1632129 1 0.05444246 0.9455575 0.1024264 0.8975737 0.2889252 0.7110748 0.862737 0.137263 1 0.86368 0.1363199 1 0.5 0.5 0.5 0.5 1 1 1 1 0.1971344 0.8028657 0.114602 0.885398 0.8483789 0.1516211 0.77751 0.22249 0.777158 0.222842 0.834355 0.165645 0.744742 0.255258 0.746742 0.253258 0.883374 0.116626 0.90898 0.09101998 0.2415406 0.7584593 0.7331371 0.2668629 0.932701 0.067299 0.799263 0.2007369 0.899221 0.1007789 0.9380553 0.06194466 0.2757372 0.7242628 1 1 1 1 0.5 0.5 1 0.5 0.5 1 1 1 0.06713068 0.9328694 0.4181667 0.5818333 0.9458389 0.05416113 0.93321 0.06678998 0.844165 0.155835 0.1593341 0.8406659 0.5 0.5 1 1 1 0.3113738 0.5803827 0.1082435 0.490044 0.4114144 0.09854167 1 1 0.5 0.5 1 1 0.1645672 0.7606945 0.07473826 0.601 0.194334 0.204666 0.721 0.134271 0.144729 0.7750536 0.1134699 0.1114764 0.6040219 0.2609164 0.1350617 0.3937803 0.6062197 0.08319097 0.916809 0.7827057 0.2172942 0.7443988 0.2556012 0.7242904 0.2757095 0.7242904 0.2757095 0.873737 0.126263 1 1 1 1 1 0.5 0.5 1 1 1 0.5 0.5 1 1 1 0.6840644 0.3159356 0.737904 0.262096 1 1 1 1 1 1 0.6033912 0.2024915 0.1941173 0.6040219 0.2609164 0.1350617 0.3450044 0.4917826 0.1632129 1 1 1 0.5 0.5 1 1 1 1 0.8027607 0.1972393 0.8307015 0.1692985 0.2108929 0.7891071 0.2108929 0.7891071 1 0.08319097 0.916809 1 0.213484 0.786516 1 0.239521 0.760479 1 0.158177 0.841823 0.08432406 0.9156759 0.272988 0.622859 0.104153 1 0.2791167 0.4672976 0.2535858 1 1 1 0.831428 0.168572 0.831428 0.168572 0.873737 0.126263 0.2465239 0.7534761 0.8564177 0.1435824 0.8564177 0.1435824 0.1859781 0.8140218 1 1 0.2465239 0.7534761 0.1984969 0.8015031 0.186334 0.813666 0.3937803 0.6062197 0.858074 0.141926 0.7242904 0.2757095 1 1 1 0.2108929 0.7891071 0.8307015 0.1692985 0.1859781 0.8140218 0.7769411 0.2230588 0.7769411 0.2230588 1 1 1 1 0.8027607 0.1972393 0.830683 0.169317 1 1 1 0.06713068 0.9328694 0.0544849 0.9455151 1 1 0.1971502 0.8028498 0.2415406 0.7584593 0.3538857 0.6461144 0.5571136 0.4428865 0.2757372 0.7242628 0.1146163 0.8853836 0.848531 0.151469 0.908982 0.09101796 0.883374 0.116626 0.89928 0.10072 0.932978 0.06702196 0.879076 0.120924 0.778134 0.221866 0.777643 0.222357 0.834355 0.165645 0.746742 0.253258 0.744976 0.255024 0.800465 0.199535 0.844165 0.155835 0.93321 0.06678998 0.447 0.553 0.77751 0.22249 0.834355 0.165645 0.447 0.553 0.746742 0.253258 0.447 0.553 0.744742 0.255258 0.447 0.553 0.799263 0.2007369 0.447 0.553 0.844165 0.155835 0.447 0.553 0.447 0.553 0.447 0.553 0.844165 0.155835 0.800465 0.199535 0.744976 0.255024 0.447 0.553 0.746742 0.253258 0.447 0.553 0.834355 0.165645 0.447 0.553 0.777643 0.222357 0.447 0.553 0.447 0.553 0.778134 0.221866 0.879076 0.120924 0.447 0.553 0.777158 0.222842 0.447 0.553 0.495 0.505 0.505 0.495 0.505 0.495 0.505 0.495 0.447 0.553 0.447 0.553 0.447 0.553 1 1 1 0.495 0.505 0.495 0.505 0.505 0.495 0.447 0.553 0.447 0.553 0.447 0.553 0.447 0.553 0.447 0.553 0.447 0.553 0.5 0.5 1 1 0.5 0.5 0.297195 0.310725 0.39208 1 0.201 0.799 0.495 0.505 0.505 0.495 0.447 0.553 0.447 0.553 0.447 0.553 0.447 0.553 0.505 0.495 0.505 0.495 0.495 0.505 0.201 0.799 0.2883141 0.5416924 0.1699935 0.495 0.505 0.495 0.505 0.505 0.495 0.447 0.553 0.447 0.553 0.447 0.553 0.447 0.553 0.447 0.553 0.495 0.505 0.505 0.495 0.447 0.553 0.447 0.553 0.447 0.553 0.447 0.553 0.447 0.553 0.447 0.553 0.447 0.553 0.505 0.495 0.495 0.505 1 1 1 0.495 0.505 0.495 0.505 0.505 0.495 0.505 0.495 0.447 0.553 0.447 0.553 0.447 0.553 0.447 0.553 0.505 0.495 0.495 0.505 0.9331361 0.06686395 0.9331361 0.06686395 0.447 0.553 1 1 0.8628772 0.1371228 0.276 0.724 0.505 0.495 0.495 0.505 0.9331361 0.06686395 0.309 0.543817 0.147183 0.502 0.498 1 0.508 0.492 1 0.495 0.505 0.628 0.315084 0.05691599 0.9331361 0.06686395 0.495 0.505 0.505 0.495 0.628 0.315084 0.05691599 0.249 0.751 0.495 0.505 0.508 0.492 0.508 0.492 0.508 0.492 1 1 1 0.745 0.255 1 0.249 0.751 0.628 0.315084 0.05691599 0.775 0.225 0.775 0.225 0.775 0.225 1 1 0.5 0.5 0.492796 0.3880417 0.1191622 1 0.5 0.5 0.297195 0.310725 0.39208 1 1 1 1 0.508 0.492 0.063672 0.401328 0.535 0.111 0.699643 0.189357 0.249 0.751 1 0.508 0.492 1 0.237 0.763 1 1 0.508 0.492 1 1 1 1 1 1 1 1 1 1 1 1 0.336 0.664 0.733 0.210129 0.05687099 0.607 0.393 0.757 0.191241 0.051759 1 1 1 1 1 1 1 0.5 0.5 1 1 1 0.2008808 0.7250969 0.07402229 1 1 1 0.1897168 0.8102832 1 0.5 0.5 1 1 1 1 0.5 0.5 0.5 0.5 1 1 1 1 1 1 0.5 0.5 0.5 0.5 1 1 1 1 1 0.2008808 0.7250969 0.07402229 1 0.5 0.5 1 1 1 1 1 1 1 1 1 1 1 1 1 1 1 1 0.5 0.5 1 1 1 0.5 0.5 1 1 1 1 1 1 1 0.258 0.742 0.1897171 0.810283 0.3600009 0.539525 0.1004741 0.495 0.505 0.495 0.505 0.201 0.799 0.201 0.799 0.201 0.799 0.258 0.742 0.258 0.742 0.5 0.5 0.5 0.5 0.258 0.742 0.201 0.799 0.201 0.799 1 1 0.5 0.5 0.5 0.5 1 1 0.492796 0.3880417 0.1191622 0.201 0.799 0.258 0.742 0.5 0.5 0.5 0.5 0.5 0.5 0.495 0.505 1 1 1 1 1 1 0.5 0.5 1 1 1 0.5 0.5 0.495 0.505 0.201 0.799 0.201 0.799 0.201 0.799 0.5 0.5 1 1 1 0.495 0.505 0.5 0.5 0.5 0.5 0.495 0.505 0.495 0.505 0.201 0.799 0.5 0.5 0.5 0.5 0.5 0.5 0.5 0.5 1 0.103272 0.896728 0.167698 0.832302 0.469636 0.530364 0.09970009 0.4009793 0.4993205 0.41749 0.58251 0.109298 0.890702 1 1 1 1 0.12059 0.87941 0.05732798 0.416445 0.526227 0.05277395 0.5616865 0.3855397 0.6527599 0.3472401 0.3440867 0.5569464 0.09896689 0.07992905 0.384338 0.5357329 0.586303 0.413697 0.1912997 0.6609134 0.1477869 0.8592403 0.1407597 0.1042456 0.8957545 0.1320645 0.8679356 0.6271226 0.3728774 0.415623 0.513099 0.07127797 0.3706282 0.08886283 0.540509 0.8346327 0.1653673 0.484373 0.515627 0.284243 0.616068 0.099689 0.713496 0.286504 0.1875809 0.1020725 0.7103465 0.6650675 0.1221056 0.2128269 0.4258564 0.5741436 0.321192 0.678808 0.08262991 0.7750253 0.1423448 0.05941796 0.708219 0.232363 0.5623179 0.4376822 0.2941679 0.7058321 0.121267 0.878733 1 1 1 0.201201 0.798799 0.08665299 0.913347 0.2907555 0.7092446 1 1 1 0.4446295 0.5553705 0.1566939 0.767835 0.07547098 0.1110219 0.6876493 0.2013288 1 1 1 0.394129 0.605871 0.394129 0.605871 1 0.301016 0.698984 0.494422 0.505578 0.376682 0.623318 0.8793072 0.1206928 1 1 1 1 1 1 1 1 1 1 0.8730292 0.1269708 1 1 0.1823237 0.6161589 0.2015175 0.1700109 0.08406651 0.7459226 0.3849967 0.2368274 0.3781759 0.3979376 0.1409873 0.4610751 0.1750881 0.8249119 0.9461298 0.05387014 0.06571811 0.934282 0.1240234 0.8759767 0.1566326 0.8433675 0.1693041 0.1017287 0.7289671 1 0.131498 0.1813584 0.6871436 1 0.1539053 0.8460948 0.3126385 0.05666315 0.6306984 0.3453361 0.09000998 0.5646539 0.3263772 0.2339941 0.4396287 0.3014666 0.6985334 0.8493948 0.1506052 0.307393 0.692607 0.46897 0.53103 0.9229556 0.07704442 0.6648113 0.0861963 0.2489923 0.5603979 0.0720008 0.3676012 1 1 1 0.2941679 0.7058321 0.05941796 0.708219 0.232363 0.309595 0.690405 0.1528159 0.500132 0.3470521 0.681019 0.2198402 0.09914082 1 1 1 0.06490898 0.788301 0.14679 0.06492203 0.7880957 0.1469821 0.1131048 0.4507885 0.4361065 0.8060594 0.1303119 0.06362861 0.899132 0.100868 1 0.06487798 0.787798 0.147324 0.06480699 0.788462 0.146731 0.06485706 0.7884388 0.1467041 1 1 0.5526057 0.3382564 0.109138 0.5610107 0.1532118 0.2857775 0.321192 0.678808 0.6665503 0.2017338 0.1317158 0.3706282 0.08886283 0.540509 1 0.167698 0.832302 0.09970009 0.4009793 0.4993205 0.114086 0.335706 0.550208 0.07992905 0.384338 0.5357329 0.6014407 0.2294172 0.169142 0.2257928 0.6791666 0.09504044 0.3512644 0.1703048 0.4784308 1 0.7688558 0.1622032 0.06894105 0.249488 0.750512 0.8706229 0.1293771 0.505786 0.345457 0.148757 0.104697 0.291158 0.604145 0.05478894 0.945211 1 1 1 0.12059 0.87941 0.05732798 0.416445 0.526227 0.415623 0.513099 0.07127797 0.8346327 0.1653673 0.1320645 0.8679356 0.6887391 0.3112608 0.63507 0.2368794 0.1280505 0.4126091 0.1935214 0.3938696 0.6600145 0.2279672 0.1120184 0.6271226 0.3728774 0.837731 0.05986398 0.102405 0.423651 0.374032 0.2023169 0.4148008 0.4317541 0.1534451 0.5773793 0.3348004 0.08782029 0.1122055 0.569069 0.3187255 0.113656 0.377935 0.508409 0.1112781 0.2787943 0.6099277 1 1 1 1 1 1 1 1 1 1 1 1 1 1 1 0.130987 0.427351 0.441662 1 1 1 1 1 1 1 1 0.5 0.5 0.5 0.5 1 1 1 1 1 1 1 1 1 1 1 1 1 1 1 1 0.09503674 0.3789986 0.5259647 0.113656 0.377935 0.508409 0.1122055 0.569069 0.3187255 0.1142202 0.374925 0.5108548 0.1309951 0.4272104 0.4417944 1 1 0.07480388 0.7727496 0.1524466 0.111079 0.277974 0.610947 0.06492495 0.78814 0.146935 1 0.9126256 0.08737438 0.8275194 0.1724806 0.7573113 0.2426887 0.5028266 0.4971734 0.5572714 0.200577 0.2421516 1 0.3692186 0.07845735 0.5523241 0.5394153 0.1004591 0.3601256 1 1 0.307393 0.692607 0.2941686 0.7058314 0.05941796 0.708219 0.232363 1 1 0.08665299 0.913347 0.46897 0.53103 0.8493948 0.1506052 0.321192 0.678808 1 0.505786 0.345457 0.148757 0.8346327 0.1653673 0.8706229 0.1293771 0.415623 0.513099 0.07127797 0.104697 0.291158 0.604145 0.05732798 0.416445 0.526227 0.05478894 0.945211 0.12059 0.87941 1 1 1 1 0.167698 0.832302 0.114086 0.335706 0.550208 0.09970009 0.4009793 0.4993205 0.6014407 0.2294172 0.169142 0.07992905 0.384338 0.5357329 0.249488 0.750512 0.6887391 0.3112608 0.7688558 0.1622032 0.06894105 1 1 1 0.6600145 0.2279672 0.1120184 0.837731 0.05986398 0.102405 0.6271226 0.3728774 0.1320645 0.8679356 0.4126091 0.1935214 0.3938696 0.749023 0.250977 0.375174 0.624826 0.738874 0.261126 0.358295 0.641705 0.10332 0.89668 0.135574 0.864426 1 1 0.495 0.505 0.505 0.495 0.505 0.495 0.749023 0.250977 0.858849 0.141151 0.709989 0.290011 0.434597 0.565403 0.358295 0.641705 0.135574 0.864426 0.11365 0.88635 1 1 1 1 0.10332 0.89668 0.129045 0.870955 0.375174 0.624826 0.229192 0.770808 0.639852 0.360148 0.738874 0.261126 1 1 1 1 1 1 1 1 1 1 0.919246 0.08075398 0.738874 0.261126 1 1 1 1 1 1 1 1 1 1 1 1 1 1 1 1 1 1 1 1 1 1 1 1 1 1 1 1 1 1 1 1 1 1 1 1 1 1 1 1 1 1 1 0.358296 0.641704 0.749024 0.250976 0.738873 0.261127 0.375171 0.624829 0.135576 0.864424 0.103316 0.896684 1 1 0.4573832 0.5426168 0.26873 0.73127 0.521759 0.478241 0.213484 0.786516 0.08284097 0.917159 0.093149 0.906851 0.239521 0.760479 0.08343499 0.916565 0.158177 0.841823 1 0.9010976 0.0989024 0.272988 0.622859 0.104153 0.2791167 0.4672976 0.2535858 0.4002065 0.5997935 0.4382441 0.561756 0.252328 0.747672 0.376511 0.623489 0.17879 0.82121 0.122272 0.877728 1 0.10163 0.89837 0.05901795 0.940982 0.102159 0.897841 0.140938 0.859062 0.211796 0.788204 0.287335 0.712665 0.257059 0.742941 0.186982 0.813018 0.46292 0.53708 0.256044 0.582174 0.161782 0.7588723 0.2411277 0.858849 0.141151 1 1 0.08319097 0.916809 1 1 0.093149 0.906851 0.213484 0.786516 0.2108929 0.7891071 1 0.256044 0.582174 0.161782 1 0.498 0.502 0.498 0.502 1 1 0.834582 0.165418 1 0.08001387 0.06773334 0.8522528 0.2220922 0.2303038 0.547604 0.6033912 0.2024915 0.1941173 0.5 0.5 1 0.5 0.5 1 0.5 0.5 1 0.5 0.5 1 0.258 0.742 1 0.201 0.799 1 1 1 1 1 0.201 0.799 1 1 1 1 1 0.201 0.799 0.201 0.799 1 0.495 0.505 0.5 0.5 1 1 1 1 1 1 0.122269 0.877731 0.376508 0.623492 0.1787852 0.8212149 0.462917 0.537083 0.8297344 0.1702656 0.438241 0.5617591 0.279117 0.467296 0.253587 0.4002065 0.5997935 0.272988 0.622858 0.104154 0.4573848 0.5426152 0.287338 0.712662 0.2118 0.7882 0.102161 0.897839 0.25706 0.74294 0.101628 0.898372 0.1869789 0.813021 0.252324 0.747676 0.239521 0.760479 0.213484 0.786516 0.093149 0.906851 0.08284097 0.917159 0.08343499 0.916565 0.09444296 0.905557 0.349587 0.650413 0.154667 0.747773 0.09755998 0.52176 0.47824 0.268734 0.731266 0.140943 0.859057 0.05901998 0.94098 1 1 0.093149 0.906851 0.213484 0.786516 0.259258 0.740742 1 0.1981683 0.8018317 0.07236784 0.9276322 0.858849 0.141151 0.758872 0.241128 0.122269 0.877731 1 1 0.11365 0.88635 0.376508 0.623492 0.434597 0.565403 0.758872 0.241128 0.709989 0.290011 0.858849 0.141151 0.08284097 0.917159 0.093149 0.906851 1 1 0.08343499 0.916565 1 1 0.09444296 0.905557 0.919246 0.08075398 0.154667 0.747773 0.09755998 0.52176 0.47824 0.639852 0.360148 0.268734 0.731266 0.229192 0.770808 0.140943 0.859057 0.129045 0.870955 0.05901998 0.94098 1 1 1 0.07236784 0.9276322 0.858849 0.141151 0.07236784 0.9276322 1 1 1 1 1 1 1 0.7588723 0.2411277 0.858849 0.141151 0.70999 0.29001 0.376511 0.623489 0.4346 0.5654 0.122272 0.877728 0.113654 0.886346 1 1 0.05901795 0.940982 1 0.140938 0.859062 0.12904 0.87096 0.26873 0.73127 0.229187 0.770813 0.521759 0.478241 0.639851 0.360149 0.9010976 0.0989024 0.919246 0.08075398 1 1 1 0.08343499 0.916565 0.08284097 0.917159 1 0.093149 0.906851 1 1 1 1 1 1 1 1 1 1 1 1 1 1 1 1 1 1 1 1 1 1 1 1 0.093149 0.906851 0.2695078 0.07443982 0.6560523 0.3664541 0.2519612 0.3815846 0.4922224 0.2451908 0.2625867 0.2385694 0.6750266 0.08640396 0.2352727 0.4493982 0.3153291 0.2298355 0.4419024 0.328262 0.212931 0.09453499 0.692534 0.210795 0.09120297 0.698002 1 0.07210946 0.9278905 1 1 0.05955076 0.9404492 0.2051502 0.08307206 0.7117778 0.252759 0.2708827 0.4763582 0.2023419 0.6619319 0.1357262 0.7687757 0.2312244 0.7512869 0.05676269 0.1919505 0.5641909 0.3311678 0.1046412 0.3191112 0.3071281 0.3737607 0.2380395 0.1124101 0.6495504 0.2506794 0.1731593 0.5761614 0.2544798 0.5199682 0.2255522 0.2485027 0.1820917 0.5694054 0.1642488 0.8357512 1 1 0.6417855 0.2809631 0.07725143 0.324203 0.309578 0.366219 0.5745744 0.3340519 0.09137362 0.7574028 0.1118391 0.1307582 0.718361 0.1699873 0.1116517 0.259162 0.2259458 0.5148922 0.2703638 0.5334087 0.1962275 0.1480709 0.8519291 0.06123554 0.9387645 1 1 1 0.5773793 0.3348004 0.08782029 0.280478 0.386977 0.332545 0.2582113 0.2153077 0.5264809 0.2663143 0.292408 0.4412777 0.2244543 0.6894989 0.08604675 0.2554401 0.2615821 0.4829779 0.273124 0.402742 0.324134 0.4148008 0.4317541 0.1534451 1 0.176828 0.05266898 0.770503 0.1829259 0.058088 0.758986 0.2241433 0.4604567 0.3154 0.2093877 0.731765 0.0588473 0.2760873 0.2015682 0.5223445 0.423651 0.374032 0.2023169 0.4126091 0.1935214 0.3938696 0.2076169 0.7923831 0.2200381 0.4949921 0.2849696 0.190705 0.06578898 0.743506 1 1 0.63507 0.2368794 0.1280505 1 1 0.9458859 0.0541141 0.5 0.5 1 0.5 0.5 1 0.5 0.5 1 1 1 0.5 0.5 1 1 1 1 1 1 1 1 1 1 1 0.5 0.5 0.5 0.5 0.5 0.5 1 1 1 1 1 1 0.5 0.5 1 1 1 1 1 1 1 1 1 1 1 1 1 1 0.12 0.88 0.775 0.225 0.775 0.225 0.12 0.88 0.063672 0.401328 0.535 1 1 1 0.12 0.88 1 1 1 0.775 0.225 0.775 0.225 1 0.495 0.505 1 0.508 0.492 1 0.508 0.492 1 0.508 0.492 1 0.508 0.492 0.508 0.492 1 1 1 1 1 1 1 1 1 1 1 1 1 1 1 1 1 0.08665299 0.913347 1 1 1 1 1 1 1 1 1 1 1 1 1 0.738873 0.261127 0.919246 0.08075398 0.639851 0.360149 1 1 1 1 1 1 1 0.229187 0.770813 0.738873 0.261127 0.375171 0.624829 0.103316 0.896684 0.12904 0.87096 1 1 1 1 0.113654 0.886346 0.135576 0.864424 0.358296 0.641704 0.4346 0.5654 0.70999 0.29001 0.749024 0.250976 0.858849 0.141151 1 1 1 1 1 1 1 1 1 1 1 1 1 1 1 1 1 1 1 1 1 1 1 1 1 1 1 1 1 1 1 1 1 1 1 1 1 1 1 1 1 1 1 1 1 1 1 1 1 1 1 1 1 1 1 1 1 1 1 1 1 1 1 1 1 1 1 1 1 1 1 1 1 1 1 1 1 1 1 1 1 1 1 1 1 1 1 1 1 1 1 1 1 1 1 1 1 1 1 1 1 1 1 1 1 1 1 1 1 1 1 1 1 1 1 1 1 1 1 1 1 1 1 1 1 1 1 1 1 1 1 1 1 1 1 1 1 1 1 1 1 1 1 1 1 1 1 1 1 1 1 1 1 1 1 1 1 1 1 1 1 1 1 1 1 1 1 1 1 1 1 1 1 1 1 1 1 1 1 1 1 1 1 1 1 1 1 1 1 1 1 1 1 1 1 1 1 1 1 1 1 1 1 1 1 1 1 1 1 1 1 1 1 1 1 1 1 1 1 1 1 1 1 1 1 1 1 1 1 1 1 1 1 1 1 1 1 1 1 1 1 1 1 1 1 1 1 1 1 1 1 1 1 1 1 1 1 1 1 1 1 1 1 1 1 1 1 1 1 1 1 1 1 1 1 1 1 1 1 1 1 1 1 1 1 1 1 1 1 1 1 1 1 1 1 1 1 1 1 1 1 1 1 1 1 1 1 1 1 1 1 1 1 1 1 1 1 1 1 1 1 1 1 1 1 1 1 1 1 1 1 1 1 1 1 1 1 1 1 1 1 1 1 1 1 1 1 1 1 1 1 1 1 1 1 1 1 1 1 1 1 1 1 1 1 1 1 1 1 1 1 1 1 1 1 1 1 1 1 1 1 1 1 1 1 1 1 1 1 1 1 1 1 1 1 1 1 1 1 1 1 1 1 1 1 1 1 1 1 1 1 1 1 1 1 1 1 1 1 1 1 1 1 1 1 1 1 1 1 1 1 1 1 1 1 1 1 1 1 1 1 1 1 1 1 1 1 1 1 1 1 1 1 1 1 1 1 1 1 1 1 1 1 1 1 1 1 1 1 1 1 1 1 1 1 1 1 1 1 1 1 1 1 1 1 1 1 1 1 1 1 1 1 1 1 1 1 1 1 1 1 1 1 1 1 1 1 1 1 1 1 1 1 1 1 1 1 1 1 1 1 1 1 1 1 1 1 1 1 1 1 1 1 1 1 1 1 1 1 1 1 1 1 1 1 1 1 1 1 1 1 1 1 1 1 1 1 1 1 1 1 1 1 1 1 1 1 1 1 1 1 1 1 1 1 1 1 1 1 1 1 1 1 1 1 1 1 1 1 1 1 1 1 1 1 1 1 1 1 1 1 1 1 1 1 1 1 1 1 1 1 1 1 1 1 1 1 1 1 1 1 1 1 1 1 1 1 1 1 1 1 1 1 1 1 1 1 1 1 1 1 1 1 1 1 1 1 1 1 1 1 1 1 1 1 1 1 1 1 1 1 1 1 1 1 1 1 1 1 1 1 1 1 1 1 1 1 1 1 1 1 1 1 1 1 1 1 1 1 1 1 1 1 1 1 1 1 1 1 1 1 1 1 1 1 1 1 1 1 1 1 1 1 1 1 1 1 0.07236784 0.9276322 1 1 1 1 1 1 0.093149 0.906851 1 1 1 0.07236784 0.9276322 1 1 1 1 1 1 0.190705 0.06578898 0.743506 0.2200381 0.4949921 0.2849696 0.2076169 0.7923831 0.4126091 0.1935214 0.3938696 0.6600145 0.2279672 0.1120184 0.837731 0.05986398 0.102405</float_array>
          <technique_common>
            <accessor source="#male_portal_player_ARM_portal_player_reference_smd-skin-weights-array" count="4190" stride="1">
              <param name="WEIGHT" type="float"/>
            </accessor>
          </technique_common>
        </source>
        <joints>
          <input semantic="JOINT" source="#male_portal_player_ARM_portal_player_reference_smd-skin-joints"/>
          <input semantic="INV_BIND_MATRIX" source="#male_portal_player_ARM_portal_player_reference_smd-skin-bind_poses"/>
        </joints>
        <vertex_weights count="2880">
          <input semantic="JOINT" source="#male_portal_player_ARM_portal_player_reference_smd-skin-joints" offset="0"/>
          <input semantic="WEIGHT" source="#male_portal_player_ARM_portal_player_reference_smd-skin-weights" offset="1"/>
          <vcount>1 1 1 1 1 1 1 1 1 1 1 1 1 1 1 1 1 1 1 1 1 1 1 1 1 1 1 1 1 1 1 1 1 1 1 1 1 1 1 1 1 1 1 1 1 1 1 1 1 1 1 1 1 1 1 1 1 1 1 1 1 1 1 1 1 1 1 1 1 1 1 1 1 1 1 1 1 1 1 1 1 1 1 1 1 1 1 1 1 1 1 1 1 1 1 1 1 1 1 1 1 1 1 1 1 1 1 1 1 1 1 1 1 1 1 1 1 1 1 1 1 1 1 1 1 1 1 1 1 1 1 1 1 1 1 1 1 1 1 1 1 1 1 1 1 1 1 1 1 1 1 1 1 1 1 1 1 1 1 1 1 1 1 1 1 1 1 1 1 1 1 1 1 1 1 1 1 1 1 1 1 1 1 1 1 1 1 1 1 1 1 1 1 1 1 1 1 1 1 1 1 1 1 1 1 1 1 1 1 1 1 1 1 1 1 1 1 1 1 1 1 1 1 1 1 1 1 1 1 1 1 1 1 1 1 1 1 1 1 1 1 1 1 1 1 1 1 1 1 1 1 1 1 1 1 1 1 1 1 1 1 1 1 1 1 1 1 1 1 1 1 1 1 1 1 1 1 1 1 1 1 1 1 1 1 1 1 1 1 1 1 1 1 1 1 1 1 1 1 1 1 1 1 1 1 1 1 1 1 1 1 1 1 1 1 1 1 1 1 1 1 1 1 1 1 1 1 1 1 1 1 1 1 1 1 1 1 1 1 1 1 1 1 1 1 1 1 1 1 1 1 1 1 1 1 1 1 1 1 1 1 1 1 1 1 1 1 1 1 1 1 1 1 1 1 1 1 1 1 1 1 1 1 1 1 1 1 1 1 1 1 1 1 1 1 1 1 1 1 1 1 1 1 1 1 1 1 1 1 1 1 1 1 1 1 1 1 1 1 1 1 1 1 1 1 1 1 1 1 2 2 2 2 2 2 2 1 2 2 3 3 3 2 2 3 2 2 2 3 2 3 3 3 2 2 3 2 1 1 2 3 2 2 3 3 3 2 2 2 1 1 2 2 3 2 3 3 3 2 1 1 1 2 2 2 3 3 3 3 3 2 3 3 3 3 1 2 1 2 1 3 3 3 1 1 1 1 3 3 3 3 3 2 3 3 3 3 3 3 3 3 1 1 2 3 3 3 3 3 3 3 1 1 1 2 2 3 3 3 3 3 3 3 1 1 3 3 3 3 3 3 3 3 2 3 3 3 3 3 3 1 1 1 1 2 1 1 1 1 1 1 1 1 1 1 1 1 1 2 3 3 2 1 1 2 1 1 1 1 1 1 1 2 2 2 2 3 1 1 1 3 3 3 3 3 3 3 2 2 3 3 3 3 3 3 3 3 3 3 1 1 2 1 2 1 1 2 1 1 3 3 3 2 3 3 3 3 1 3 1 3 1 3 3 3 1 3 3 3 3 3 3 3 3 3 3 1 1 1 1 1 1 1 1 1 1 1 1 3 1 2 2 1 2 2 1 1 2 1 1 1 1 1 1 1 1 1 1 1 2 1 1 1 1 1 1 2 2 2 1 1 1 1 1 1 1 1 1 1 1 1 1 1 1 1 1 2 1 1 1 1 1 3 3 3 1 3 3 1 1 1 3 1 1 1 1 2 1 2 1 3 1 2 1 1 1 1 1 1 1 1 1 1 1 1 2 1 2 2 1 1 2 1 1 2 2 2 3 3 3 3 3 3 3 2 3 2 1 1 1 1 1 2 2 2 1 1 1 1 1 2 1 2 1 2 2 2 2 2 2 1 1 1 2 2 2 1 2 2 2 2 2 2 2 2 2 1 1 1 2 1 1 1 1 3 2 2 2 2 2 2 2 2 2 1 2 2 1 2 2 2 2 2 2 3 1 1 1 2 1 1 2 1 1 1 1 2 1 1 1 1 1 2 2 2 2 2 1 1 1 2 1 1 1 1 1 2 1 2 2 1 3 2 2 2 3 2 3 3 2 2 2 2 2 3 3 3 3 2 2 2 1 3 1 1 1 1 1 3 1 2 2 2 2 1 2 1 2 2 1 1 1 1 2 2 2 2 2 2 2 2 2 2 2 2 2 2 2 2 2 1 1 1 1 2 1 2 1 1 1 2 2 2 2 2 2 2 1 1 1 3 3 1 1 2 1 1 3 3 3 3 3 2 2 2 2 2 2 2 1 1 1 1 1 2 1 1 1 2 1 1 1 2 2 1 1 1 1 1 1 3 3 3 1 1 1 2 1 1 1 1 2 2 2 2 1 2 1 2 1 2 1 2 2 3 1 3 1 1 1 2 2 2 2 2 2 2 1 1 2 2 2 2 2 2 1 1 1 2 2 2 2 2 1 1 1 1 2 2 1 1 1 2 2 1 1 2 2 2 2 2 2 2 2 2 2 2 2 2 2 2 2 2 2 2 2 2 2 2 2 2 2 2 2 2 2 2 2 2 2 2 2 2 2 2 2 2 2 2 2 2 2 2 2 2 2 2 2 2 2 2 2 2 1 1 1 2 2 2 2 2 2 2 2 2 2 1 1 2 3 1 2 2 2 2 2 2 2 2 2 2 2 3 2 2 2 2 2 2 2 2 2 2 2 2 2 2 2 2 2 2 2 1 1 1 2 2 2 2 2 2 2 2 2 2 2 2 2 1 1 2 2 2 2 2 3 2 1 2 1 2 3 2 2 2 3 2 2 2 2 2 1 1 1 2 1 2 3 2 2 2 1 1 2 3 1 2 3 1 1 1 1 2 3 3 2 1 2 1 2 1 1 2 1 1 1 1 1 1 1 1 1 1 1 1 2 3 2 3 1 1 1 1 1 1 1 2 1 1 1 3 1 1 1 2 1 2 1 1 1 1 2 2 1 1 1 1 1 1 2 2 1 1 1 1 1 3 1 2 1 1 1 1 1 1 1 1 1 1 1 1 1 1 1 1 2 1 1 1 2 1 1 1 1 1 1 1 2 2 3 2 2 2 2 2 2 2 2 2 2 2 2 1 1 2 2 1 1 3 2 2 2 2 2 2 1 1 1 1 1 1 2 1 1 1 2 2 2 2 2 2 1 1 1 2 2 2 2 2 2 2 2 2 2 1 2 2 2 3 2 2 1 1 1 1 2 3 3 2 3 3 2 3 2 2 2 2 3 3 2 2 3 2 3 3 2 2 3 3 2 2 2 1 1 1 2 2 2 1 1 1 2 3 3 1 1 1 2 2 1 2 2 2 2 1 1 1 1 1 1 1 1 1 1 2 1 1 3 3 3 3 2 2 2 2 2 3 1 3 1 2 3 3 3 2 2 2 2 2 3 3 1 1 1 2 3 2 3 3 1 1 1 3 3 3 3 2 1 3 3 3 1 1 3 3 2 3 3 1 2 3 3 3 3 3 3 1 3 2 2 3 3 2 1 1 1 2 3 3 2 2 2 3 3 3 2 3 3 3 3 3 3 3 1 1 1 1 1 1 1 1 1 1 1 1 1 1 1 3 1 1 1 1 1 1 1 1 2 2 1 1 1 1 1 1 1 1 1 1 1 1 1 1 1 1 3 3 3 3 3 1 1 3 3 3 1 2 2 2 2 3 1 3 3 1 1 2 2 3 1 1 2 2 2 2 1 3 2 2 3 3 3 2 2 1 1 1 1 2 3 3 3 3 2 2 3 1 1 1 3 3 2 2 3 2 2 2 2 2 2 1 1 2 2 2 2 2 2 2 2 2 2 1 1 1 1 2 2 2 2 2 2 1 1 1 1 1 1 1 1 1 1 2 2 1 1 1 1 1 1 1 1 1 1 1 1 1 1 1 1 1 1 1 1 1 1 1 1 1 1 1 1 1 1 1 1 1 1 1 1 1 1 1 1 1 1 1 2 2 2 2 2 2 1 1 2 2 2 2 2 2 2 2 2 1 2 3 3 2 2 2 2 2 2 1 2 2 2 2 2 2 2 2 2 3 2 2 1 1 2 1 1 2 2 2 1 3 1 2 2 1 1 2 1 3 3 3 2 1 2 1 2 1 2 1 2 1 2 1 1 1 1 1 2 1 1 1 1 1 2 2 1 2 2 1 1 1 1 1 1 2 2 2 2 2 2 3 2 3 2 2 2 2 2 2 2 2 2 2 2 2 2 2 2 3 2 2 2 2 1 1 2 2 2 1 2 2 2 2 2 1 1 2 2 2 2 2 2 2 2 1 1 2 1 1 2 2 3 2 2 2 2 2 2 2 1 1 1 2 2 2 1 1 1 1 1 1 1 2 2 2 2 2 2 2 1 1 2 1 2 2 2 2 2 2 2 2 1 1 1 2 2 1 2 1 1 1 1 1 1 1 1 1 1 1 1 1 1 1 1 1 1 1 1 1 1 1 1 2 3 3 3 3 3 3 3 3 1 2 1 1 2 3 3 3 2 3 3 3 3 3 3 3 2 1 1 3 3 3 3 3 3 3 2 2 1 1 1 3 3 3 3 3 3 3 3 1 3 3 3 3 3 3 3 2 3 3 1 1 3 1 1 2 2 1 2 1 2 1 1 1 2 1 1 1 1 1 1 1 1 1 1 1 2 2 2 1 1 1 1 1 1 2 1 1 1 1 1 1 1 1 1 1 1 1 1 1 2 2 2 2 3 1 1 1 2 1 1 1 2 2 1 2 1 2 1 2 1 2 1 2 2 1 1 1 1 1 1 1 1 1 1 1 1 1 1 1 1 1 2 1 1 1 1 1 1 1 1 1 1 1 1 1 2 2 2 1 1 1 1 1 1 1 2 2 2 2 2 1 1 1 1 2 2 2 2 2 2 2 1 1 1 1 1 1 1 1 1 1 1 1 1 1 1 1 1 1 1 1 1 1 1 1 1 1 1 1 1 1 1 1 1 1 1 1 1 1 1 1 1 1 1 1 1 1 1 1 1 1 1 1 1 1 1 1 1 1 1 1 1 1 1 1 1 1 1 1 1 1 1 1 1 1 1 1 1 1 1 1 1 1 1 1 1 1 1 1 1 1 1 1 1 1 1 1 1 1 1 1 1 1 1 1 1 1 1 1 1 1 1 1 1 1 1 1 1 1 1 1 1 1 1 1 1 1 1 1 1 1 1 1 1 1 1 1 1 1 1 1 1 1 1 1 1 1 1 1 1 1 1 1 1 1 1 1 1 1 1 1 1 1 1 1 1 1 1 1 1 1 1 1 1 1 1 1 1 1 1 1 1 1 1 1 1 1 1 1 1 1 1 1 1 1 1 1 1 1 1 1 1 1 1 1 1 1 1 1 1 1 1 1 1 1 1 1 1 1 1 1 1 1 1 1 1 1 1 1 1 1 1 1 1 1 1 1 1 1 1 1 1 1 1 1 1 1 1 1 1 1 1 1 1 1 1 1 1 1 1 1 1 1 1 1 1 1 1 1 1 1 1 1 1 1 1 1 1 1 1 1 1 1 1 1 1 1 1 1 1 1 1 1 1 1 1 1 1 1 1 1 1 1 1 1 1 1 1 1 1 1 1 1 1 1 1 1 1 1 1 1 1 1 1 1 1 1 1 1 1 1 1 1 1 1 1 1 1 1 1 1 1 1 1 1 1 1 1 1 1 1 1 1 1 1 1 1 1 1 1 1 1 1 1 1 1 1 1 1 1 1 1 1 1 1 1 1 1 1 1 1 1 1 1 1 1 1 1 1 1 1 1 1 1 1 1 1 1 1 1 1 1 1 1 1 1 1 1 1 1 1 1 1 1 1 1 1 1 1 1 1 1 1 1 1 1 1 1 1 1 1 1 1 1 1 1 1 1 1 1 1 1 1 1 1 1 1 1 1 1 1 1 1 1 1 1 1 1 1 1 1 1 1 1 1 1 1 1 1 1 1 1 1 1 1 1 1 1 1 1 1 1 1 1 1 1 1 1 1 1 1 1 1 1 1 1 1 1 1 1 1 1 1 1 1 1 1 1 1 1 1 1 1 1 1 1 1 1 1 1 1 1 1 1 1 1 1 1 1 1 1 1 1 1 1 1 1 1 1 1 1 1 1 1 1 1 1 1 1 1 1 1 1 1 1 1 1 1 1 1 1 1 1 1 1 1 1 1 1 1 1 1 1 1 1 1 1 1 1 1 1 1 1 1 1 1 1 1 1 1 1 1 1 1 1 1 1 1 1 1 1 1 1 1 1 1 1 1 1 1 1 1 1 1 1 1 1 1 1 1 1 1 1 1 1 1 1 1 1 1 1 1 1 1 1 1 1 1 1 1 1 1 1 1 1 1 1 1 1 1 1 1 1 1 1 1 1 1 1 1 1 1 1 1 1 1 1 1 1 1 1 1 1 1 1 1 1 1 1 1 1 1 1 1 1 1 1 1 1 1 1 1 1 1 1 1 1 1 1 1 1 1 1 1 1 1 1 1 1 1 1 1 1 1 1 1 1 1 2 1 1 1 1 1 1 2 1 1 1 2 1 1 1 1 1 1 3 3 2 3 3 3 </vcount>
          <v>6 0 6 1 6 2 6 3 6 4 6 5 6 6 6 7 6 8 6 9 6 10 6 11 6 12 6 13 6 14 6 15 6 16 6 17 6 18 6 19 6 20 6 21 6 22 6 23 6 24 6 25 6 26 6 27 6 28 6 29 6 30 6 31 6 32 6 33 6 34 6 35 6 36 6 37 6 38 6 39 6 40 6 41 5 42 6 43 5 44 6 45 5 46 5 47 6 48 6 49 4 50 4 51 6 52 6 53 6 54 6 55 6 56 6 57 6 58 6 59 6 60 6 61 4 62 4 63 4 64 5 65 5 66 5 67 6 68 5 69 6 70 6 71 5 72 5 73 5 74 6 75 6 76 4 77 4 78 5 79 5 80 5 81 5 82 5 83 4 84 4 85 5 86 4 87 5 88 4 89 4 90 4 91 5 92 5 93 5 94 4 95 4 96 4 97 5 98 5 99 5 100 5 101 5 102 5 103 5 104 5 105 5 106 5 107 5 108 4 109 4 110 4 111 4 112 4 113 4 114 5 115 5 116 5 117 5 118 5 119 5 120 5 121 5 122 6 123 6 124 6 125 5 126 6 127 6 128 6 129 6 130 6 131 6 132 6 133 6 134 6 135 6 136 6 137 6 138 6 139 5 140 5 141 5 142 5 143 5 144 5 145 6 146 6 147 6 148 6 149 6 150 6 151 6 152 6 153 6 154 6 155 6 156 6 157 6 158 5 159 5 160 6 161 6 162 6 163 6 164 6 165 6 166 6 167 6 168 6 169 6 170 6 171 6 172 6 173 6 174 6 175 6 176 6 177 6 178 6 179 6 180 6 181 6 182 6 183 6 184 6 185 6 186 6 187 6 188 6 189 6 190 6 191 6 192 6 193 6 194 6 195 6 196 6 197 6 198 6 199 6 200 6 201 6 202 6 203 6 204 6 205 6 206 6 207 6 208 6 209 6 210 6 211 6 212 6 213 6 214 6 215 6 216 6 217 6 218 6 219 6 220 6 221 6 222 6 223 6 224 6 225 6 226 6 227 6 228 6 229 6 230 6 231 6 232 6 233 6 234 6 235 6 236 6 237 6 238 6 239 6 240 6 241 6 242 6 243 6 244 6 245 6 246 6 247 6 248 6 249 6 250 6 251 6 252 6 253 6 254 6 255 6 256 6 257 6 258 6 259 6 260 6 261 6 262 6 263 6 264 6 265 6 266 6 267 6 268 6 269 6 270 6 271 6 272 6 273 6 274 6 275 6 276 6 277 6 278 6 279 6 280 6 281 6 282 6 283 6 284 6 285 6 286 6 287 6 288 6 289 6 290 6 291 6 292 6 293 6 294 6 295 6 296 6 297 6 298 6 299 6 300 6 301 6 302 6 303 6 304 6 305 6 306 6 307 6 308 6 309 6 310 6 311 6 312 6 313 6 314 6 315 6 316 6 317 6 318 6 319 6 320 6 321 6 322 6 323 6 324 6 325 6 326 6 327 6 328 6 329 6 330 6 331 6 332 6 333 6 334 6 335 6 336 6 337 6 338 6 339 6 340 6 341 6 342 6 343 6 344 6 345 6 346 6 347 6 348 6 349 6 350 6 351 6 352 6 353 6 354 6 355 6 356 6 357 6 358 6 359 6 360 6 361 6 362 6 363 6 364 6 365 6 366 6 367 6 368 6 369 6 370 6 371 6 372 6 373 6 374 6 375 6 376 6 377 6 378 6 379 6 380 6 381 6 382 6 383 6 384 6 385 6 386 6 387 6 388 6 389 6 390 6 391 6 392 6 393 6 394 6 395 6 396 6 397 6 398 6 399 6 400 6 401 6 402 6 403 6 404 6 405 6 406 6 407 6 408 6 409 6 410 6 411 6 412 6 413 6 414 6 415 6 416 6 417 6 418 6 419 6 420 6 421 6 422 6 423 6 424 6 425 6 426 6 427 6 428 48 429 49 430 48 431 49 432 48 433 49 434 48 435 49 436 48 437 49 438 48 439 49 440 48 441 49 442 48 443 48 444 49 445 47 446 48 447 47 448 48 449 49 450 47 451 48 452 49 453 47 454 48 455 49 456 47 457 48 458 11 459 53 460 11 461 50 462 53 463 11 464 50 465 11 466 50 467 11 468 50 469 11 470 47 471 50 472 50 473 51 474 47 475 50 476 51 477 11 478 47 479 50 480 47 481 48 482 50 483 47 484 48 485 47 486 48 487 47 488 48 489 49 490 48 491 49 492 49 493 49 494 47 495 48 496 47 497 48 498 50 499 50 500 51 501 50 502 51 503 47 504 50 505 51 506 50 507 51 508 52 509 50 510 51 511 52 512 51 513 52 514 51 515 52 516 51 517 52 518 52 519 52 520 51 521 52 522 51 523 52 524 50 525 51 526 52 527 51 528 52 529 50 530 51 531 52 532 50 533 51 534 52 535 50 536 51 537 52 538 50 539 51 540 52 541 52 542 52 543 51 544 52 545 11 546 50 547 11 548 50 549 11 550 50 551 53 552 11 553 53 554 54 555 11 556 53 557 54 558 11 559 53 560 54 561 11 562 53 563 54 564 11 565 54 566 11 567 54 568 55 569 52 570 54 571 55 572 52 573 54 574 55 575 52 576 54 577 55 578 55 579 52 580 55 581 55 582 52 583 55 584 55 585 52 586 54 587 55 588 11 589 54 590 55 591 11 592 54 593 55 594 55 595 55 596 55 597 55 598 10 599 11 600 59 601 10 602 11 603 59 604 10 605 11 606 59 607 10 608 11 609 59 610 11 611 53 612 59 613 11 614 53 615 11 616 53 617 54 618 11 619 53 620 54 621 11 622 53 623 54 624 11 625 54 626 55 627 52 628 54 629 55 630 52 631 54 632 55 633 11 634 53 635 54 636 11 637 53 638 54 639 55 640 55 641 52 642 55 643 52 644 54 645 55 646 52 647 54 648 55 649 52 650 53 651 54 652 11 653 53 654 54 655 11 656 53 657 54 658 11 659 53 660 59 661 10 662 11 663 59 664 55 665 55 666 55 667 52 668 55 669 52 670 55 671 52 672 54 673 55 674 52 675 54 676 55 677 52 678 53 679 54 680 11 681 53 682 54 683 11 684 53 685 54 686 10 687 11 688 59 689 11 690 53 691 54 692 55 693 55 694 52 695 54 696 55 697 52 698 54 699 55 700 52 701 54 702 55 703 52 704 53 705 54 706 11 707 53 708 54 709 11 710 53 711 54 712 11 713 53 714 54 715 52 716 54 717 55 718 11 719 54 720 52 721 54 722 55 723 52 724 54 725 55 726 11 727 53 728 54 729 11 730 53 731 54 732 52 733 54 734 55 735 52 736 54 737 55 738 55 739 55 740 49 741 49 742 48 743 49 744 49 745 49 746 49 747 48 748 49 749 48 750 48 751 48 752 48 753 48 754 48 755 48 756 48 757 47 758 48 759 47 760 48 761 50 762 47 763 48 764 50 765 47 766 48 767 48 768 48 769 48 770 49 771 48 772 48 773 48 774 48 775 48 776 48 777 48 778 48 779 49 780 11 781 48 782 11 783 48 784 11 785 48 786 11 787 47 788 48 789 48 790 48 791 48 792 11 793 47 794 48 795 11 796 47 797 48 798 11 799 47 800 50 801 47 802 50 803 51 804 11 805 47 806 48 807 11 808 47 809 48 810 11 811 47 812 48 813 11 814 48 815 11 816 48 817 11 818 47 819 48 820 11 821 47 822 48 823 11 824 47 825 48 826 11 827 47 828 48 829 11 830 47 831 48 832 11 833 47 834 48 835 11 836 47 837 48 838 11 839 47 840 48 841 11 842 47 843 48 844 11 845 47 846 48 847 11 848 11 849 11 850 47 851 47 852 47 853 48 854 48 855 11 856 11 857 47 858 11 859 11 860 10 861 11 862 59 863 10 864 11 865 59 866 11 867 53 868 54 869 11 870 53 871 11 872 53 873 54 874 11 875 53 876 54 877 11 878 53 879 54 880 11 881 53 882 59 883 11 884 10 885 11 886 59 887 11 888 10 889 11 890 59 891 11 892 10 893 11 894 59 895 10 896 11 897 59 898 10 899 11 900 59 901 11 902 10 903 11 904 59 905 10 906 11 907 59 908 11 909 53 910 54 911 10 912 11 913 59 914 10 915 11 916 59 917 10 918 11 919 59 920 10 921 11 922 59 923 10 924 11 925 59 926 10 927 11 928 59 929 10 930 11 931 59 932 10 933 10 934 10 935 10 936 10 937 10 938 10 939 10 940 10 941 10 942 10 943 10 944 10 945 11 946 59 947 10 948 9 949 10 950 9 951 10 952 10 953 9 954 10 955 9 956 10 957 9 958 9 959 9 960 10 961 10 962 10 963 10 964 10 965 10 966 10 967 10 968 10 969 10 970 10 971 9 972 9 973 10 974 10 975 10 976 10 977 10 978 10 979 10 980 9 981 10 982 9 983 10 984 9 985 10 986 9 987 9 988 9 989 9 990 9 991 9 992 9 993 9 994 9 995 9 996 9 997 9 998 9 999 9 1000 9 1001 9 1002 9 1003 9 1004 10 1005 10 1006 10 1007 10 1008 10 1009 10 1010 10 1011 11 1012 59 1013 10 1014 11 1015 59 1016 10 1017 11 1018 59 1019 10 1020 10 1021 11 1022 59 1023 10 1024 11 1025 59 1026 10 1027 10 1028 10 1029 10 1030 11 1031 59 1032 10 1033 4 1034 4 1035 4 1036 3 1037 4 1038 3 1039 3 1040 4 1041 3 1042 2 1043 3 1044 4 1045 3 1046 3 1047 4 1048 4 1049 4 1050 4 1051 4 1052 4 1053 4 1054 4 1055 4 1056 4 1057 4 1058 4 1059 4 1060 24 1061 25 1062 24 1063 24 1064 25 1065 24 1066 25 1067 20 1068 20 1069 20 1070 21 1071 20 1072 20 1073 20 1074 21 1075 20 1076 21 1077 20 1078 21 1079 0 1080 18 1081 22 1082 0 1083 18 1084 22 1085 0 1086 18 1087 22 1088 0 1089 18 1090 22 1091 0 1092 18 1093 22 1094 0 1095 18 1096 22 1097 0 1098 18 1099 22 1100 0 1101 22 1102 0 1103 18 1104 22 1105 0 1106 22 1107 22 1108 22 1109 22 1110 22 1111 22 1112 22 1113 23 1114 22 1115 23 1116 22 1117 23 1118 23 1119 23 1120 23 1121 23 1122 23 1123 23 1124 24 1125 24 1126 23 1127 24 1128 24 1129 23 1130 24 1131 23 1132 24 1133 23 1134 24 1135 23 1136 24 1137 23 1138 24 1139 23 1140 24 1141 23 1142 23 1143 23 1144 22 1145 23 1146 23 1147 24 1148 23 1149 24 1150 23 1151 23 1152 24 1153 23 1154 24 1155 23 1156 24 1157 23 1158 24 1159 23 1160 24 1161 23 1162 24 1163 23 1164 24 1165 23 1166 24 1167 23 1168 24 1169 24 1170 24 1171 24 1172 23 1173 24 1174 24 1175 24 1176 24 1177 24 1178 23 1179 24 1180 25 1181 23 1182 24 1183 23 1184 24 1185 23 1186 24 1187 23 1188 24 1189 23 1190 24 1191 23 1192 24 1193 23 1194 24 1195 23 1196 24 1197 23 1198 24 1199 23 1200 23 1201 24 1202 23 1203 24 1204 24 1205 23 1206 24 1207 23 1208 24 1209 23 1210 24 1211 23 1212 24 1213 23 1214 24 1215 24 1216 25 1217 23 1218 24 1219 25 1220 23 1221 23 1222 23 1223 23 1224 24 1225 22 1226 22 1227 22 1228 23 1229 23 1230 23 1231 23 1232 23 1233 23 1234 24 1235 23 1236 23 1237 23 1238 23 1239 23 1240 22 1241 23 1242 22 1243 23 1244 22 1245 23 1246 22 1247 23 1248 22 1249 23 1250 23 1251 23 1252 23 1253 22 1254 23 1255 22 1256 22 1257 22 1258 22 1259 22 1260 0 1261 22 1262 22 1263 22 1264 23 1265 22 1266 23 1267 22 1268 0 1269 18 1270 22 1271 0 1272 22 1273 0 1274 22 1275 0 1276 22 1277 0 1278 18 1279 22 1280 0 1281 22 1282 0 1283 18 1284 22 1285 0 1286 18 1287 22 1288 0 1289 18 1290 0 1291 18 1292 0 1293 18 1294 0 1295 18 1296 0 1297 18 1298 0 1299 18 1300 22 1301 0 1302 18 1303 22 1304 0 1305 18 1306 22 1307 0 1308 18 1309 22 1310 0 1311 22 1312 0 1313 22 1314 0 1315 22 1316 18 1317 0 1318 18 1319 22 1320 18 1321 18 1322 18 1323 18 1324 18 1325 0 1326 18 1327 22 1328 18 1329 0 1330 18 1331 0 1332 18 1333 0 1334 18 1335 0 1336 1 1337 0 1338 0 1339 1 1340 19 1341 18 1342 19 1343 18 1344 19 1345 18 1346 18 1347 18 1348 18 1349 0 1350 18 1351 0 1352 18 1353 0 1354 1 1355 0 1356 1 1357 0 1358 1 1359 0 1360 1 1361 0 1362 1 1363 0 1364 1 1365 0 1366 1 1367 0 1368 1 1369 0 1370 18 1371 0 1372 18 1373 0 1374 1 1375 0 1376 1 1377 0 1378 1 1379 0 1380 18 1381 0 1382 18 1383 18 1384 18 1385 18 1386 18 1387 18 1388 19 1389 19 1390 18 1391 19 1392 18 1393 18 1394 18 1395 0 1396 18 1397 0 1398 18 1399 0 1400 18 1401 0 1402 1 1403 0 1404 1 1405 0 1406 18 1407 18 1408 19 1409 18 1410 18 1411 18 1412 0 1413 18 1414 22 1415 0 1416 18 1417 22 1418 19 1419 19 1420 18 1421 19 1422 18 1423 18 1424 0 1425 18 1426 22 1427 0 1428 18 1429 22 1430 0 1431 18 1432 22 1433 0 1434 18 1435 22 1436 0 1437 18 1438 22 1439 19 1440 20 1441 19 1442 20 1443 19 1444 20 1445 19 1446 20 1447 19 1448 20 1449 19 1450 20 1451 19 1452 20 1453 19 1454 19 1455 19 1456 19 1457 19 1458 18 1459 19 1460 18 1461 18 1462 18 1463 18 1464 19 1465 19 1466 19 1467 19 1468 19 1469 20 1470 19 1471 20 1472 19 1473 19 1474 19 1475 19 1476 19 1477 19 1478 0 1479 18 1480 22 1481 0 1482 18 1483 22 1484 0 1485 18 1486 22 1487 18 1488 18 1489 18 1490 18 1491 19 1492 19 1493 19 1494 19 1495 19 1496 19 1497 20 1498 19 1499 20 1500 19 1501 20 1502 19 1503 20 1504 20 1505 19 1506 20 1507 20 1508 19 1509 20 1510 20 1511 19 1512 20 1513 20 1514 19 1515 20 1516 19 1517 20 1518 19 1519 20 1520 21 1521 20 1522 19 1523 20 1524 21 1525 20 1526 19 1527 19 1528 19 1529 20 1530 19 1531 20 1532 19 1533 20 1534 19 1535 20 1536 19 1537 20 1538 19 1539 20 1540 19 1541 20 1542 20 1543 20 1544 19 1545 20 1546 19 1547 20 1548 19 1549 20 1550 19 1551 20 1552 19 1553 20 1554 19 1555 20 1556 19 1557 19 1558 20 1559 19 1560 20 1561 19 1562 20 1563 19 1564 20 1565 19 1566 20 1567 19 1568 20 1569 19 1570 19 1571 19 1572 19 1573 19 1574 20 1575 22 1576 23 1577 22 1578 22 1579 22 1580 0 1581 22 1582 0 1583 22 1584 22 1585 22 1586 0 1587 22 1588 0 1589 22 1590 0 1591 22 1592 0 1593 22 1594 0 1595 22 1596 0 1597 22 1598 0 1599 1 1600 0 1601 1 1602 0 1603 1 1604 0 1605 1 1606 0 1607 1 1608 0 1609 1 1610 0 1611 1 1612 0 1613 1 1614 0 1615 1 1616 0 1617 1 1618 0 1619 1 1620 0 1621 1 1622 0 1623 1 1624 0 1625 1 1626 0 1627 1 1628 0 1629 1 1630 0 1631 1 1632 0 1633 1 1634 0 1635 1 1636 0 1637 1 1638 0 1639 1 1640 0 1641 1 1642 0 1643 1 1644 0 1645 1 1646 0 1647 1 1648 0 1649 1 1650 0 1651 1 1652 0 1653 1 1654 0 1655 1 1656 0 1657 1 1658 0 1659 1 1660 0 1661 1 1662 0 1663 1 1664 0 1665 1 1666 0 1667 1 1668 0 1669 1 1670 0 1671 1 1672 0 1673 1 1674 0 1675 1 1676 0 1677 1 1678 0 1679 1 1680 0 1681 1 1682 0 1683 1 1684 0 1685 1 1686 2 1687 3 1688 1 1689 2 1690 1 1691 2 1692 1 1693 2 1694 0 1695 1 1696 0 1697 1 1698 0 1699 1 1700 3 1701 3 1702 3 1703 2 1704 3 1705 2 1706 3 1707 1 1708 2 1709 0 1710 1 1711 0 1712 1 1713 0 1714 1 1715 0 1716 1 1717 0 1718 1 1719 0 1720 1 1721 3 1722 4 1723 3 1724 3 1725 3 1726 4 1727 3 1728 4 1729 5 1730 3 1731 3 1732 9 1733 2 1734 3 1735 1 1736 2 1737 0 1738 1 1739 0 1740 1 1741 0 1742 1 1743 0 1744 1 1745 1 1746 2 1747 1 1748 2 1749 2 1750 3 1751 3 1752 9 1753 2 1754 3 1755 4 1756 2 1757 3 1758 2 1759 3 1760 1 1761 2 1762 0 1763 1 1764 0 1765 1 1766 0 1767 1 1768 0 1769 1 1770 0 1771 1 1772 2 1773 3 1774 1 1775 2 1776 0 1777 1 1778 0 1779 1 1780 0 1781 1 1782 0 1783 1 1784 0 1785 1 1786 0 1787 1 1788 0 1789 1 1790 1 1791 2 1792 2 1793 3 1794 3 1795 3 1796 3 1797 2 1798 3 1799 2 1800 3 1801 1 1802 2 1803 1 1804 2 1805 0 1806 1 1807 0 1808 1 1809 0 1810 1 1811 0 1812 1 1813 1 1814 2 1815 2 1816 3 1817 3 1818 13 1819 3 1820 13 1821 0 1822 1 1823 3 1824 3 1825 3 1826 13 1827 4 1828 13 1829 1 1830 2 1831 2 1832 3 1833 3 1834 13 1835 3 1836 13 1837 14 1838 13 1839 14 1840 13 1841 13 1842 14 1843 13 1844 13 1845 14 1846 3 1847 13 1848 14 1849 3 1850 13 1851 2 1852 3 1853 1 1854 2 1855 3 1856 13 1857 14 1858 3 1859 13 1860 13 1861 14 1862 13 1863 14 1864 13 1865 14 1866 13 1867 14 1868 13 1869 13 1870 13 1871 4 1872 13 1873 13 1874 3 1875 13 1876 3 1877 13 1878 14 1879 13 1880 14 1881 13 1882 14 1883 13 1884 14 1885 13 1886 13 1887 3 1888 4 1889 4 1890 5 1891 13 1892 3 1893 3 1894 4 1895 3 1896 4 1897 5 1898 4 1899 4 1900 4 1901 4 1902 13 1903 14 1904 3 1905 13 1906 14 1907 3 1908 13 1909 14 1910 3 1911 13 1912 13 1913 13 1914 14 1915 13 1916 4 1917 13 1918 13 1919 13 1920 13 1921 14 1922 13 1923 13 1924 4 1925 4 1926 5 1927 5 1928 4 1929 5 1930 4 1931 13 1932 13 1933 13 1934 4 1935 13 1936 3 1937 13 1938 14 1939 4 1940 13 1941 3 1942 13 1943 14 1944 4 1945 5 1946 4 1947 4 1948 5 1949 5 1950 4 1951 3 1952 4 1953 3 1954 4 1955 4 1956 2 1957 3 1958 13 1959 3 1960 3 1961 3 1962 2 1963 3 1964 3 1965 3 1966 4 1967 4 1968 4 1969 4 1970 4 1971 3 1972 4 1973 3 1974 4 1975 3 1976 3 1977 5 1978 4 1979 4 1980 4 1981 3 1982 4 1983 3 1984 4 1985 3 1986 3 1987 3 1988 4 1989 4 1990 2 1991 3 1992 8 1993 3 1994 3 1995 4 1996 4 1997 5 1998 5 1999 5 2000 4 2001 5 2002 5 2003 4 2004 4 2005 4 2006 5 2007 5 2008 5 2009 5 2010 4 2011 4 2012 3 2013 4 2014 3 2015 3 2016 3 2017 3 2018 4 2019 8 2020 5 2021 4 2022 5 2023 4 2024 4 2025 8 2026 3 2027 8 2028 2 2029 3 2030 2 2031 3 2032 60 2033 2 2034 3 2035 2 2036 3 2037 3 2038 9 2039 3 2040 9 2041 3 2042 9 2043 3 2044 8 2045 3 2046 8 2047 8 2048 9 2049 8 2050 9 2051 3 2052 8 2053 3 2054 9 2055 3 2056 9 2057 8 2058 8 2059 8 2060 9 2061 8 2062 9 2063 8 2064 8 2065 4 2066 5 2067 8 2068 3 2069 9 2070 3 2071 8 2072 8 2073 9 2074 8 2075 9 2076 8 2077 9 2078 8 2079 9 2080 8 2081 8 2082 4 2083 4 2084 4 2085 4 2086 8 2087 9 2088 4 2089 8 2090 8 2091 8 2092 9 2093 8 2094 9 2095 3 2096 9 2097 3 2098 9 2099 3 2100 9 2101 8 2102 9 2103 4 2104 8 2105 8 2106 8 2107 9 2108 8 2109 9 2110 8 2111 9 2112 8 2113 9 2114 8 2115 9 2116 3 2117 9 2118 8 2119 9 2120 8 2121 9 2122 8 2123 9 2124 8 2125 9 2126 37 2127 36 2128 37 2129 36 2130 37 2131 36 2132 37 2133 35 2134 36 2135 37 2136 36 2137 37 2138 36 2139 37 2140 37 2141 37 2142 37 2143 37 2144 36 2145 37 2146 35 2147 36 2148 37 2149 35 2150 36 2151 37 2152 36 2153 37 2154 35 2155 36 2156 37 2157 32 2158 35 2159 36 2160 35 2161 36 2162 32 2163 35 2164 36 2165 35 2166 36 2167 16 2168 35 2169 16 2170 35 2171 16 2172 35 2173 35 2174 36 2175 37 2176 32 2177 33 2178 35 2179 35 2180 36 2181 35 2182 36 2183 35 2184 36 2185 37 2186 16 2187 35 2188 16 2189 32 2190 35 2191 32 2192 33 2193 35 2194 32 2195 33 2196 32 2197 33 2198 32 2199 33 2200 34 2201 32 2202 33 2203 34 2204 33 2205 34 2206 33 2207 34 2208 33 2209 34 2210 34 2211 34 2212 34 2213 33 2214 34 2215 33 2216 34 2217 33 2218 34 2219 34 2220 34 2221 33 2222 33 2223 34 2224 32 2225 33 2226 34 2227 32 2228 33 2229 34 2230 34 2231 34 2232 34 2233 33 2234 34 2235 33 2236 34 2237 33 2238 32 2239 33 2240 32 2241 33 2242 32 2243 33 2244 32 2245 33 2246 33 2247 33 2248 33 2249 33 2250 33 2251 33 2252 33 2253 33 2254 33 2255 33 2256 33 2257 34 2258 33 2259 32 2260 16 2261 32 2262 35 2263 16 2264 32 2265 33 2266 16 2267 32 2268 33 2269 16 2270 32 2271 33 2272 16 2273 33 2274 33 2275 34 2276 16 2277 33 2278 16 2279 33 2280 16 2281 33 2282 16 2283 32 2284 33 2285 33 2286 16 2287 32 2288 33 2289 33 2290 16 2291 33 2292 16 2293 32 2294 33 2295 16 2296 32 2297 33 2298 16 2299 32 2300 33 2301 32 2302 33 2303 33 2304 34 2305 33 2306 34 2307 33 2308 34 2309 33 2310 34 2311 16 2312 32 2313 33 2314 16 2315 32 2316 33 2317 16 2318 34 2319 34 2320 33 2321 34 2322 32 2323 33 2324 34 2325 32 2326 33 2327 16 2328 32 2329 33 2330 16 2331 32 2332 33 2333 16 2334 16 2335 16 2336 15 2337 16 2338 56 2339 15 2340 16 2341 56 2342 15 2343 16 2344 56 2345 16 2346 38 2347 39 2348 16 2349 38 2350 16 2351 15 2352 16 2353 56 2354 15 2355 16 2356 56 2357 15 2358 16 2359 56 2360 16 2361 16 2362 16 2363 32 2364 33 2365 32 2366 33 2367 35 2368 32 2369 33 2370 16 2371 38 2372 56 2373 32 2374 33 2375 35 2376 37 2377 36 2378 37 2379 35 2380 36 2381 37 2382 35 2383 36 2384 37 2385 32 2386 35 2387 36 2388 35 2389 36 2390 37 2391 32 2392 35 2393 36 2394 16 2395 32 2396 35 2397 16 2398 16 2399 35 2400 38 2401 16 2402 35 2403 35 2404 36 2405 35 2406 36 2407 37 2408 35 2409 36 2410 37 2411 36 2412 37 2413 37 2414 37 2415 37 2416 36 2417 37 2418 35 2419 36 2420 37 2421 35 2422 36 2423 37 2424 35 2425 36 2426 16 2427 35 2428 16 2429 35 2430 16 2431 38 2432 39 2433 16 2434 38 2435 39 2436 16 2437 38 2438 39 2439 16 2440 35 2441 16 2442 35 2443 38 2444 16 2445 38 2446 39 2447 16 2448 38 2449 39 2450 16 2451 38 2452 39 2453 15 2454 16 2455 56 2456 15 2457 16 2458 56 2459 15 2460 16 2461 56 2462 15 2463 15 2464 15 2465 15 2466 15 2467 15 2468 15 2469 15 2470 15 2471 15 2472 15 2473 15 2474 15 2475 15 2476 15 2477 15 2478 16 2479 56 2480 15 2481 15 2482 15 2483 15 2484 15 2485 15 2486 15 2487 15 2488 14 2489 15 2490 14 2491 15 2492 14 2493 14 2494 14 2495 14 2496 14 2497 14 2498 15 2499 15 2500 15 2501 15 2502 15 2503 15 2504 15 2505 15 2506 15 2507 15 2508 15 2509 16 2510 56 2511 15 2512 16 2513 56 2514 15 2515 16 2516 56 2517 15 2518 16 2519 56 2520 15 2521 16 2522 56 2523 15 2524 15 2525 15 2526 16 2527 56 2528 15 2529 16 2530 56 2531 15 2532 16 2533 56 2534 16 2535 16 2536 38 2537 16 2538 32 2539 16 2540 35 2541 16 2542 32 2543 16 2544 32 2545 33 2546 16 2547 16 2548 32 2549 33 2550 16 2551 32 2552 33 2553 16 2554 16 2555 48 2556 49 2557 48 2558 49 2559 47 2560 48 2561 49 2562 49 2563 49 2564 48 2565 49 2566 48 2567 49 2568 48 2569 49 2570 47 2571 48 2572 49 2573 50 2574 51 2575 52 2576 50 2577 51 2578 50 2579 51 2580 50 2581 51 2582 52 2583 50 2584 51 2585 52 2586 50 2587 51 2588 52 2589 51 2590 52 2591 51 2592 52 2593 52 2594 52 2595 52 2596 52 2597 51 2598 52 2599 50 2600 51 2601 52 2602 50 2603 51 2604 52 2605 50 2606 51 2607 52 2608 47 2609 50 2610 51 2611 11 2612 50 2613 11 2614 50 2615 11 2616 50 2617 53 2618 11 2619 11 2620 11 2621 11 2622 53 2623 54 2624 11 2625 50 2626 53 2627 11 2628 50 2629 11 2630 50 2631 11 2632 53 2633 54 2634 24 2635 25 2636 24 2637 25 2638 24 2639 25 2640 24 2641 25 2642 24 2643 25 2644 24 2645 25 2646 25 2647 25 2648 2 2649 3 2650 1 2651 2 2652 1 2653 2 2654 24 2655 25 2656 24 2657 25 2658 24 2659 25 2660 24 2661 25 2662 24 2663 25 2664 24 2665 25 2666 24 2667 25 2668 25 2669 25 2670 25 2671 25 2672 24 2673 25 2674 24 2675 25 2676 24 2677 25 2678 24 2679 25 2680 24 2681 25 2682 24 2683 25 2684 24 2685 24 2686 24 2687 24 2688 24 2689 24 2690 24 2691 24 2692 24 2693 24 2694 24 2695 25 2696 24 2697 25 2698 9 2699 9 2700 9 2701 9 2702 9 2703 9 2704 9 2705 9 2706 9 2707 9 2708 9 2709 9 2710 9 2711 9 2712 9 2713 9 2714 9 2715 9 2716 9 2717 9 2718 9 2719 9 2720 9 2721 9 2722 9 2723 9 2724 9 2725 9 2726 9 2727 9 2728 9 2729 9 2730 9 2731 9 2732 9 2733 9 2734 9 2735 9 2736 9 2737 9 2738 9 2739 9 2740 9 2741 20 2742 21 2743 20 2744 21 2745 20 2746 21 2747 20 2748 21 2749 20 2750 21 2751 20 2752 21 2753 21 2754 21 2755 20 2756 21 2757 20 2758 21 2759 20 2760 21 2761 19 2762 20 2763 19 2764 20 2765 19 2766 20 2767 19 2768 20 2769 19 2770 20 2771 19 2772 20 2773 20 2774 20 2775 21 2776 19 2777 20 2778 21 2779 19 2780 20 2781 21 2782 20 2783 21 2784 20 2785 21 2786 20 2787 21 2788 20 2789 21 2790 20 2791 21 2792 20 2793 21 2794 21 2795 20 2796 21 2797 20 2798 21 2799 20 2800 21 2801 20 2802 21 2803 20 2804 21 2805 20 2806 21 2807 20 2808 21 2809 20 2810 21 2811 20 2812 21 2813 19 2814 20 2815 21 2816 20 2817 21 2818 20 2819 21 2820 20 2821 20 2822 19 2823 20 2824 20 2825 20 2826 19 2827 20 2828 19 2829 20 2830 19 2831 20 2832 20 2833 19 2834 20 2835 21 2836 23 2837 22 2838 23 2839 22 2840 23 2841 23 2842 23 2843 22 2844 23 2845 22 2846 0 2847 18 2848 22 2849 0 2850 18 2851 22 2852 0 2853 18 2854 22 2855 8 2856 9 2857 9 2858 8 2859 9 2860 9 2861 8 2862 9 2863 9 2864 8 2865 9 2866 9 2867 3 2868 8 2869 9 2870 3 2871 9 2872 9 2873 9 2874 9 2875 9 2876 9 2877 3 2878 9 2879 9 2880 9 2881 9 2882 9 2883 9 2884 3 2885 9 2886 3 2887 9 2888 9 2889 8 2890 9 2891 8 2892 9 2893 9 2894 9 2895 9 2896 9 2897 9 2898 9 2899 24 2900 25 2901 24 2902 25 2903 24 2904 25 2905 24 2906 25 2907 24 2908 25 2909 24 2910 25 2911 23 2912 24 2913 25 2914 24 2915 25 2916 23 2917 24 2918 25 2919 24 2920 25 2921 24 2922 25 2923 24 2924 25 2925 24 2926 25 2927 24 2928 25 2929 24 2930 25 2931 24 2932 25 2933 24 2934 25 2935 23 2936 24 2937 23 2938 24 2939 23 2940 24 2941 23 2942 24 2943 23 2944 24 2945 23 2946 24 2947 23 2948 24 2949 23 2950 24 2951 25 2952 24 2953 25 2954 24 2955 25 2956 24 2957 25 2958 24 2959 25 2960 25 2961 24 2962 23 2963 24 2964 23 2965 24 2966 23 2967 24 2968 24 2969 23 2970 24 2971 23 2972 24 2973 24 2974 25 2975 24 2976 25 2977 24 2978 25 2979 25 2980 25 2981 24 2982 25 2983 24 2984 25 2985 24 2986 25 2987 24 2988 25 2989 24 2990 25 2991 24 2992 25 2993 23 2994 24 2995 23 2996 24 2997 24 2998 24 2999 23 3000 24 3001 24 3002 24 3003 23 3004 24 3005 24 3006 25 3007 23 3008 24 3009 25 3010 24 3011 25 3012 24 3013 25 3014 24 3015 25 3016 24 3017 25 3018 24 3019 25 3020 24 3021 25 3022 24 3023 25 3024 25 3025 24 3026 24 3027 23 3028 24 3029 24 3030 25 3031 23 3032 24 3033 24 3034 24 3035 24 3036 20 3037 20 3038 20 3039 20 3040 20 3041 21 3042 20 3043 21 3044 20 3045 21 3046 20 3047 21 3048 20 3049 21 3050 20 3051 21 3052 20 3053 21 3054 21 3055 21 3056 20 3057 21 3058 21 3059 20 3060 21 3061 20 3062 21 3063 20 3064 21 3065 20 3066 21 3067 20 3068 21 3069 20 3070 21 3071 20 3072 21 3073 20 3074 21 3075 20 3076 20 3077 20 3078 19 3079 20 3080 19 3081 20 3082 20 3083 19 3084 20 3085 20 3086 20 3087 20 3088 20 3089 20 3090 20 3091 20 3092 20 3093 20 3094 20 3095 24 3096 24 3097 24 3098 24 3099 24 3100 24 3101 24 3102 24 3103 20 3104 20 3105 20 3106 20 3107 20 3108 20 3109 19 3110 20 3111 16 3112 38 3113 39 3114 16 3115 38 3116 39 3117 16 3118 38 3119 39 3120 16 3121 39 3122 40 3123 16 3124 39 3125 40 3126 16 3127 39 3128 40 3129 37 3130 39 3131 40 3132 37 3133 39 3134 40 3135 40 3136 37 3137 40 3138 40 3139 40 3140 37 3141 40 3142 37 3143 39 3144 40 3145 37 3146 39 3147 40 3148 16 3149 39 3150 40 3151 16 3152 38 3153 16 3154 35 3155 38 3156 16 3157 38 3158 39 3159 16 3160 38 3161 39 3162 16 3163 38 3164 39 3165 37 3166 38 3167 39 3168 37 3169 39 3170 40 3171 37 3172 39 3173 40 3174 37 3175 40 3176 40 3177 40 3178 16 3179 38 3180 39 3181 16 3182 38 3183 39 3184 16 3185 38 3186 39 3187 16 3188 38 3189 56 3190 16 3191 38 3192 56 3193 37 3194 39 3195 40 3196 37 3197 39 3198 40 3199 37 3200 40 3201 37 3202 40 3203 40 3204 40 3205 40 3206 16 3207 38 3208 39 3209 16 3210 38 3211 39 3212 37 3213 38 3214 39 3215 37 3216 39 3217 40 3218 37 3219 39 3220 40 3221 37 3222 38 3223 39 3224 16 3225 38 3226 39 3227 16 3228 38 3229 39 3230 40 3231 37 3232 39 3233 40 3234 37 3235 39 3236 40 3237 37 3238 39 3239 40 3240 37 3241 39 3242 40 3243 16 3244 38 3245 39 3246 16 3247 38 3248 39 3249 16 3250 38 3251 39 3252 16 3253 39 3254 37 3255 39 3256 40 3257 37 3258 39 3259 40 3260 40 3261 40 3262 16 3263 38 3264 39 3265 40 3266 15 3267 15 3268 57 3269 14 3270 15 3271 14 3272 14 3273 15 3274 14 3275 14 3276 15 3277 14 3278 14 3279 14 3280 14 3281 15 3282 15 3283 15 3284 15 3285 15 3286 15 3287 15 3288 15 3289 15 3290 15 3291 15 3292 15 3293 14 3294 15 3295 14 3296 15 3297 14 3298 15 3299 14 3300 14 3301 14 3302 15 3303 15 3304 15 3305 14 3306 15 3307 14 3308 14 3309 14 3310 14 3311 14 3312 14 3313 20 3314 20 3315 20 3316 20 3317 20 3318 20 3319 20 3320 20 3321 13 3322 14 3323 13 3324 14 3325 13 3326 14 3327 13 3328 14 3329 3 3330 13 3331 14 3332 14 3333 14 3334 14 3335 13 3336 14 3337 14 3338 14 3339 14 3340 13 3341 14 3342 13 3343 14 3344 14 3345 13 3346 14 3347 14 3348 13 3349 14 3350 14 3351 13 3352 14 3353 14 3354 13 3355 14 3356 14 3357 13 3358 14 3359 13 3360 14 3361 14 3362 14 3363 14 3364 14 3365 14 3366 14 3367 14 3368 14 3369 33 3370 33 3371 33 3372 33 3373 33 3374 33 3375 33 3376 33 3377 34 3378 33 3379 34 3380 5 3381 5 3382 5 3383 4 3384 5 3385 4 3386 5 3387 4 3388 4 3389 5 3390 20 3391 20 3392 20 3393 20 3394 21 3395 20 3396 21 3397 20 3398 21 3399 20 3400 20 3401 20 3402 20 3403 20 3404 20 3405 20 3406 20 3407 21 3408 20 3409 21 3410 20 3411 21 3412 20 3413 21 3414 20 3415 21 3416 21 3417 21 3418 21 3419 21 3420 20 3421 21 3422 20 3423 21 3424 20 3425 21 3426 20 3427 21 3428 20 3429 21 3430 20 3431 21 3432 20 3433 21 3434 14 3435 14 3436 14 3437 14 3438 14 3439 14 3440 14 3441 14 3442 14 3443 14 3444 14 3445 14 3446 14 3447 14 3448 14 3449 14 3450 14 3451 14 3452 14 3453 14 3454 14 3455 14 3456 14 3457 14 3458 14 3459 14 3460 14 3461 14 3462 14 3463 14 3464 14 3465 14 3466 14 3467 14 3468 14 3469 14 3470 14 3471 14 3472 14 3473 14 3474 14 3475 14 3476 14 3477 6 3478 5 3479 5 3480 6 3481 6 3482 6 3483 6 3484 6 3485 6 3486 6 3487 6 3488 6 3489 6 3490 6 3491 5 3492 4 3493 4 3494 4 3495 4 3496 4 3497 4 3498 4 3499 5 3500 5 3501 5 3502 5 3503 4 3504 5 3505 4 3506 5 3507 4 3508 4 3509 5 3510 5 3511 5 3512 5 3513 4 3514 6 3515 6 3516 6 3517 6 3518 6 3519 6 3520 6 3521 6 3522 6 3523 6 3524 6 3525 6 3526 6 3527 6 3528 6 3529 6 3530 6 3531 6 3532 6 3533 6 3534 6 3535 6 3536 6 3537 6 3538 6 3539 6 3540 6 3541 6 3542 6 3543 6 3544 6 3545 6 3546 6 3547 6 3548 6 3549 6 3550 6 3551 6 3552 6 3553 6 3554 6 3555 6 3556 6 3557 6 3558 6 3559 6 3560 6 3561 6 3562 6 3563 6 3564 6 3565 6 3566 6 3567 6 3568 6 3569 6 3570 6 3571 6 3572 6 3573 6 3574 6 3575 6 3576 6 3577 6 3578 6 3579 6 3580 6 3581 6 3582 6 3583 6 3584 6 3585 6 3586 6 3587 6 3588 6 3589 6 3590 6 3591 6 3592 6 3593 6 3594 6 3595 6 3596 6 3597 6 3598 6 3599 6 3600 6 3601 6 3602 6 3603 6 3604 6 3605 6 3606 6 3607 6 3608 6 3609 6 3610 6 3611 6 3612 6 3613 6 3614 6 3615 6 3616 6 3617 6 3618 6 3619 6 3620 6 3621 6 3622 6 3623 6 3624 6 3625 6 3626 6 3627 6 3628 6 3629 6 3630 6 3631 6 3632 6 3633 6 3634 6 3635 6 3636 6 3637 6 3638 6 3639 6 3640 6 3641 6 3642 6 3643 6 3644 6 3645 6 3646 6 3647 6 3648 6 3649 6 3650 6 3651 6 3652 6 3653 6 3654 6 3655 6 3656 6 3657 6 3658 6 3659 6 3660 6 3661 6 3662 6 3663 6 3664 6 3665 6 3666 6 3667 6 3668 5 3669 5 3670 6 3671 6 3672 6 3673 6 3674 6 3675 6 3676 6 3677 6 3678 6 3679 6 3680 6 3681 6 3682 6 3683 6 3684 6 3685 6 3686 6 3687 6 3688 6 3689 6 3690 6 3691 6 3692 6 3693 6 3694 6 3695 6 3696 6 3697 6 3698 6 3699 6 3700 6 3701 6 3702 6 3703 6 3704 6 3705 6 3706 6 3707 6 3708 6 3709 6 3710 6 3711 6 3712 6 3713 6 3714 6 3715 6 3716 6 3717 6 3718 6 3719 6 3720 6 3721 6 3722 6 3723 6 3724 6 3725 6 3726 6 3727 6 3728 6 3729 6 3730 6 3731 6 3732 6 3733 6 3734 6 3735 6 3736 6 3737 6 3738 6 3739 6 3740 6 3741 6 3742 6 3743 6 3744 6 3745 6 3746 6 3747 6 3748 6 3749 6 3750 6 3751 6 3752 6 3753 6 3754 6 3755 6 3756 6 3757 6 3758 6 3759 6 3760 6 3761 6 3762 6 3763 6 3764 6 3765 6 3766 6 3767 6 3768 6 3769 6 3770 6 3771 6 3772 6 3773 6 3774 6 3775 6 3776 6 3777 6 3778 6 3779 6 3780 6 3781 6 3782 6 3783 6 3784 6 3785 6 3786 6 3787 6 3788 6 3789 6 3790 6 3791 6 3792 6 3793 6 3794 6 3795 6 3796 6 3797 6 3798 6 3799 6 3800 6 3801 6 3802 6 3803 6 3804 6 3805 6 3806 6 3807 6 3808 6 3809 6 3810 6 3811 6 3812 6 3813 6 3814 6 3815 6 3816 6 3817 6 3818 6 3819 6 3820 6 3821 6 3822 6 3823 6 3824 6 3825 6 3826 6 3827 6 3828 6 3829 6 3830 6 3831 6 3832 6 3833 6 3834 6 3835 6 3836 6 3837 6 3838 6 3839 6 3840 6 3841 6 3842 6 3843 6 3844 6 3845 6 3846 6 3847 6 3848 6 3849 6 3850 6 3851 6 3852 6 3853 6 3854 6 3855 6 3856 6 3857 6 3858 6 3859 6 3860 6 3861 6 3862 6 3863 6 3864 6 3865 6 3866 6 3867 6 3868 6 3869 6 3870 6 3871 6 3872 6 3873 6 3874 6 3875 6 3876 6 3877 6 3878 6 3879 6 3880 6 3881 6 3882 6 3883 6 3884 6 3885 6 3886 6 3887 6 3888 6 3889 6 3890 6 3891 6 3892 6 3893 6 3894 6 3895 6 3896 6 3897 6 3898 6 3899 6 3900 6 3901 6 3902 6 3903 6 3904 6 3905 6 3906 6 3907 6 3908 6 3909 6 3910 6 3911 6 3912 6 3913 6 3914 6 3915 6 3916 6 3917 6 3918 6 3919 6 3920 6 3921 6 3922 6 3923 6 3924 6 3925 6 3926 6 3927 6 3928 6 3929 6 3930 6 3931 6 3932 6 3933 6 3934 6 3935 6 3936 6 3937 6 3938 6 3939 6 3940 6 3941 6 3942 6 3943 6 3944 6 3945 6 3946 6 3947 6 3948 6 3949 6 3950 6 3951 6 3952 6 3953 6 3954 6 3955 6 3956 6 3957 6 3958 6 3959 6 3960 6 3961 6 3962 6 3963 6 3964 6 3965 6 3966 6 3967 6 3968 6 3969 6 3970 6 3971 6 3972 6 3973 6 3974 6 3975 6 3976 6 3977 6 3978 6 3979 6 3980 6 3981 6 3982 6 3983 6 3984 6 3985 6 3986 6 3987 6 3988 6 3989 6 3990 6 3991 6 3992 6 3993 6 3994 6 3995 6 3996 6 3997 6 3998 6 3999 6 4000 6 4001 6 4002 6 4003 6 4004 6 4005 6 4006 6 4007 6 4008 6 4009 6 4010 6 4011 6 4012 6 4013 6 4014 6 4015 6 4016 6 4017 6 4018 6 4019 6 4020 6 4021 6 4022 6 4023 6 4024 6 4025 6 4026 6 4027 6 4028 6 4029 6 4030 6 4031 6 4032 6 4033 6 4034 6 4035 6 4036 6 4037 6 4038 6 4039 6 4040 6 4041 6 4042 6 4043 6 4044 6 4045 6 4046 6 4047 6 4048 6 4049 6 4050 6 4051 6 4052 6 4053 6 4054 6 4055 6 4056 6 4057 6 4058 6 4059 6 4060 6 4061 6 4062 6 4063 6 4064 6 4065 6 4066 6 4067 6 4068 6 4069 6 4070 6 4071 6 4072 6 4073 6 4074 6 4075 6 4076 6 4077 6 4078 6 4079 6 4080 6 4081 6 4082 6 4083 6 4084 6 4085 6 4086 6 4087 6 4088 6 4089 6 4090 6 4091 6 4092 6 4093 6 4094 6 4095 6 4096 6 4097 6 4098 6 4099 6 4100 6 4101 6 4102 6 4103 6 4104 6 4105 6 4106 6 4107 6 4108 6 4109 6 4110 6 4111 6 4112 6 4113 6 4114 6 4115 6 4116 6 4117 6 4118 6 4119 6 4120 6 4121 6 4122 6 4123 6 4124 6 4125 6 4126 6 4127 6 4128 6 4129 6 4130 6 4131 6 4132 6 4133 6 4134 6 4135 6 4136 6 4137 6 4138 6 4139 6 4140 6 4141 6 4142 6 4143 6 4144 24 4145 24 4146 24 4147 24 4148 24 4149 24 4150 24 4151 23 4152 24 4153 24 4154 6 4155 6 4156 6 4157 24 4158 24 4159 23 4160 24 4161 24 4162 24 4163 24 4164 23 4165 24 4166 6 4167 6 4168 40 4169 40 4170 40 4171 40 4172 37 4173 39 4174 40 4175 37 4176 39 4177 40 4178 16 4179 39 4180 16 4181 38 4182 39 4183 16 4184 38 4185 39 4186 16 4187 35 4188 38 4189</v>
        </vertex_weights>
      </skin>
    </controller>
  </library_controllers>
  <library_visual_scenes>
    <visual_scene id="Scene" name="Scene">
      <node id="male_portal_player_ARM" name="male_portal_player_ARM" type="NODE">
        <matrix sid="transform">17.3 0 0 0 0 17.3 0 0 0 0 17.3 0 0 0 0 1</matrix>
        <node id="male_portal_player_ARM_ValveBiped_Bip01_Pelvis" name="ValveBiped.Bip01_Pelvis" sid="ValveBiped_Bip01_Pelvis" type="JOINT">
          <matrix sid="transform">1 0 0 -9.525e-8 0 3.91094e-7 -1 -0.01016537 0 1 3.57628e-7 0.7346998 0 0 0 1</matrix>
          <node id="male_portal_player_ARM_ValveBiped_Bip01_Spine" name="ValveBiped.Bip01_Spine" sid="ValveBiped_Bip01_Spine" type="JOINT">
            <matrix sid="transform">4.77182e-7 -3.35276e-7 0.9999999 9.525e-8 0.9962789 0.0861877 -4.4005e-7 0.06372465 -0.08618771 0.9962788 4.54485e-7 -0.05680521 0 0 0 1</matrix>
            <node id="male_portal_player_ARM_ValveBiped_Bip01_Spine1" name="ValveBiped.Bip01_Spine1" sid="ValveBiped_Bip01_Spine1" type="JOINT">
              <matrix sid="transform">0.9995726 0.02923717 -1.15037e-7 0.07654913 -0.02923717 0.9995726 1.00971e-8 1.49012e-8 1.15283e-7 -6.72943e-9 1 2.00511e-9 0 0 0 1</matrix>
              <node id="male_portal_player_ARM_ValveBiped_Bip01_Spine2" name="ValveBiped.Bip01_Spine2" sid="ValveBiped_Bip01_Spine2" type="JOINT">
                <matrix sid="transform">0.9949706 -0.1001675 8.61439e-9 0.06702862 0.1001675 0.9949706 8.47042e-9 1.86265e-8 -9.41941e-9 -7.565e-9 1 1.58138e-10 0 0 0 1</matrix>
                <node id="male_portal_player_ARM_ValveBiped_Bip01_Spine4" name="ValveBiped.Bip01_Spine4" sid="ValveBiped_Bip01_Spine4" type="JOINT">
                  <matrix sid="transform">0.9812222 -0.1928812 3.21205e-9 0.1703573 0.1928812 0.9812222 -5.79273e-10 2.98023e-8 -3.04004e-9 1.18799e-9 1 -8.88676e-10 0 0 0 1</matrix>
                  <node id="male_portal_player_ARM_ValveBiped_Bip01_Neck1" name="ValveBiped.Bip01_Neck1" sid="ValveBiped_Bip01_Neck1" type="JOINT">
                    <matrix sid="transform">0.9208757 0.3898568 1.10797e-6 0.06300349 0.3898571 -0.9208755 -2.27361e-6 -5.21541e-8 1.33914e-7 2.52566e-6 -1 -1.36207e-9 0 0 0 1</matrix>
                    <node id="male_portal_player_ARM_ValveBiped_Bip01_Head1" name="ValveBiped.Bip01_Head1" sid="ValveBiped_Bip01_Head1" type="JOINT">
                      <matrix sid="transform">0.918477 -0.3954743 -1.0798e-6 0.06846026 0.3954743 0.9184771 -3.96144e-7 1.08033e-7 1.14844e-6 -6.31837e-8 1 1.13693e-8 0 0 0 1</matrix>
                      <node id="male_portal_player_ARM_ValveBiped_forward" name="ValveBiped.forward" sid="ValveBiped_forward" type="JOINT">
                        <matrix sid="transform">0.2419211 9.77766e-7 0.9702959 0.03809987 -0.9702959 -3.91107e-7 0.2419211 -0.05714998 6.16032e-7 -1 7.68374e-7 4.09472e-10 0 0 0 1</matrix>
                        <extra>
                          <technique profile="blender">
                            <roll sid="roll" type="float">-0.07155627</roll>
                            <tip_x sid="tip_x" type="float">0.01905</tip_x>
                            <tip_y sid="tip_y" type="float">0</tip_y>
                            <tip_z sid="tip_z" type="float">0</tip_z>
                          </technique>
                        </extra>
                      </node>
                      <extra>
                        <technique profile="blender">
                          <roll sid="roll" type="float">-1.570796</roll>
                          <tip_x sid="tip_x" type="float">0</tip_x>
                          <tip_y sid="tip_y" type="float">0.01876634</tip_y>
                          <tip_z sid="tip_z" type="float">0.003275275</tip_z>
                        </technique>
                      </extra>
                    </node>
                    <extra>
                      <technique profile="blender">
                        <roll sid="roll" type="float">-1.570795</roll>
                        <tip_x sid="tip_x" type="float">0</tip_x>
                        <tip_y sid="tip_y" type="float">0.01594114</tip_y>
                        <tip_z sid="tip_z" type="float">0.01042985</tip_z>
                      </technique>
                    </extra>
                  </node>
                  <node id="male_portal_player_ARM_ValveBiped_Bip01_R_Clavicle" name="ValveBiped.Bip01_R_Clavicle" sid="ValveBiped_Bip01_R_Clavicle" type="JOINT">
                    <matrix sid="transform">-0.2749505 0.9557486 -0.1046284 0.03873529 0.05534559 -0.09290882 -0.9941351 0.01906467 -0.9598641 -0.2791287 -0.0273512 -0.03691158 0 0 0 1</matrix>
                    <node id="male_portal_player_ARM_ValveBiped_Bip01_R_UpperArm" name="ValveBiped.Bip01_R_UpperArm" sid="ValveBiped_Bip01_R_UpperArm" type="JOINT">
                      <matrix sid="transform">0.8326641 -0.04470306 -0.5519711 0.1148362 -0.5537196 -0.05268916 -0.8310345 2.98023e-8 0.0080669 0.9976099 -0.06862537 -3.72529e-9 0 0 0 1</matrix>
                      <node id="male_portal_player_ARM_ValveBiped_Bip01_R_Forearm" name="ValveBiped.Bip01_R_Forearm" sid="ValveBiped_Bip01_R_Forearm" type="JOINT">
                        <matrix sid="transform">0.9981781 0.06033602 -6.25849e-7 0.2227431 -0.06033602 0.9981781 -7.48783e-7 -5.58794e-8 5.36442e-7 7.83242e-7 1 1.49012e-8 0 0 0 1</matrix>
                        <node id="male_portal_player_ARM_ValveBiped_Bip01_R_Hand" name="ValveBiped.Bip01_R_Hand" sid="ValveBiped_Bip01_R_Hand" type="JOINT">
                          <matrix sid="transform">0.9933524 -0.1065562 -0.04355401 0.2187263 0.04392675 0.001152493 0.999034 -9.68575e-8 -0.1064031 -0.994306 0.005825595 -5.96046e-8 0 0 0 1</matrix>
                          <node id="male_portal_player_ARM_ValveBiped_Anim_Attachment_RH" name="ValveBiped.Anim_Attachment_RH" sid="ValveBiped_Anim_Attachment_RH" type="JOINT">
                            <matrix sid="transform">6.17504e-5 -7.83242e-7 1 0.05097952 -1 9.7882e-7 6.181e-5 -0.03262207 -9.74163e-7 -1 -8.05594e-7 -7.45058e-9 0 0 0 1</matrix>
                            <extra>
                              <technique profile="blender">
                                <roll sid="roll" type="float">0.976496</roll>
                                <tip_x sid="tip_x" type="float">-4.56035e-4</tip_x>
                                <tip_y sid="tip_y" type="float">-0.01904094</tip_y>
                                <tip_z sid="tip_z" type="float">-3.67463e-4</tip_z>
                              </technique>
                            </extra>
                          </node>
                          <node id="male_portal_player_ARM_ValveBiped_Bip01_R_Finger4" name="ValveBiped.Bip01_R_Finger4" sid="ValveBiped_Bip01_R_Finger4" type="JOINT">
                            <matrix sid="transform">0.62989 0.6369749 -0.4444116 0.07352674 -0.7604682 0.622113 -0.1861808 -0.002525359 0.1578818 0.4552343 0.876262 0.02272871 0 0 0 1</matrix>
                            <node id="male_portal_player_ARM_ValveBiped_Bip01_R_Finger41" name="ValveBiped.Bip01_R_Finger41" sid="ValveBiped_Bip01_R_Finger41" type="JOINT">
                              <matrix sid="transform">0.9048266 0.4256433 -0.01079632 0.0250044 -0.425613 0.9048911 0.005078838 5.96046e-8 0.01193129 -4.61936e-7 0.9999288 -5.96046e-8 0 0 0 1</matrix>
                              <node id="male_portal_player_ARM_ValveBiped_Bip01_R_Finger42" name="ValveBiped.Bip01_R_Finger42" sid="ValveBiped_Bip01_R_Finger42" type="JOINT">
                                <matrix sid="transform">0.9702958 0.2418488 -0.005951777 0.01389433 -0.2418442 0.9703141 0.001483858 8.9407e-8 0.006133988 -4.32134e-7 0.9999812 1.49012e-8 0 0 0 1</matrix>
                                <extra>
                                  <technique profile="blender">
                                    <roll sid="roll" type="float">0.9803472</roll>
                                    <tip_x sid="tip_x" type="float">-0.01207005</tip_x>
                                    <tip_y sid="tip_y" type="float">0.00918585</tip_y>
                                    <tip_z sid="tip_z" type="float">-0.01152539</tip_z>
                                  </technique>
                                </extra>
                              </node>
                              <extra>
                                <technique profile="blender">
                                  <roll sid="roll" type="float">1.127244</roll>
                                  <tip_x sid="tip_x" type="float">-0.01455873</tip_x>
                                  <tip_y sid="tip_y" type="float">0.009627878</tip_y>
                                  <tip_z sid="tip_z" type="float">-0.007632136</tip_z>
                                </technique>
                              </extra>
                            </node>
                            <extra>
                              <technique profile="blender">
                                <roll sid="roll" type="float">1.391975</roll>
                                <tip_x sid="tip_x" type="float">-0.01674807</tip_x>
                                <tip_y sid="tip_y" type="float">0.009070396</tip_y>
                                <tip_z sid="tip_z" type="float">3.6329e-4</tip_z>
                              </technique>
                            </extra>
                          </node>
                          <node id="male_portal_player_ARM_ValveBiped_Bip01_R_Finger3" name="ValveBiped.Bip01_R_Finger3" sid="ValveBiped_Bip01_R_Finger3" type="JOINT">
                            <matrix sid="transform">0.687183 0.7073135 -0.1657927 0.07510066 -0.7221522 0.689945 -0.04971983 9.58771e-4 0.07922032 0.1538942 0.9849066 0.008211374 0 0 0 1</matrix>
                            <node id="male_portal_player_ARM_ValveBiped_Bip01_R_Finger31" name="ValveBiped.Bip01_R_Finger31" sid="ValveBiped_Bip01_R_Finger31" type="JOINT">
                              <matrix sid="transform">0.9694446 0.2452442 -0.005674727 0.02931966 -0.24524 0.9694613 0.001435412 5.96046e-8 0.005853474 1.22935e-7 0.9999829 3.72529e-9 0 0 0 1</matrix>
                              <node id="male_portal_player_ARM_ValveBiped_Bip01_R_Finger32" name="ValveBiped.Bip01_R_Finger32" sid="ValveBiped_Bip01_R_Finger32" type="JOINT">
                                <matrix sid="transform">0.9086059 0.4175629 -0.008779451 0.02278984 -0.4175434 0.9086481 0.004034435 -2.98023e-8 0.009662069 5.21541e-8 0.9999535 -3.72529e-9 0 0 0 1</matrix>
                                <extra>
                                  <technique profile="blender">
                                    <roll sid="roll" type="float">0.9140831</roll>
                                    <tip_x sid="tip_x" type="float">-0.01454031</tip_x>
                                    <tip_y sid="tip_y" type="float">0.003850758</tip_y>
                                    <tip_z sid="tip_z" type="float">-0.01168984</tip_z>
                                  </technique>
                                </extra>
                              </node>
                              <extra>
                                <technique profile="blender">
                                  <roll sid="roll" type="float">1.274503</roll>
                                  <tip_x sid="tip_x" type="float">-0.01815617</tip_x>
                                  <tip_y sid="tip_y" type="float">0.003733396</tip_y>
                                  <tip_z sid="tip_z" type="float">-0.004394948</tip_z>
                                </technique>
                              </extra>
                            </node>
                            <extra>
                              <technique profile="blender">
                                <roll sid="roll" type="float">1.484662</roll>
                                <tip_x sid="tip_x" type="float">-0.01874643</tip_x>
                                <tip_y sid="tip_y" type="float">0.00337696</tip_y>
                                <tip_z sid="tip_z" type="float">2.6226e-4</tip_z>
                              </technique>
                            </extra>
                          </node>
                          <node id="male_portal_player_ARM_ValveBiped_Bip01_R_Finger2" name="ValveBiped.Bip01_R_Finger2" sid="ValveBiped_Bip01_R_Finger2" type="JOINT">
                            <matrix sid="transform">0.831931 0.5542846 0.02568045 0.0739837 -0.5542508 0.8278963 0.085988 -9.58741e-4 0.02640108 -0.08576949 0.9959653 -0.008211382 0 0 0 1</matrix>
                            <node id="male_portal_player_ARM_ValveBiped_Bip01_R_Finger21" name="ValveBiped.Bip01_R_Finger21" sid="ValveBiped_Bip01_R_Finger21" type="JOINT">
                              <matrix sid="transform">0.9335801 0.3582916 -0.007443152 0.03275787 -0.3582802 0.9336098 0.002856742 -5.96046e-8 0.007972546 -2.58908e-7 0.9999683 0 0 0 0 1</matrix>
                              <node id="male_portal_player_ARM_ValveBiped_Bip01_R_Finger22" name="ValveBiped.Bip01_R_Finger22" sid="ValveBiped_Bip01_R_Finger22" type="JOINT">
                                <matrix sid="transform">0.9766725 0.2146902 -0.004358038 0.02303497 -0.214688 0.9766824 9.57808e-4 8.9407e-8 0.004462041 1.50874e-7 0.9999901 7.45058e-9 0 0 0 1</matrix>
                                <extra>
                                  <technique profile="blender">
                                    <roll sid="roll" type="float">1.1143</roll>
                                    <tip_x sid="tip_x" type="float">-0.0177865</tip_x>
                                    <tip_y sid="tip_y" type="float">-4.98105e-4</tip_y>
                                    <tip_z sid="tip_z" type="float">-0.006803929</tip_z>
                                  </technique>
                                </extra>
                              </node>
                              <extra>
                                <technique profile="blender">
                                  <roll sid="roll" type="float">1.342136</roll>
                                  <tip_x sid="tip_x" type="float">-0.01881885</tip_x>
                                  <tip_y sid="tip_y" type="float">-8.40418e-4</tip_y>
                                  <tip_z sid="tip_z" type="float">-0.002836406</tip_z>
                                </technique>
                              </extra>
                            </node>
                            <extra>
                              <technique profile="blender">
                                <roll sid="roll" type="float">1.736941</roll>
                                <tip_x sid="tip_x" type="float">-0.01856303</tip_x>
                                <tip_y sid="tip_y" type="float">-0.001268923</tip_y>
                                <tip_z sid="tip_z" type="float">0.004087269</tip_z>
                              </technique>
                            </extra>
                          </node>
                          <node id="male_portal_player_ARM_ValveBiped_Bip01_R_Finger1" name="ValveBiped.Bip01_R_Finger1" sid="ValveBiped_Bip01_R_Finger1" type="JOINT">
                            <matrix sid="transform">0.861153 0.4642 0.2072052 0.07352972 -0.5068815 0.8150196 0.2807385 -0.002837211 -0.03855749 -0.3467873 0.937151 -0.02536094 0 0 0 1</matrix>
                            <node id="male_portal_player_ARM_ValveBiped_Bip01_R_Finger11" name="ValveBiped.Bip01_R_Finger11" sid="ValveBiped_Bip01_R_Finger11" type="JOINT">
                              <matrix sid="transform">0.9348254 0.3550537 -0.006179646 0.0327552 -0.355046 0.9348458 0.002347544 2.98023e-8 0.00661052 -5.8068e-7 0.9999781 0 0 0 0 1</matrix>
                              <node id="male_portal_player_ARM_ValveBiped_Bip01_R_Finger12" name="ValveBiped.Bip01_R_Finger12" sid="ValveBiped_Bip01_R_Finger12" type="JOINT">
                                <matrix sid="transform">0.9702951 0.2418899 -0.004084691 0.02094864 -0.2418877 0.9703037 0.001018592 0 0.004209779 -2.70084e-7 0.9999911 1.49012e-8 0 0 0 1</matrix>
                                <extra>
                                  <technique profile="blender">
                                    <roll sid="roll" type="float">1.020223</roll>
                                    <tip_x sid="tip_x" type="float">-0.01716607</tip_x>
                                    <tip_y sid="tip_y" type="float">-0.005284786</tip_y>
                                    <tip_z sid="tip_z" type="float">-0.006348133</tip_z>
                                  </technique>
                                </extra>
                              </node>
                              <extra>
                                <technique profile="blender">
                                  <roll sid="roll" type="float">1.352234</roll>
                                  <tip_x sid="tip_x" type="float">-0.01799619</tip_x>
                                  <tip_y sid="tip_y" type="float">-0.005973279</tip_y>
                                  <tip_z sid="tip_z" type="float">-0.001832544</tip_z>
                                </technique>
                              </extra>
                            </node>
                            <extra>
                              <technique profile="blender">
                                <roll sid="roll" type="float">1.866763</roll>
                                <tip_x sid="tip_x" type="float">-0.01727211</tip_x>
                                <tip_y sid="tip_y" type="float">-0.006292223</tip_y>
                                <tip_z sid="tip_z" type="float">0.004998505</tip_z>
                              </technique>
                            </extra>
                          </node>
                          <node id="male_portal_player_ARM_ValveBiped_Bip01_R_Finger0" name="ValveBiped.Bip01_R_Finger0" sid="ValveBiped_Bip01_R_Finger0" type="JOINT">
                            <matrix sid="transform">0.547904 0.6638714 -0.5089951 0.01535463 -0.5573623 -0.1640273 -0.8139055 -0.006855011 -0.6238177 0.7296367 0.2801459 -0.02511427 0 0 0 1</matrix>
                            <node id="male_portal_player_ARM_ValveBiped_Bip01_R_Finger01" name="ValveBiped.Bip01_R_Finger01" sid="ValveBiped_Bip01_R_Finger01" type="JOINT">
                              <matrix sid="transform">0.9739751 -0.2265716 -0.006137595 0.03409536 0.2265672 0.9739946 -0.001427278 -2.98023e-8 0.006301373 -3.72529e-7 0.9999801 -2.98023e-8 0 0 0 1</matrix>
                              <node id="male_portal_player_ARM_ValveBiped_Bip01_R_Finger02" name="ValveBiped.Bip01_R_Finger02" sid="ValveBiped_Bip01_R_Finger02" type="JOINT">
                                <matrix sid="transform">0.9348261 -0.3549919 -0.008991733 0.02299331 0.3549755 0.9348692 -0.003414176 0 0.009618104 -2.44007e-7 0.9999538 8.9407e-8 0 0 0 1</matrix>
                                <extra>
                                  <technique profile="blender">
                                    <roll sid="roll" type="float">1.78605</roll>
                                    <tip_x sid="tip_x" type="float">-0.005284249</tip_x>
                                    <tip_y sid="tip_y" type="float">0.01829653</tip_y>
                                    <tip_z sid="tip_z" type="float">-4.63486e-4</tip_z>
                                  </technique>
                                </extra>
                              </node>
                              <extra>
                                <technique profile="blender">
                                  <roll sid="roll" type="float">1.745682</roll>
                                  <tip_x sid="tip_x" type="float">-0.006366133</tip_x>
                                  <tip_y sid="tip_y" type="float">0.01652622</tip_y>
                                  <tip_z sid="tip_z" type="float">-0.007018446</tip_z>
                                </technique>
                              </extra>
                            </node>
                            <extra>
                              <technique profile="blender">
                                <roll sid="roll" type="float">1.718881</roll>
                                <tip_x sid="tip_x" type="float">-0.006651937</tip_x>
                                <tip_y sid="tip_y" type="float">0.01427239</tip_y>
                                <tip_z sid="tip_z" type="float">-0.01072162</tip_z>
                              </technique>
                            </extra>
                          </node>
                          <node id="male_portal_player_ARM_ValveBiped_Weapon_bone" name="ValveBiped.Weapon_bone" sid="ValveBiped_Weapon_bone" type="JOINT">
                            <matrix sid="transform">-0.6745168 -0.7379128 -0.02262599 0.2811121 -0.7379135 0.6748223 -0.009924157 -0.8436862 0.02259168 0.01000202 -0.9996948 -0.04280432 0 0 0 1</matrix>
                            <extra>
                              <technique profile="blender">
                                <roll sid="roll" type="float">0.06776589</roll>
                                <tip_x sid="tip_x" type="float">0.001289606</tip_x>
                                <tip_y sid="tip_y" type="float">-2.07047e-4</tip_y>
                                <tip_z sid="tip_z" type="float">0.019005</tip_z>
                              </technique>
                            </extra>
                          </node>
                          <extra>
                            <technique profile="blender">
                              <roll sid="roll" type="float">2.348724</roll>
                              <tip_x sid="tip_x" type="float">-0.01315462</tip_x>
                              <tip_y sid="tip_y" type="float">4.91291e-5</tip_y>
                              <tip_z sid="tip_z" type="float">0.0137788</tip_z>
                            </technique>
                          </extra>
                        </node>
                        <node id="male_portal_player_ARM_ValveBiped_Bip01_R_Wrist" name="ValveBiped.Bip01_R_Wrist" sid="ValveBiped_Bip01_R_Wrist" type="JOINT">
                          <matrix sid="transform">1 1.56462e-6 2.98023e-8 0.2187262 -1.56369e-6 0.9999639 -0.008509695 -9.31323e-8 -2.98023e-8 0.008509696 0.9999638 -5.96046e-8 0 0 0 1</matrix>
                          <extra>
                            <technique profile="blender">
                              <roll sid="roll" type="float">2.272573</roll>
                              <tip_x sid="tip_x" type="float">-4.071e-5</tip_x>
                              <tip_y sid="tip_y" type="float">0.01904755</tip_y>
                              <tip_z sid="tip_z" type="float">-2.99275e-4</tip_z>
                            </technique>
                          </extra>
                        </node>
                        <extra>
                          <technique profile="blender">
                            <roll sid="roll" type="float">2.27263</roll>
                            <tip_x sid="tip_x" type="float">-1.64509e-4</tip_x>
                            <tip_y sid="tip_y" type="float">0.01904827</tip_y>
                            <tip_z sid="tip_z" type="float">-1.94609e-4</tip_z>
                          </technique>
                        </extra>
                      </node>
                      <extra>
                        <technique profile="blender">
                          <roll sid="roll" type="float">2.27263</roll>
                          <tip_x sid="tip_x" type="float">5.77793e-4</tip_x>
                          <tip_y sid="tip_y" type="float">0.01902896</tip_y>
                          <tip_z sid="tip_z" type="float">6.83427e-4</tip_z>
                        </technique>
                      </extra>
                    </node>
                    <node id="male_portal_player_ARM_ValveBiped_Bip01_R_Trapezius" name="ValveBiped.Bip01_R_Trapezius" sid="ValveBiped_Bip01_R_Trapezius" type="JOINT">
                      <matrix sid="transform">1 0 -5.36442e-7 0.0984306 0 1 -4.47035e-8 5.58794e-8 5.32717e-7 5.96046e-8 1 -3.72529e-9 0 0 0 1</matrix>
                      <extra>
                        <technique profile="blender">
                          <roll sid="roll" type="float">2.863356</roll>
                          <tip_x sid="tip_x" type="float">-0.005317389</tip_x>
                          <tip_y sid="tip_y" type="float">-0.001498162</tip_y>
                          <tip_z sid="tip_z" type="float">0.01823139</tip_z>
                        </technique>
                      </extra>
                    </node>
                    <extra>
                      <technique profile="blender">
                        <roll sid="roll" type="float">2.863356</roll>
                        <tip_x sid="tip_x" type="float">-0.005317389</tip_x>
                        <tip_y sid="tip_y" type="float">-0.001498162</tip_y>
                        <tip_z sid="tip_z" type="float">0.01823139</tip_z>
                      </technique>
                    </extra>
                  </node>
                  <node id="male_portal_player_ARM_ValveBiped_Bip01_L_Clavicle" name="ValveBiped.Bip01_L_Clavicle" sid="ValveBiped_Bip01_L_Clavicle" type="JOINT">
                    <matrix sid="transform">-0.2749548 0.9457739 0.1729492 0.0387352 0.05534532 -0.1640147 0.9849041 0.01906458 0.9598628 0.280376 -0.007247433 0.03691253 0 0 0 1</matrix>
                    <node id="male_portal_player_ARM_ValveBiped_Bip01_L_UpperArm" name="ValveBiped.Bip01_L_UpperArm" sid="ValveBiped_Bip01_L_UpperArm" type="JOINT">
                      <matrix sid="transform">0.8326644 -0.04470034 0.5519708 0.1148361 -0.5517126 0.019042 0.833817 -5.21541e-8 -0.04778252 -0.998819 -0.008806095 0 0 0 0 1</matrix>
                      <node id="male_portal_player_ARM_ValveBiped_Bip01_L_Forearm" name="ValveBiped.Bip01_L_Forearm" sid="ValveBiped_Bip01_L_Forearm" type="JOINT">
                        <matrix sid="transform">0.9981782 0.06033523 1.49012e-7 0.2227432 -0.06033523 0.9981782 1.16415e-6 3.35276e-8 2.98023e-8 -1.1744e-6 1 2.98023e-8 0 0 0 1</matrix>
                        <node id="male_portal_player_ARM_ValveBiped_Bip01_L_Hand" name="ValveBiped.Bip01_L_Hand" sid="ValveBiped_Bip01_L_Hand" type="JOINT">
                          <matrix sid="transform">0.9933514 -0.1062019 0.04443262 0.2187259 0.04392821 -0.007085291 -0.9990095 -5.58794e-8 0.1064116 0.9943193 -0.00237283 -4.17233e-7 0 0 0 1</matrix>
                          <node id="male_portal_player_ARM_ValveBiped_Anim_Attachment_LH" name="ValveBiped.Anim_Attachment_LH" sid="ValveBiped_Anim_Attachment_LH" type="JOINT">
                            <matrix sid="transform">5.18262e-5 1.91852e-7 1 0.05097958 1 -1.36904e-6 -5.17666e-5 -0.03262198 1.36904e-6 1 -2.55182e-7 -1.11759e-8 0 0 0 1</matrix>
                            <extra>
                              <technique profile="blender">
                                <roll sid="roll" type="float">-0.4427341</roll>
                                <tip_x sid="tip_x" type="float">3.47525e-4</tip_x>
                                <tip_y sid="tip_y" type="float">-0.0190407</tip_y>
                                <tip_z sid="tip_z" type="float">-4.81129e-4</tip_z>
                              </technique>
                            </extra>
                          </node>
                          <node id="male_portal_player_ARM_ValveBiped_Bip01_L_Finger4" name="ValveBiped.Bip01_L_Finger4" sid="ValveBiped_Bip01_L_Finger4" type="JOINT">
                            <matrix sid="transform">0.6298829 0.6393358 0.4410187 0.07352754 -0.7617505 0.6193513 0.1901061 -0.002712756 -0.1516038 -0.4556908 0.877133 -0.02270713 0 0 0 1</matrix>
                            <node id="male_portal_player_ARM_ValveBiped_Bip01_L_Finger41" name="ValveBiped.Bip01_L_Finger41" sid="ValveBiped_Bip01_L_Finger41" type="JOINT">
                              <matrix sid="transform">0.9048284 0.4256868 0.008744687 0.02500429 -0.4256669 0.9048706 -0.004114282 2.98023e-8 -0.009664148 3.20375e-7 0.9999533 2.98023e-8 0 0 0 1</matrix>
                              <node id="male_portal_player_ARM_ValveBiped_Bip01_L_Finger42" name="ValveBiped.Bip01_L_Finger42" sid="ValveBiped_Bip01_L_Finger42" type="JOINT">
                                <matrix sid="transform">0.9702951 0.2418767 0.004823014 0.01389425 -0.2418737 0.9703071 -0.001202114 8.9407e-8 -0.004970565 -9.68575e-8 0.9999877 1.49012e-8 0 0 0 1</matrix>
                                <extra>
                                  <technique profile="blender">
                                    <roll sid="roll" type="float">2.160774</roll>
                                    <tip_x sid="tip_x" type="float">0.01211094</tip_x>
                                    <tip_y sid="tip_y" type="float">0.00910896</tip_y>
                                    <tip_z sid="tip_z" type="float">-0.01154351</tip_z>
                                  </technique>
                                </extra>
                              </node>
                              <extra>
                                <technique profile="blender">
                                  <roll sid="roll" type="float">2.014239</roll>
                                  <tip_x sid="tip_x" type="float">0.01460123</tip_x>
                                  <tip_y sid="tip_y" type="float">0.009548723</tip_y>
                                  <tip_z sid="tip_z" type="float">-0.007650375</tip_z>
                                </technique>
                              </extra>
                            </node>
                            <extra>
                              <technique profile="blender">
                                <roll sid="roll" type="float">1.750254</roll>
                                <tip_x sid="tip_x" type="float">0.01679551</tip_x>
                                <tip_y sid="tip_y" type="float">0.008982956</tip_y>
                                <tip_z sid="tip_z" type="float">3.44038e-4</tip_z>
                              </technique>
                            </extra>
                          </node>
                          <node id="male_portal_player_ARM_ValveBiped_Bip01_L_Finger3" name="ValveBiped.Bip01_L_Finger3" sid="ValveBiped_Bip01_L_Finger3" type="JOINT">
                            <matrix sid="transform">0.687178 0.7082493 0.1617694 0.07510144 -0.7227856 0.6889656 0.05392283 8.91089e-4 -0.07326272 -0.1539792 0.9853543 -0.008219 0 0 0 1</matrix>
                            <node id="male_portal_player_ARM_ValveBiped_Bip01_L_Finger31" name="ValveBiped.Bip01_L_Finger31" sid="ValveBiped_Bip01_L_Finger31" type="JOINT">
                              <matrix sid="transform">0.969445 0.2452707 0.004322402 0.02931989 -0.2452683 0.9694546 -0.001093538 5.96046e-8 -0.004458576 5.58794e-9 0.9999901 -7.45058e-9 0 0 0 1</matrix>
                              <node id="male_portal_player_ARM_ValveBiped_Bip01_L_Finger32" name="ValveBiped.Bip01_L_Finger32" sid="ValveBiped_Bip01_L_Finger32" type="JOINT">
                                <matrix sid="transform">0.9086064 0.4176002 0.006687827 0.02278988 -0.4175888 0.9086308 -0.003074013 -1.19209e-7 -0.007360443 3.05474e-7 0.9999729 7.45058e-9 0 0 0 1</matrix>
                                <extra>
                                  <technique profile="blender">
                                    <roll sid="roll" type="float">2.227426</roll>
                                    <tip_x sid="tip_x" type="float">0.0145564</tip_x>
                                    <tip_y sid="tip_y" type="float">0.003757297</tip_y>
                                    <tip_z sid="tip_z" type="float">-0.01170027</tip_z>
                                  </technique>
                                </extra>
                              </node>
                              <extra>
                                <technique profile="blender">
                                  <roll sid="roll" type="float">1.867358</roll>
                                  <tip_x sid="tip_x" type="float">0.0181744</tip_x>
                                  <tip_y sid="tip_y" type="float">0.003630578</tip_y>
                                  <tip_z sid="tip_z" type="float">-0.004405736</tip_z>
                                </technique>
                              </extra>
                            </node>
                            <extra>
                              <technique profile="blender">
                                <roll sid="roll" type="float">1.65741</roll>
                                <tip_x sid="tip_x" type="float">0.01876538</tip_x>
                                <tip_y sid="tip_y" type="float">0.003270864</tip_y>
                                <tip_z sid="tip_z" type="float">2.51651e-4</tip_z>
                              </technique>
                            </extra>
                          </node>
                          <node id="male_portal_player_ARM_ValveBiped_Bip01_L_Finger2" name="ValveBiped.Bip01_L_Finger2" sid="ValveBiped_Bip01_L_Finger2" type="JOINT">
                            <matrix sid="transform">0.8319275 0.5541005 -0.02948476 0.07398438 -0.554455 0.8280189 -0.08345443 -8.90881e-4 -0.02182822 0.08577599 0.9960753 0.008218985 0 0 0 1</matrix>
                            <node id="male_portal_player_ARM_ValveBiped_Bip01_L_Finger21" name="ValveBiped.Bip01_L_Finger21" sid="ValveBiped_Bip01_L_Finger21" type="JOINT">
                              <matrix sid="transform">0.9335817 0.3583281 0.005151212 0.03275789 -0.3583226 0.9335959 -0.001977007 1.19209e-7 -0.005517572 -1.1269e-7 0.9999849 -7.45058e-9 0 0 0 1</matrix>
                              <node id="male_portal_player_ARM_ValveBiped_Bip01_L_Finger22" name="ValveBiped.Bip01_L_Finger22" sid="ValveBiped_Bip01_L_Finger22" type="JOINT">
                                <matrix sid="transform">0.9766724 0.2147141 0.00301262 0.0230349 -0.2147131 0.9766771 -6.62288e-4 0 -0.003084555 -2.04891e-8 0.9999952 7.45058e-9 0 0 0 1</matrix>
                                <extra>
                                  <technique profile="blender">
                                    <roll sid="roll" type="float">2.027878</roll>
                                    <tip_x sid="tip_x" type="float">0.0177794</tip_x>
                                    <tip_y sid="tip_y" type="float">-6.16752e-4</tip_y>
                                    <tip_z sid="tip_z" type="float">-0.00681281</tip_z>
                                  </technique>
                                </extra>
                              </node>
                              <extra>
                                <technique profile="blender">
                                  <roll sid="roll" type="float">1.799988</roll>
                                  <tip_x sid="tip_x" type="float">0.01881176</tip_x>
                                  <tip_y sid="tip_y" type="float">-9.61948e-4</tip_y>
                                  <tip_z sid="tip_z" type="float">-0.002845048</tip_z>
                                </technique>
                              </extra>
                            </node>
                            <extra>
                              <technique profile="blender">
                                <roll sid="roll" type="float">1.405025</roll>
                                <tip_x sid="tip_x" type="float">0.01855552</tip_x>
                                <tip_y sid="tip_y" type="float">-0.001399159</tip_y>
                                <tip_z sid="tip_z" type="float">0.004078805</tip_z>
                              </technique>
                            </extra>
                          </node>
                          <node id="male_portal_player_ARM_ValveBiped_Bip01_L_Finger1" name="ValveBiped.Bip01_L_Finger1" sid="ValveBiped_Bip01_L_Finger1" type="JOINT">
                            <matrix sid="transform">0.86115 0.4627126 -0.210518 0.07353047 -0.5065514 0.815878 -0.2788348 -0.002627879 0.04273657 0.3467567 0.936981 0.02538348 0 0 0 1</matrix>
                            <node id="male_portal_player_ARM_ValveBiped_Bip01_L_Finger11" name="ValveBiped.Bip01_L_Finger11" sid="ValveBiped_Bip01_L_Finger11" type="JOINT">
                              <matrix sid="transform">0.9348251 0.3550883 0.00380864 0.03275517 -0.3550853 0.9348327 -0.001446784 5.96046e-8 -0.004074164 2.51457e-8 0.9999918 0 0 0 0 1</matrix>
                              <node id="male_portal_player_ARM_ValveBiped_Bip01_L_Finger12" name="ValveBiped.Bip01_L_Finger12" sid="ValveBiped_Bip01_L_Finger12" type="JOINT">
                                <matrix sid="transform">0.970296 0.2419077 0.002518177 0.02094872 -0.2419069 0.9702993 -6.28258e-4 -2.98023e-8 -0.002595358 4.20958e-7 0.9999966 0 0 0 0 1</matrix>
                                <extra>
                                  <technique profile="blender">
                                    <roll sid="roll" type="float">2.123057</roll>
                                    <tip_x sid="tip_x" type="float">0.01712584</tip_x>
                                    <tip_y sid="tip_y" type="float">-0.005401015</tip_y>
                                    <tip_z sid="tip_z" type="float">-0.006358921</tip_z>
                                  </technique>
                                </extra>
                              </node>
                              <extra>
                                <technique profile="blender">
                                  <roll sid="roll" type="float">1.790446</roll>
                                  <tip_x sid="tip_x" type="float">0.01795488</tip_x>
                                  <tip_y sid="tip_y" type="float">-0.006093144</tip_y>
                                  <tip_z sid="tip_z" type="float">-0.001843333</tip_z>
                                </technique>
                              </extra>
                            </node>
                            <extra>
                              <technique profile="blender">
                                <roll sid="roll" type="float">1.274686</roll>
                                <tip_x sid="tip_x" type="float">0.01722794</tip_x>
                                <tip_y sid="tip_y" type="float">-0.006420493</tip_y>
                                <tip_z sid="tip_z" type="float">0.004987716</tip_z>
                              </technique>
                            </extra>
                          </node>
                          <node id="male_portal_player_ARM_ValveBiped_Bip01_L_Finger0" name="ValveBiped.Bip01_L_Finger0" sid="ValveBiped_Bip01_L_Finger0" type="JOINT">
                            <matrix sid="transform">0.5479003 0.6662962 0.505821 0.01535538 -0.5522014 -0.1661408 0.8169892 -0.006646961 0.6283942 -0.7269434 0.276901 0.02516998 0 0 0 1</matrix>
                            <node id="male_portal_player_ARM_ValveBiped_Bip01_L_Finger01" name="ValveBiped.Bip01_L_Finger01" sid="ValveBiped_Bip01_L_Finger01" type="JOINT">
                              <matrix sid="transform">0.9739754 -0.2265397 0.007194892 0.03409529 0.2265334 0.9740019 0.001673445 -4.47035e-8 -0.007386938 8.9407e-8 0.9999728 2.98023e-8 0 0 0 1</matrix>
                              <node id="male_portal_player_ARM_ValveBiped_Bip01_L_Finger02" name="ValveBiped.Bip01_L_Finger02" sid="ValveBiped_Bip01_L_Finger02" type="JOINT">
                                <matrix sid="transform">0.9348263 -0.3549494 0.01053336 0.02299338 0.3549269 0.9348855 0.003998436 0 -0.01126674 7.22706e-7 0.9999365 0 0 0 0 1</matrix>
                                <extra>
                                  <technique profile="blender">
                                    <roll sid="roll" type="float">1.355359</roll>
                                    <tip_x sid="tip_x" type="float">0.005362093</tip_x>
                                    <tip_y sid="tip_y" type="float">0.0182743</tip_y>
                                    <tip_z sid="tip_z" type="float">-4.45545e-4</tip_z>
                                  </technique>
                                </extra>
                              </node>
                              <extra>
                                <technique profile="blender">
                                  <roll sid="roll" type="float">1.394866</roll>
                                  <tip_x sid="tip_x" type="float">0.006449162</tip_x>
                                  <tip_y sid="tip_y" type="float">0.01650249</tip_y>
                                  <tip_z sid="tip_z" type="float">-0.00699836</tip_z>
                                </technique>
                              </extra>
                            </node>
                            <extra>
                              <technique profile="blender">
                                <roll sid="roll" type="float">1.42105</roll>
                                <tip_x sid="tip_x" type="float">0.006737112</tip_x>
                                <tip_y sid="tip_y" type="float">0.01424831</tip_y>
                                <tip_z sid="tip_z" type="float">-0.0107004</tip_z>
                              </technique>
                            </extra>
                          </node>
                          <extra>
                            <technique profile="blender">
                              <roll sid="roll" type="float">0.7931184</roll>
                              <tip_x sid="tip_x" type="float">0.0131579</tip_x>
                              <tip_y sid="tip_y" type="float">-1.07907e-4</tip_y>
                              <tip_z sid="tip_z" type="float">0.01377534</tip_z>
                            </technique>
                          </extra>
                        </node>
                        <node id="male_portal_player_ARM_ValveBiped_Bip01_L_Wrist" name="ValveBiped.Bip01_L_Wrist" sid="ValveBiped_Bip01_L_Wrist" type="JOINT">
                          <matrix sid="transform">1 -9.31323e-10 0 0.2187263 4.65661e-10 0.9999995 0.001004753 -5.96046e-8 8.9407e-8 -0.00100475 0.9999996 2.08616e-7 0 0 0 1</matrix>
                          <extra>
                            <technique profile="blender">
                              <roll sid="roll" type="float">0.8689743</roll>
                              <tip_x sid="tip_x" type="float">1.49906e-4</tip_x>
                              <tip_y sid="tip_y" type="float">0.01904827</tip_y>
                              <tip_z sid="tip_z" type="float">-2.06947e-4</tip_z>
                            </technique>
                          </extra>
                        </node>
                        <extra>
                          <technique profile="blender">
                            <roll sid="roll" type="float">0.8689676</roll>
                            <tip_x sid="tip_x" type="float">1.64539e-4</tip_x>
                            <tip_y sid="tip_y" type="float">0.01904827</tip_y>
                            <tip_z sid="tip_z" type="float">-1.94609e-4</tip_z>
                          </technique>
                        </extra>
                      </node>
                      <node id="male_portal_player_ARM_ValveBiped_Bip01_L_Bicep" name="ValveBiped.Bip01_L_Bicep" sid="ValveBiped_Bip01_L_Bicep" type="JOINT">
                        <matrix sid="transform">1 0 0 0.105918 -1.86265e-9 0.9999999 0 1.86265e-8 2.98023e-8 -3.72529e-9 1 -1.49012e-8 0 0 0 1</matrix>
                        <extra>
                          <technique profile="blender">
                            <roll sid="roll" type="float">0.8689676</roll>
                            <tip_x sid="tip_x" type="float">-5.77748e-4</tip_x>
                            <tip_y sid="tip_y" type="float">0.01902896</tip_y>
                            <tip_z sid="tip_z" type="float">6.83427e-4</tip_z>
                          </technique>
                        </extra>
                      </node>
                      <extra>
                        <technique profile="blender">
                          <roll sid="roll" type="float">0.8689677</roll>
                          <tip_x sid="tip_x" type="float">-5.77748e-4</tip_x>
                          <tip_y sid="tip_y" type="float">0.01902896</tip_y>
                          <tip_z sid="tip_z" type="float">6.83427e-4</tip_z>
                        </technique>
                      </extra>
                    </node>
                    <extra>
                      <technique profile="blender">
                        <roll sid="roll" type="float">0.2786573</roll>
                        <tip_x sid="tip_x" type="float">0.005341112</tip_x>
                        <tip_y sid="tip_y" type="float">-1.31406e-4</tip_y>
                        <tip_z sid="tip_z" type="float">0.01828539</tip_z>
                      </technique>
                    </extra>
                  </node>
                  <extra>
                    <technique profile="blender">
                      <roll sid="roll" type="float">1.570801</roll>
                      <tip_x sid="tip_x" type="float">0</tip_x>
                      <tip_y sid="tip_y" type="float">-0.01874595</tip_y>
                      <tip_z sid="tip_z" type="float">-0.003389835</tip_z>
                    </technique>
                  </extra>
                </node>
                <extra>
                  <technique profile="blender">
                    <roll sid="roll" type="float">1.570744</roll>
                    <tip_x sid="tip_x" type="float">0</tip_x>
                    <tip_y sid="tip_y" type="float">-0.01904779</tip_y>
                    <tip_z sid="tip_z" type="float">2.89559e-4</tip_z>
                  </technique>
                </extra>
              </node>
              <extra>
                <technique profile="blender">
                  <roll sid="roll" type="float">1.57079</roll>
                  <tip_x sid="tip_x" type="float">0</tip_x>
                  <tip_y sid="tip_y" type="float">-0.01892298</tip_y>
                  <tip_z sid="tip_z" type="float">0.002196073</tip_z>
                </technique>
              </extra>
            </node>
            <extra>
              <technique profile="blender">
                <roll sid="roll" type="float">1.570788</roll>
                <tip_x sid="tip_x" type="float">0</tip_x>
                <tip_y sid="tip_y" type="float">-0.01897895</tip_y>
                <tip_z sid="tip_z" type="float">0.001641869</tip_z>
              </technique>
            </extra>
          </node>
          <node id="male_portal_player_ARM_ValveBiped_Bip01_R_Thigh" name="ValveBiped.Bip01_R_Thigh" sid="ValveBiped_Bip01_R_Thigh" type="JOINT">
            <matrix sid="transform">-0.005217417 2.71041e-4 0.9999863 -0.07411311 -0.9986427 0.05182044 -0.005224455 5.59692e-8 -0.05182115 -0.9986562 3.65078e-7 1.33179e-7 0 0 0 1</matrix>
            <node id="male_portal_player_ARM_ValveBiped_Bip01_R_Calf" name="ValveBiped.Bip01_R_Calf" sid="ValveBiped_Bip01_R_Calf" type="JOINT">
              <matrix sid="transform">0.9994156 -0.03417958 -7.17118e-8 0.3400076 0.03417958 0.9994156 -1.73692e-7 -2.32831e-9 7.82311e-8 1.71101e-7 1 -1.49012e-8 0 0 0 1</matrix>
              <node id="male_portal_player_ARM_ValveBiped_Bip01_R_Foot" name="ValveBiped.Bip01_R_Foot" sid="ValveBiped_Bip01_R_Foot" type="JOINT">
                <matrix sid="transform">0.4782937 0.8780821 -0.01439065 0.3148061 -0.8772532 0.4769532 -0.05424448 1.11759e-8 -0.04076744 0.03856904 0.9984239 -7.45058e-9 0 0 0 1</matrix>
                <node id="male_portal_player_ARM_ValveBiped_Bip01_R_Toe0" name="ValveBiped.Bip01_R_Toe0" sid="ValveBiped_Bip01_R_Toe0" type="JOINT">
                  <matrix sid="transform">0.8340542 0.5500532 0.04236745 0.1310536 -0.5516745 0.8311684 0.06938423 -1.11759e-8 0.002950524 -0.08124325 0.9966899 7.45058e-9 0 0 0 1</matrix>
                  <extra>
                    <technique profile="blender">
                      <roll sid="roll" type="float">1.699769</roll>
                      <tip_x sid="tip_x" type="float">-0.001460969</tip_x>
                      <tip_y sid="tip_y" type="float">7.65473e-5</tip_y>
                      <tip_z sid="tip_z" type="float">-0.01899373</tip_z>
                    </technique>
                  </extra>
                </node>
                <extra>
                  <technique profile="blender">
                    <roll sid="roll" type="float">1.596073</roll>
                    <tip_x sid="tip_x" type="float">6.51747e-4</tip_x>
                    <tip_y sid="tip_y" type="float">0.01048964</tip_y>
                    <tip_z sid="tip_z" type="float">-0.01588851</tip_z>
                  </technique>
                </extra>
              </node>
              <extra>
                <technique profile="blender">
                  <roll sid="roll" type="float">1.576021</roll>
                  <tip_x sid="tip_x" type="float">8.56072e-6</tip_x>
                  <tip_y sid="tip_y" type="float">0.01897954</tip_y>
                  <tip_z sid="tip_z" type="float">0.001636803</tip_z>
                </technique>
              </extra>
            </node>
            <extra>
              <technique profile="blender">
                <roll sid="roll" type="float">1.576021</roll>
                <tip_x sid="tip_x" type="float">5.16325e-6</tip_x>
                <tip_y sid="tip_y" type="float">0.01902437</tip_y>
                <tip_z sid="tip_z" type="float">9.87172e-4</tip_z>
              </technique>
            </extra>
          </node>
          <node id="male_portal_player_ARM_ValveBiped_Bip01_L_Thigh" name="ValveBiped.Bip01_L_Thigh" sid="ValveBiped_Bip01_L_Thigh" type="JOINT">
            <matrix sid="transform">0.005215158 -2.70259e-4 0.9999864 0.07411311 -0.9986431 0.0518142 0.005222154 -6.324e-8 -0.05181491 -0.9986566 3.76254e-7 -5.68107e-8 0 0 0 1</matrix>
            <node id="male_portal_player_ARM_ValveBiped_Bip01_L_Calf" name="ValveBiped.Bip01_L_Calf" sid="ValveBiped_Bip01_L_Calf" type="JOINT">
              <matrix sid="transform">0.9994152 -0.03419521 1.60187e-7 0.3400076 0.03419523 0.9994152 1.76718e-7 -1.11759e-8 -1.6531e-7 -1.7116e-7 1 0 0 0 0 1</matrix>
              <node id="male_portal_player_ARM_ValveBiped_Bip01_L_Foot" name="ValveBiped.Bip01_L_Foot" sid="ValveBiped_Bip01_L_Foot" type="JOINT">
                <matrix sid="transform">0.4782866 0.8781896 0.004997063 0.314806 -0.877257 0.477499 0.04914264 -4.69387e-7 0.04077046 -0.02788798 0.9987793 7.45058e-9 0 0 0 1</matrix>
                <node id="male_portal_player_ARM_ValveBiped_Bip01_L_Toe0" name="ValveBiped.Bip01_L_Toe0" sid="ValveBiped_Bip01_L_Toe0" type="JOINT">
                  <matrix sid="transform">0.8340547 0.5516794 0.001565984 0.1310536 -0.5516738 0.8340243 0.007715846 1.11759e-7 0.002950618 -0.007299353 0.9999691 0 0 0 0 1</matrix>
                  <extra>
                    <technique profile="blender">
                      <roll sid="roll" type="float">1.521271</roll>
                      <tip_x sid="tip_x" type="float">-5.40167e-5</tip_x>
                      <tip_y sid="tip_y" type="float">-2.80887e-6</tip_y>
                      <tip_z sid="tip_z" type="float">-0.01904988</tip_z>
                    </technique>
                  </extra>
                </node>
                <extra>
                  <technique profile="blender">
                    <roll sid="roll" type="float">1.539775</roll>
                    <tip_x sid="tip_x" type="float">-4.48301e-4</tip_x>
                    <tip_y sid="tip_y" type="float">0.01050031</tip_y>
                    <tip_z sid="tip_z" type="float">-0.01588845</tip_z>
                  </technique>
                </extra>
              </node>
              <extra>
                <technique profile="blender">
                  <roll sid="roll" type="float">1.565574</roll>
                  <tip_x sid="tip_x" type="float">-8.54582e-6</tip_x>
                  <tip_y sid="tip_y" type="float">0.01897948</tip_y>
                  <tip_z sid="tip_z" type="float">0.001636981</tip_z>
                </technique>
              </extra>
            </node>
            <extra>
              <technique profile="blender">
                <roll sid="roll" type="float">1.565574</roll>
                <tip_x sid="tip_x" type="float">-5.14835e-6</tip_x>
                <tip_y sid="tip_y" type="float">0.01902437</tip_y>
                <tip_z sid="tip_z" type="float">9.87053e-4</tip_z>
              </technique>
            </extra>
          </node>
          <extra>
            <technique profile="blender">
              <tip_x sid="tip_x" type="float">0</tip_x>
              <tip_y sid="tip_y" type="float">0</tip_y>
              <tip_z sid="tip_z" type="float">0.01905059</tip_z>
            </technique>
          </extra>
        </node>
        <node id="portal_player_reference_smd" name="portal_player_reference.smd" type="NODE">
          <matrix sid="transform">1 0 0 0 0 1 0 0 0 0 1 0 0 0 0 1</matrix>
          <instance_controller url="#male_portal_player_ARM_portal_player_reference_smd-skin">
            <skeleton>#male_portal_player_ARM_ValveBiped_Bip01_Pelvis</skeleton>
            <bind_material>
              <technique_common>
                <instance_material symbol="portal_player_sheet-material" target="#portal_player_sheet-material">
                  <bind_vertex_input semantic="UVMap" input_semantic="TEXCOORD" input_set="0"/>
                </instance_material>
              </technique_common>
            </bind_material>
          </instance_controller>
        </node>
      </node>
    </visual_scene>
  </library_visual_scenes>
  <scene>
    <instance_visual_scene url="#Scene"/>
  </scene>
</COLLADA>